Judul,Deskripsi,Genre,"SOLD SHOPEE 
(SELAIN PERKANTAS)","SOLD TOKOPEDIA
(SELAIN PERKANTAS)"
2084,"Anda tidak harus menjadi ilmuwan komputer untuk terlibat dalam diskusi tentang ke mana arah kecerdasan buatan dan teknologi. Apa yang akan terjadi pada tahun 2084 bagi Anda, bagi teman-teman Anda, bagi keluarga Anda, dan bagi masyarakat kita? Apakah kita ditakdirkan untuk mengalami distopia suram seperti yang dibayangkan dalam novel 1984 karya George Orwell? Pada tahun 2084, ilmuwan dan filsuf John Lennox akan memperkenalkan Anda pada kaleidoskop gagasan: perkembangan utama dalam peningkatan teknologi, bioteknologi, dan khususnya, kecerdasan buatan. Anda akan menemukan kapasitas AI saat ini, kelebihan dan kekurangannya, fakta dan fiksi, serta potensi implikasinya di masa mendatang. Pertanyaan-pertanyaan yang diajukan oleh AI terbuka bagi kita semua. Dan pertanyaan-pertanyaan itu menuntut jawaban. Sebuah buku yang ditulis untuk menantang semua pembaca, apa pun pandangan dunia Anda, 2084 menunjukkan bagaimana pandangan dunia Kristen, jika dipahami dengan benar, dapat memberikan jawaban yang kredibel dan berbasis bukti yang akan memberi Anda harapan nyata bagi masa depan umat manusia.","Apologetika, Doktrin dan Teologi",163,154
1&2 TESALONIKA,"Sama seperti banyak jemaat masa kini, jemaat Tesalonika yang masih muda bergumul menghadapi kebimbangan, dosa, pengajaran palsu, dan penganiayaan. Galilah dalam-dalam surat-surat Paulus kepada jemaat Tesalonika, supaya Anda memperoleh dorongan semangat untuk terus bertekun dalam masa-masa sulit. Temukan bagaimana Anda dapat menjalani hidup kudus, beriman teguh, dan memegang erat pengajaran yang benar dalam pengharapan akan kedatangan Kristus kembali",Bahan Pendalaman Alkitab (PA),30,2
10 PERTANYAAN YANG HARUS DITANYAKAN (DAN DIJAWAB) OLEH SETIAP REMAJA TENTANG KEKRISTENAN,"Bagaimana kita bisa percaya Alkitab itu benar? Mengapa kita tidak bisa sepakat bahwa kasih adalah kasih? Bukankah Kekristenan menentang keberagaman? Bukankah sains membantah Kekristenan? Remaja masa kini dihadapkan pada pertanyaan-pertanyaan yang menantang di setiap kesempatan. Dan apa yang mereka yakini tentang Alkitab, Tuhan, kebenaran, dan dunia di sekitar mereka sangatlah penting. Ditulis oleh penulis Rebecca McLaughlin dan didukung oleh riset mutakhir, kisah nyata, ilustrasi dari Harry Potter, dan eksplorasi Alkitab yang cermat, buku ini tidak menghindar dari pertanyaan-pertanyaan sulit. Sebaliknya, buku ini mengajak remaja untuk mengajukan pertanyaan-pertanyaan tersulit mereka tentang Kekristenan agar mereka dapat menemukan jawaban yang memberi hidup.","Apologetika, Pelayanan Kaum Muda",10,51
2 TIMOTIUS PA: BERDIRI TEGUH DALAM KEBENARAN,"Surat Paulus yang terakhir kepada Timotius berisi pesan penuh kasih, dorongan, dan peringatan untuk tetap teguh dalam kebenaran Injil di tengah tantangan besar. Bahan PA ini mengajak pembaca mendalami bagaimana seorang hamba Tuhan dipanggil untuk hidup setia, menolak ajaran sesat, serta memberitakan firman dengan berani. Melalui perenungan surat 2 Timotius, setiap orang percaya dikuatkan untuk berdiri teguh dalam iman sampai akhir.",Bahan Pendalaman Alkitab (PA),10,88
7 MYTHS ABOUT SINGLENESS,"Banyak orang memandang hidup lajang sebagai masalah yang harus diselesaikan, namun Alkitab menyingkapkan pandangan yang berbeda. Dalam buku ini, Sam Allberry membongkar tujuh mitos populer tentang hidup melajang, mulai dari anggapan bahwa kebahagiaan sejati hanya ada dalam pernikahan, hingga pandangan keliru bahwa orang lajang tidak lengkap. Dengan gaya yang hangat dan penuh pengharapan, penulis menunjukkan bahwa hidup lajang bukanlah keadaan yang lebih rendah, melainkan kesempatan untuk mengasihi Tuhan dan melayani sesama dengan cara yang unik.","Lajang, Pacaran dan Pernikahan",36,64
A LIFELONG LOVE,"Pernikahan bukan sekadar kebahagiaan sementara, melainkan sebuah panggilan untuk mengasihi dengan setia sepanjang hidup. Dalam A Lifelong Love, Gary Thomas menolong pasangan suami istri melihat pernikahan sebagai ibadah dan sarana untuk mendekatkan diri kepada Allah. Buku ini penuh dengan kisah nyata, prinsip Alkitabiah, serta nasihat praktis yang menolong setiap pasangan membangun hubungan yang bertahan lama, sehat, dan penuh kasih.",Pacaran dan Pernikahan,7,9
A MEAL WITH JESUS,"Dalam Injil, Yesus sering kali hadir dalam perjamuan, menggunakan meja makan sebagai tempat mengajar, melayani, dan menyatakan kasih Allah. Melalui A Meal with Jesus, Tim Chester menunjukkan bagaimana makanan dan perjamuan menjadi sarana misi, persekutuan, dan pengharapan. Buku ini menolong pembaca memahami bahwa momen sederhana seperti makan bersama dapat dipakai Allah untuk menyatakan Injil dan menghadirkan Kerajaan-Nya di tengah dunia.","Gereja dan Ibadah, Bahan Pendalaman Alkitab (PA)",0,1
"AHA-KESADARAN,KEJUJURAN,TINDAKAN","Setiap orang membutuhkan momen 'AHA', yaitu saat kesadaran akan kebenaran menembus hati, kejujuran menyingkapkan kondisi diri, dan tindakan nyata membawa perubahan hidup. Dengan mengacu pada kisah anak yang hilang, Kyle Idleman menjelaskan tiga elemen penting yang memimpin pada pertobatan sejati: kesadaran, kejujuran, dan tindakan. Buku ini menginspirasi pembaca untuk tidak hanya sekadar mengetahui firman, tetapi benar-benar menghidupinya.","Spiritualias, Motivasi",73,30
AKU DAN SEISI RUMAHKU,"Menekankan pentingnya membangun iman dalam keluarga. Didorong bahwa setiap rumah tangga Kristen dipanggil untuk menjadi tempat di mana kasih Allah dihidupi setiap hari. Orang tua berperan sebagai teladan rohani, mendidik anak dengan firman, doa, dan kasih yang konsisten. Dalam keseharian, keluarga Kristen diajak menjadi saksi di tengah masyarakat, sehingga rumah tangga benar-benar menjadi altar penyembahan yang menyatakan kemuliaan Allah.",Relasi Keluarga,0,9
AMSAL PA,"Kitab Amsal menyajikan hikmat praktis yang menuntun umat Tuhan dalam menjalani kehidupan sehari-hari. Melalui pendalaman Alkitab ini, peserta diajak merenungkan nilai-nilai seperti takut akan Tuhan, pentingnya menjaga lidah, disiplin dalam bekerja, kesetiaan dalam persahabatan, serta bijaksana dalam mengambil keputusan. Setiap perikop dibuka dengan refleksi, pertanyaan diskusi, dan aplikasi yang menolong orang percaya menerapkan hikmat Alkitab di dunia nyata. Amsal menjadi panduan praktis untuk hidup saleh yang berdampak pada keluarga, pekerjaan, maupun masyarakat.",Bahan Pendalaman Alkitab (PA),15,136
ANAKKU KARUNIA TUHAN,"Menggarisbawahi bahwa anak bukan sekadar amanat biologis, melainkan anugerah ilahi yang dipercayakan kepada orang tua. Anak dipandang sebagai pribadi yang bernilai, berharga di hadapan Allah, dan membutuhkan bimbingan rohani sejak dini. Disoroti pula tanggung jawab orang tua dalam mendidik anak dengan kasih, doa, teladan iman, dan disiplin yang sehat. Penekanan diberikan bahwa pola asuh Kristen tidak hanya membentuk moral, tetapi juga mengarahkan anak kepada Kristus sebagai dasar hidupnya.",Relasi Keluarga,0,5
ANALOG CHURCH,"Di tengah dunia digital yang serba cepat, gereja berhadapan dengan godaan untuk meniru budaya teknologi. Dalam Analog Church, Jay Y. Kim mengingatkan bahwa gereja sejati dipanggil untuk hadir secara nyata, dengan firman yang dikhotbahkan, sakramen yang dirayakan, dan komunitas yang dibangun lewat kehadiran fisik. Buku ini menolong jemaat melihat kembali keunikan gereja sebagai tubuh Kristus yang hidup di era digital.","Gereja dan Ibadah, Analisis Budaya",42,104
ANDA TAK AKAN SULIT TIDUR LAGI,"Didedikasikan bagi mereka yang bergumul dengan insomnia, kecemasan, dan ketegangan hidup modern. Melalui pendekatan psikologis dan spiritual, dijelaskan faktor-faktor yang memengaruhi kualitas tidur, serta bagaimana pola hidup sehat dapat memulihkan ritme tubuh. Disertakan pula refleksi rohani yang mengarahkan pembaca untuk menemukan damai sejahtera Allah sebagai dasar ketenangan batin. Tidur tidak lagi dipandang sekadar kebutuhan biologis, melainkan anugerah Tuhan yang memulihkan jiwa dan raga.","Psikologi, Doa dan Kontemplasi",0,21
APAKAH ALLAH ADA?,"Pertanyaan tentang keberadaan Allah adalah salah satu isu terbesar sepanjang masa. Dalam buku ini, John Blanchard menjawab dengan argumen yang logis, bukti ilmiah, dan dasar Alkitab, sehingga pembaca diajak menimbang dengan serius realitas Allah. Buku ini singkat, jelas, dan cocok bagi siapa pun yang sedang mencari kebenaran atau meragukan iman.","Apologetika, Agama, Sains dan Filosofi",11,18
APAKAH MALAIKAT ITU NYATA,"Malaikat dipaparkan bukan sekadar mitos atau imajinasi, melainkan makhluk rohani ciptaan Allah yang hadir dalam sejarah penebusan. Dari kisah Alkitab, malaikat diperlihatkan sebagai utusan Allah, pelindung umat-Nya, dan pelayan yang melaksanakan kehendak-Nya. Pemaparan disertai dengan klarifikasi terhadap pandangan keliru yang berkembang dalam budaya populer. Dengan demikian, iman dikuatkan bahwa realitas malaikat menunjuk pada kuasa Allah yang senantiasa hadir dan bekerja di tengah dunia.",Doktrin dan Teologi,0,1
ARSITEK IBADAH,"Ibadah yang berkenan kepada Allah bukan hanya soal musik atau liturgi, melainkan rancangan yang sesuai dengan firman Tuhan. Buku ini menolong para pemimpin, pelayan, dan jemaat untuk memahami prinsip-prinsip penting dalam membangun ibadah yang alkitabiah, relevan, dan penuh makna bagi umat Tuhan.","Gereja dan Ibadah, Penyembahan Allah",52,98
BACKGROUNDS OF EARLY CHRISTIANITY,"Salah satu karya klasik yang menyajikan gambaran menyeluruh tentang konteks dunia tempat kekristenan mula-mula bertumbuh. Everett Ferguson menelusuri latar belakang historis, sosial, politik, agama, dan budaya dunia Yunani-Romawi serta Yudaisme pada abad pertama. Uraian meliputi filsafat Helenistik, praktik keagamaan pagan, kehidupan sosial dan politik Kekaisaran Romawi, hingga tradisi Yahudi yang membentuk kerangka pemikiran para rasul. Dengan gaya akademis yang mendalam tetapi tetap dapat diakses oleh mahasiswa teologi dan pembaca serius, karya ini memperlihatkan bagaimana Injil diberitakan dan diterima dalam dunia kuno. Konteks yang kaya ini menolong pembaca memahami mengapa pesan Kristus terdengar begitu revolusioner, sekaligus meneguhkan iman kepada Injil yang melampaui zaman.",Doktrin dan Teologi,58,85
BAGAIMANA BERDIALOG DENGAN SAKSI-SAKSI YEHUWA,"Panduan praktis untuk orang Kristen yang sering berhadapan dengan ajaran Saksi-Saksi Yehuwa. Disajikan penjelasan mengenai pokok-pokok doktrin yang membedakan mereka dari iman Kristen ortodoks, seperti pandangan tentang Yesus, Tritunggal, keselamatan, dan otoritas Alkitab. Selain itu, diberikan pula cara-cara berdialog yang penuh kasih namun tegas, dengan dasar firman Tuhan yang jelas. Tujuannya bukan untuk berdebat demi kemenangan argumen, melainkan untuk menolong orang percaya memberikan pertanggungjawaban iman dengan rendah hati, sekaligus membuka jalan agar lawan bicara mengenal kebenaran Injil yang sejati.",Apologetika,3,27
BAGAIMANA KRISTEN BERPACARAN,"Keputusan memilih teman hidup dianggap sebagai keputusan paling penting setelah memutuskan untuk mengikuti Tuhan Yesus, karena dampaknya seumur hidup terhadap seluruh aspek kehidupan. Proses memilih bukanlah sesuatu yang gampang dan tidak layak diperlakukan ringan. Enam langkah menggumuli teman hidup diawali sebelum memasuki tahap pacaran; kemudian diberikan petunjuk prinsip serta panduan praktis bagaimana menjalani masa pacaran yang sesuai iman Kristen, penuh tantangan dan risiko, sebagai persiapan menuju pernikahan yang memuliakan Tuhan. Keberhasilan atau kegagalan dalam memilih pasangan sangat memengaruhi kebahagiaan dan kehancuran seseorang, maka pemilihan yang sepadan dan melalui pimpinan Tuhan sangat ditekankan.","Pacaran dan Pernikahan, Lajang, Pacaran dan Pernikahan",223,89
BAHAN PA : ESTER,"Kitab Ester menghadirkan kisah keberanian dan iman seorang wanita Yahudi yang dipakai Allah untuk menyelamatkan bangsanya dari ancaman pemusnahan. Materi Pendalaman Alkitab ini menolong jemaat atau kelompok kecil melihat bagaimana tangan Tuhan bekerja di balik peristiwa sejarah, meskipun nama-Nya tidak pernah disebut. Melalui kisah Esther dan Mordekhai, peserta diajak merenungkan pentingnya keberanian, doa, dan kesetiaan pada panggilan Tuhan dalam menghadapi situasi sulit.",Bahan Pendalaman Alkitab (PA),68,103
BAHAN PA : MENCARI KEHENDAK TUHAN,"Pertanyaan tentang bagaimana mengenali kehendak Allah sering muncul dalam kehidupan iman. Materi pendalaman ini menyajikan dasar-dasar Alkitabiah mengenai cara Allah menuntun umat-Nya, mulai dari firman-Nya, doa, hingga hikmat rohani. Peserta diajak berdiskusi, menemukan prinsip praktis, serta belajar membedakan suara Tuhan di tengah banyak pilihan hidup. Tujuannya agar orang percaya semakin peka dan rela taat pada kehendak Allah.","Pengambilan Keputusan, Bahan Pendalaman Alkitab (PA)",416,297
BANGKIT MEMANDU BANGSA,"Karya ini merupakan seruan agar umat Kristen di Indonesia tidak terjebak dalam sikap pasif, melainkan bangkit mengambil peran dalam kehidupan berbangsa. Dengan menyinggung konteks sosial, politik, dan moral bangsa, Eka Darmaputera menekankan pentingnya kepemimpinan yang berintegritas serta partisipasi aktif warga gereja dalam memandu arah masyarakat. Refleksi teologis dipadukan dengan keprihatinan sosial, menghadirkan panduan bagi umat Tuhan untuk menjadi garam dan terang di tengah bangsa yang terus bergumul dengan tantangan zaman.","Kepemimpinan, Analisis Budaya",0,12
BECOMING LIKE JESUS (MENJADI SERUPA YESUS),"Perjalanan rohani digambarkan sebagai proses yang terus-menerus untuk mendekatkan diri kepada Tuhan dan mengikuti teladan-Nya. Penulis mengajak pembaca mendalami ajaran Yesus, mengembangkan sifat-sifat seperti kesabaran, kasih, doa, serta kesadaran akan kekurangan diri dan pertobatan. Judul-judul bab dalam daftar isi menunjukkan penekanan pada kehidupan nyata: menerapkan ajaran Yesus dalam perkataan, tindakan, rasa, dan menghadapi penderitaan dengan iman. Tujuannya agar iman praktis makin nyata dalam kehidupan sehari-hari.","Pemuridan, Kekudusan",28,60
BEJANA-BEJANA RETAK,"Kerapuhan manusia digambarkan sebagai bejana tanah liat yang retak, namun justru di dalam kelemahan itulah kuasa Allah dinyatakan. Refleksi dalam tulisan ini menuntun pembaca melihat bagaimana penderitaan, kegagalan, dan luka batin tidak menjadi alasan untuk berhenti melayani, melainkan sarana bagi anugerah Tuhan untuk bekerja. Dari pengalaman tokoh-tokoh Alkitab dan kesaksian nyata, tersirat pesan bahwa Allah memakai orang biasa dengan segala keterbatasannya untuk tujuan yang mulia.","Penderitaan, Inspiratif",329,87
BEKERJA TANPA KEHILANGAN VISI,"Dunia kerja sering menyita energi, waktu, dan perhatian hingga orang percaya kehilangan arah rohani. Melalui pembahasan yang praktis, karya ini menolong pembaca menemukan kembali panggilan Allah dalam pekerjaan sehari-hari. Produktivitas, etika, dan relasi profesional dipandang bukan sekadar urusan duniawi, melainkan bagian dari ibadah yang memuliakan Tuhan. Pesannya jelas: bekerja seharusnya tidak membuat kehilangan visi, tetapi menjadi ladang kesaksian yang hidup.",Pekerjaan dan Panggilan Hidup,252,129
BERDAMAI DGN SALIB,"Salib Kristus adalah pusat iman Kristen, tetapi tidak jarang dipandang hanya sebagai simbol penderitaan atau pengampunan pribadi. Refleksi ini mengajak pembaca memahami makna salib secara lebih dalam: salib adalah panggilan untuk mengampuni, berdamai dengan diri sendiri, dengan sesama, dan dengan Allah. Dari sana lahir pengharapan baru, hidup yang dipulihkan, serta keberanian untuk mengikut Kristus dengan kerelaan memikul salib setiap hari.","Penebusan dan Pengampunan, Doktrin dan Teologi",0,1
BERDISKUSI DARI ALKITAB DENGAN SAKSI-SAKSI YEHUWA,"Pertemuan dengan Saksi-Saksi Yehowa sering menimbulkan kebingungan bagi orang Kristen. Panduan ini menyajikan cara berdiskusi yang sehat, berakar pada Alkitab, sekaligus penuh kasih. Fokus utamanya bukan memenangkan debat, melainkan memberikan kesaksian yang jelas mengenai siapa Kristus, keselamatan, dan kebenaran firman Tuhan. Dengan pendekatan apologetika yang sederhana, pembaca dibekali jawaban praktis dan sikap bijak dalam menghadapi perbedaan keyakinan.",Apologetika,10,30
BERIBADAH SEPERTI YESUS,"Ibadah sering dipandang sebagai rutinitas, tetapi teladan Yesus menunjukkan dimensi yang jauh lebih dalam. Melalui doa, firman, persekutuan, dan pelayanan, Yesus menunjukkan pola penyembahan yang menyentuh seluruh aspek hidup. Refleksi ini menolong jemaat untuk memperbarui cara memandang ibadah: bukan sekadar kegiatan di gereja, melainkan gaya hidup yang meniru Kristus, memuliakan Allah, dan menjangkau sesama.","Penyembahan Allah, Pemuridan",0,19
BERJUMPA DENGAN YESUS,"Pengalaman berjumpa dengan Kristus selalu membawa perubahan radikal. Dari kisah-kisah Injil hingga kesaksian masa kini, setiap pertemuan dengan Yesus menyingkapkan kasih, pengampunan, dan kuasa yang mentransformasi hidup. Penjelasan ini menekankan bahwa iman Kristen bukan hanya soal doktrin, tetapi relasi pribadi dengan Juruselamat yang hidup. Undangan untuk mengenal Yesus lebih dekat menjadi benang merah yang menuntun pembaca kepada iman yang segar.","Pemuridan, Inspiratif",23,10
BERTEOLOGI ABAD XXI,"Zaman modern menghadirkan tantangan baru: pluralisme, globalisasi, teknologi, hingga isu-isu etis yang kompleks. Teologi tidak bisa tinggal di menara gading, melainkan harus bergumul dengan realitas abad ke-21. Melalui refleksi kontekstual, pembaca diajak memahami bagaimana iman Kristen relevan di tengah dunia yang berubah. Penekanan pada kesetiaan kepada firman Allah sekaligus keterbukaan terhadap dialog lintas budaya menjadikan karya ini relevan bagi gereja masa kini.","Doktrin dan Teologi, Analisis Budaya",0,21
BEYOND THE MIRACLES,"Mukjizat sering menjadi daya tarik dalam pelayanan Yesus, tetapi lebih dari sekadar peristiwa supranatural, mukjizat menyingkapkan siapa Dia sebenarnya. Penekanan dalam karya ini adalah bahwa tanda-tanda ajaib tidak dimaksudkan untuk menghibur rasa ingin tahu, melainkan mengarahkan orang pada iman dan ketaatan. Fokus dialihkan dari keajaiban itu sendiri kepada pribadi Kristus, sumber segala kuasa dan keselamatan.","Doktrin dan Teologi, Bahan Pendalaman Alkitab (PA)",59,537
BIJAK MENJADI ORANG TUA,"Tantangan mendidik anak semakin kompleks di era modern. Panduan ini menyajikan prinsip Alkitabiah yang dapat diterapkan dalam kehidupan keluarga sehari-hari: menanamkan iman, memberi teladan, membangun komunikasi, serta mendisiplinkan dengan kasih. Dengan pendekatan praktis, orang tua didorong untuk tidak hanya membesarkan anak secara jasmani, tetapi juga membentuk karakter rohani agar mereka bertumbuh menjadi pribadi yang takut akan Tuhan.",Relasi Keluarga,64,104
BLOCK NOTE,"Kumpulan renungan singkat ini ditata layaknya catatan harian yang bisa menemani pembaca merenungkan firman Tuhan di tengah kesibukan. Setiap tulisan sederhana namun menyoroti aspek-aspek hidup sehari-hari, sehingga membantu pembaca membawa firman ke dalam rutinitas nyata. Catatan-catatan tersebut berfungsi sebagai pengingat bahwa Tuhan hadir dalam hal-hal kecil sekalipun.",Non-Fiksi,26,23
BOUNDARIES IN DATING,"Hubungan pacaran bisa menjadi indah sekaligus penuh risiko. Cloud dan Townsend mengajarkan pentingnya batasan sehat yang melindungi dari luka emosional, fisik, maupun rohani. Dengan contoh nyata, keduanya menjelaskan bagaimana mengembangkan kedewasaan pribadi, memilih pasangan yang tepat, serta menjaga relasi tetap sehat. Prinsip-prinsipnya menolong pasangan menjadikan pacaran sebagai persiapan yang matang menuju pernikahan yang berkenan pada Tuhan.","Lajang, Pacaran dan Pernikahan",197,228
BUAH ROH,"Hidup yang dipenuhi Roh Kudus ditandai dengan buah: kasih, sukacita, damai sejahtera, kesabaran, kemurahan, kebaikan, kesetiaan, kelemahlembutan, dan penguasaan diri. Refleksi ini menggali setiap aspek buah Roh secara praktis, menolong pembaca melihat bagaimana karakter Kristus dapat nyata dalam diri orang percaya. Penekanannya bukan pada usaha manusia semata, melainkan pada penyerahan diri agar Roh Kudus menghasilkan transformasi sejati.","Kekudusan, Spiritualias",158,22
BUKAN SEKADAR KATA-KATA,"Firman Allah memiliki kuasa yang nyata, bukan hanya kumpulan kalimat indah. Refleksi dalam karya ini menantang pembaca untuk tidak berhenti pada pengetahuan intelektual, melainkan membiarkan firman itu hidup, bekerja, dan mengubah perilaku sehari-hari. Kehidupan Kristen yang autentik teruji bukan lewat ucapan, melainkan lewat kesaksian nyata yang berdampak pada orang lain.","Inspiratif, Motivasi",56,83
BULUH TERKULAI,"Mengacu pada nubuat Yesaya dan penggenapannya dalam pelayanan Yesus, karya ini mengangkat penghiburan bagi mereka yang lemah, hancur, atau merasa tidak berdaya. Allah digambarkan tidak mematahkan buluh yang terkulai, melainkan memulihkan dengan kasih. Pesannya penuh harapan: di dalam Kristus, ada kekuatan baru bagi yang rapuh dan jalan pemulihan bagi yang patah hati.","Penderitaan, Pastoral",0,2
BUSYNESS,"Kesibukan sering dianggap sebagai tanda keberhasilan, tetapi bisa menjadi jebakan yang menjauhkan dari relasi dengan Allah dan sesama. Refleksi ini menolong pembaca mengenali bahaya hidup yang terlalu sibuk, menata prioritas, dan menemukan kembali ritme yang sehat. Kehidupan rohani yang seimbang di tengah aktivitas padat menjadi ajakan utama.","Manajemen Waktu, Spiritualias",216,93
CALLED,"Panggilan Allah bukan hanya untuk para rohaniwan, melainkan untuk setiap orang percaya. Refleksi ini mengajak pembaca menyadari bahwa pekerjaan, talenta, dan kesempatan hidup adalah bagian dari panggilan Tuhan. Menemukan dan menjalani panggilan berarti hidup dengan tujuan, memberi dampak, dan setia pada misi yang dipercayakan Allah.",Pekerjaan dan Panggilan Hidup,0,4
CERITA BERGAMBAR PL 1,"Menyajikan kisah-kisah Perjanjian Lama dengan ilustrasi bergambar yang menarik, memudahkan anak-anak memahami narasi besar Alkitab. Cerita-cerita seperti penciptaan, Nuh, Abraham, Musa, dan Daud disajikan dalam bahasa sederhana yang mudah dipahami, sekaligus menekankan pesan iman yang mendalam. Visualisasi memperkuat daya tangkap anak, sehingga mereka dapat belajar mengenal Allah sejak dini dengan cara yang menyenangkan.",Bahan Pendalaman Alkitab (PA),12,26
CERITA BERGAMBAR PL2,"Melanjutkan kisah-kisah Perjanjian Lama dengan fokus pada tokoh dan peristiwa berikutnya dalam sejarah Israel. Penyajian tetap bergaya sederhana, interaktif, dan penuh warna, sehingga membantu anak-anak meresapi pesan iman dengan mudah. Diharapkan sejak kecil anak terbiasa mengenal firman Tuhan, memahami kasih setia Allah, dan belajar meneladani tokoh iman yang taat kepada-Nya.",Bahan Pendalaman Alkitab (PA),11,24
CHERISH (MENYAYANGI),"Gary Thomas menyoroti bahwa pernikahan tidak hanya bertahan dengan komitmen, tetapi juga berkembang melalui sikap saling menyayangi. Ia menekankan pentingnya memperlakukan pasangan sebagai pribadi yang berharga, memperlihatkan kasih dalam tindakan sehari-hari, dan merawat hubungan dengan penghargaan tulus. Dengan contoh nyata, pasangan suami-istri didorong untuk menghidupi kasih yang bertahan seumur hidup.",Pacaran dan Pernikahan,0,55
CHOOSE THE LIFE (MEMILIH HIDUP SERUPA YESUS),"Mengikut Yesus berarti lebih dari sekadar percaya; itu adalah panggilan untuk meneladani cara hidup-Nya. Bill Hull menekankan disiplin rohani, ketaatan, dan perubahan gaya hidup sebagai jalan menuju kedewasaan iman. Fokusnya pada pemuridan yang praktis, menolong orang percaya memilih kehidupan yang benar-benar mencerminkan Kristus.","Pemuridan, Kekudusan",0,10
CHRIST THE CONTROVERSIALIST,"Yesus tidak hanya dikenal sebagai Guru yang penuh kasih, tetapi juga pribadi yang sering menimbulkan kontroversi. John Stott mengulas bagaimana Yesus berhadapan dengan para pemimpin agama, menantang kemunafikan, serta menyingkapkan kebenaran dengan keberanian. Dari sana terlihat bahwa Injil memang mengandung aspek konfrontatif yang menuntut keputusan: menerima atau menolak Kristus.","Doktrin dan Teologi, Bahan Pendalaman Alkitab (PA)",0,1
CHRISTIAN WORLD VIEW,"Pandangan dunia Kristen adalah kerangka berpikir yang memandang seluruh realitas dari perspektif iman kepada Kristus. Refleksi ini mengupas dasar-dasar seperti penciptaan, kejatuhan, penebusan, dan pemulihan, serta implikasinya bagi kehidupan pribadi maupun sosial. Dengan pemahaman yang kokoh, orang percaya dapat menilai isu-isu kontemporer dan hidup konsisten sesuai iman Kristen di tengah dunia yang plural.","Doktrin dan Teologi, Apologetika",0,136
CINTA ROMANTIS CINTA REALISTIS,"Barangkali Anda berpikir sudah mengenal pasangan Anda dengan baik. Namun, sejauh mana Anda benar-benar mengenal dia? Tahukah Anda ambisi jangka panjangnya? Apakah Anda tahu bagaimana dia mengatur keuangan? Apa filosofinya tentang pendidikan anak? Atau. Bagaimana Anda membicarakan hubungan intim? Dan. Jika ada hal-hal yang tidak Anda setuju. Bagaimana Anda akan menyelesaikan perbedaan-perbedaan itu? Cinta Romantis, Cinta Realistis mempersiapkan Anda berdua untuk memasuki suatu fase yang lebih serius. Lima belas bahan diskusi ini akan mendorong Anda untuk berkomunikasi secara terbuka sehingga baik di dalam maupun melalui kehidupan pernikahan Anda. Shalom. Allah dinyatakan.",Pacaran dan Pernikahan,343,153
COLD CASE,"Jim Wallace adalah seorang ateis pemarah bertahun-tahun lalu. Kini, ia adalah salah satu dari penginjil-penginjil yang paling bijaksana dan memesona yang pernah saya kenal. Cold-Case Christianity berisi wawasan-wawasan untuk dibagikan pada kaum skeptis, buku yang sekaligus memberi Anda keberanian untuk mendiskusikannya dengan mereka.",Apologetika,51,92
CONFRONTING CHRISTIANITY,"Kemerosotan Agama-Agama di Dunia Modern Terbukti Hanyalah Mitos. Kekristenan adalah sistem kepercayaan global yang paling menyebar luas dan diyakini akan terus begitu di masa depan. Namun, bagi banyak orang terpelajar, agama yang bersandar pada Alkitab ini adalah sebuah gagasan yang berbahaya. Maka mereka berusaha menantang beberapa keyakinan mendasar orang Kristen. Dengan menggunakan berbagai riset termutakhir, beragam kisah pribadi, dan penyelidikan Alkitab secara cermat, Confronting Christianity membahas 12 pertanyaan yang selama ini membuat banyak orang menjadi ragu untuk meyakini iman Kristen. McLaughlin berpendapat, bila kita mencermati lebih dekat maka realitas penderitaan, kerumitan persoalan seksualitas, keberhasilan ilmu pengetahuan, dan beberapa tantangan iman lainnya, sesungguhnya merupakan tanda penunjuk. Yesus bukanlah sisa-sisa peninggalan dunia kuno, tetapi justru pengharapan terbaik yang dimiliki dunia.",Apologetika,75,84
COUNTERFEIT GODS,"Kesuksesan, uang, cinta sejati, dan kehidupan yang selalu Anda rindukan. Sebagian besar dari kita meletakkan iman kita dalam hal-hal tersebut, kita percaya bahwa hal-hal tersebut bisa membawa kita kepada kebahagiaan. Keruntuhan ekonomi yang terjadi belakangan ini telah menghancurkan berbagai impian yang telah dibangun. Dalam hitungan bulan, kekayaan, pernikahan, karir, dan pensiun yang nyaman telah hilang dari hadapan jutaan orang. Tidak heran banyak dari kita yang merasa terhilang, kesepian, putus asa, dan marah. Sesungguhnya kita telah membuat hal-hal yang baik menjadi allah-allah kecil kita --- allah-allah yang tidak bisa memberi apa yang sebenarnya kita butuhkan. Hanya ada satu Allah yang bisa sepenuhnya memenuhi kebutuhan kita --- dan sekarang adalah waktu yang paling baik untuk bertemu dengan Dia kembali, atau mungkin untuk pertama kalinya. Alkitab berkata bahwa hati manusia adalah pabrik berhala, membuat hal-hal baik menjadi berhala yang mengatur kita. Keller menerapkan pendekatan khasnya untuk menunjukkan kita bagaimana pemahaman yang tepat terhadap Alkitab bisa menyingkapkan kebenaran dari iman kita dan kerinduan hati kita terdalam. Pesan yang berkuasa ini akan memperkuat reputasi Keller sebagai seorang pendeta dan pemikir yang kritis. Buku ini ditulis pada waktu yang penting sekali --- bagi orang-orang beriman maupun yang skeptis",Pemujaan Berhala,5,30
COURAGE AND CALLING,"ALLAH MEMANGGIL ANDA ALLAH PERTAMA-TAMA MEMANGGIL KITA KEPADA DIRI-NYA, untuk mengenal dan mengikuti-Nya, tetapi Ia juga memanggil kita kepada tujuan hidup yang spesifik, yakni alasan keberadaan kita. Panggilan kedua atau vokasi ini memiliki implikasi bukan hanya atas pekerjaan atau kehidupan kita, tetapi melibatkan juga talenta, kelemahan, dan komunitas kita, dan apa yang kita kerjakan hari demi hari. Dalam buku ini, Gordon Smith mengundang kita untuk menemukan panggilan dengan mendengarkan Allah dan menjadi rekan kerja-Nya. APA PANGGILAN SAYA? Bagaimana saya dapat menjalani panggilan di tengah-tengah hubungan yang sulit atau tantangan moral? Apakah panggilan saya akan mengalami perubahan saat saya memasuki tahap kehidupan yang baru? Dengan tuntutan kebutuhan yang saling mendesak, bagaimana saya dapat menciptakan keseimbangan dalam menjalani hidup? Di halaman demi halaman buku ini, beragam pertanyaan ini dan lebih banyak lagi akan dibahas. INI ADALAH SUATU WAWASAN YANG BERNILAI TINGGI bagi semua orang yang rindu untuk mendengar dan memiliki keberanian dalam mengikuti panggilan Allah. Smith menyederhanakan proses yang tepat dalam membuat keputusan terkait dengan panggilan. . . . Secara menyeluruh, tulisan Smith begitu tajam ketika ia berurusan dengan salah satu persoalan paling penting dalam hidup. -Publisher's Weekly",Pekerjaan dan Panggilan Hidup,44,71
CRAZY BUSY,"SAYA TERLALU SIBUK! Kita semua pernah mendengarnya. Kita semua pernah mengatakannya. Sudah terlalu sering kesibukan menjadi tuan atas kita. Hanya dengan melihat jadwal kita yang sangat padat menunjukkan bahwa sangatlah sulit mempertahankan keseimbangan yang baik antara tidak melakukan apa pun dan melakukan segala sesuatu. Itulah alasan Kevin DeYoung, penulis dan pendeta yang peraih penghargaan ini membahas masalah kesibukan secara terus terang dalam buku terbarunya Crazy Busy. Dia membahasnya bukan dengan nasihat-nasihat manajemen waktu, tetapi melalui sarana-sarana alkitabiah sehingga dari situ kita bisa menghadapi inti masalahnya dan mencabut akar masalahnya. Crazy Busy amat sangat praktis dan luar biasa singkat, tapi buku ini bisa membantu Anda tidak lagi berkata seperti biasa, sibuk.",Manajemen Waktu,7,62
CULTURE MAKING - MENCIPTAKAN KEBUDAYAAN,"MENGGERAKKAN CAKRAWALA-CAKRAWALA KEMUNGKINAN Tidak cukup, hanya mengutuki kebudayaan. Juga sekadar mengritik, meniru, atau memakai kebudayaan. Satu-satunya jalan untuk mengubah kebudayaan adalah dengan cara menciptakan kebudayaan. Andy Crouch menantang semua orang Kristen untuk menjadi para pencipta kebudayaan. Kita diajak berperan aktif dalam tindakan Allah membuat dan mengubah kebudayaan bahkan dunia ini dalam skala terkecilnya. Buku ini memberikan suatu model penting yang menggerakkan suatu generasi baru kekristenan yang kreatif secara budaya. Mari bergerak dari pemakai menjadi pencipta kebudayaan. Temukan kembali panggilan kreatif Anda dalam membuat budaya bahkan berdampak sampai mengubah dunia.",Analisis Budaya,0,7
DANGEROUS CALLING,"After traveling the globe and speaking to thousands of churches worldwide, Paul David Tripp has discovered a serious problem within pastoral culture. He is not only concerned about the spiritual life of the pastor, but also with the very community of people that trains him, calls him, relates to him, and restores him if necessary. Dangerous Calling reveals the truth that the culture surrounding our pastors is spiritually unhealthy--an environment that actively undermines the wellbeing and efficacy of our church leaders and thus the entire church body. Here is a book that both diagnoses and offers cures for issues that impact every member and church leader, and gives solid strategies for fighting the all-important war that rages in our churches today.",Pastoral,181,304
DANGEROUS PRAYERS,"UBAHLAH DOA ANDA. UBAHLAH HIDUP ANDA. Pernahkah Anda bertanya-tanya, Mengapa Allah tidak menjawab doa-doa saya? Apakah Anda berharap melihat bukti bahwa doa benar-benar sanggup mengubahkan hidup? Doa menggerakkan hati Allah, tapi beberapa doa menggerakkan hati-Nya lebih daripada doa-doa lain. Dia menghendaki sesuatu yang lebih bagi kita daripada sekadar iman yang suam-suam kuku dan rutinitas separuh hati di meja makan. Dia memanggil Anda untuk hidup penuh keberanian, bukan kenyamanan. Buku ini akan menunjukkan bagaimana mengucapkan doa yang menyelidiki jiwa Anda, menghancurkan kebiasaan Anda, dan mengutus Anda untuk mengejar panggilan Allah bagi hidup Anda. Tapi, peringatan bagi Anda: jika Anda merasa baik-baik saja tinggal dalam situasi yang mudah atau merasa nyaman dengan duduk di pinggir lapangan, berarti buku ini bukan untuk Anda. Anda akan ditantang. Anda akan diuji. Anda akan digerakkan untuk memeriksa hati Anda dengan sangat saksama. Tapi, Anda juga akan terilhami untuk berdoa dengan berani dan penuh kuasa. Anda akan melihat bagaimana Anda bisa mengganti doa yang penuh keraguan menjadi doa yang penuh keyakinan. Doa-doa yang akan mendorong Anda pada gairah dan kepuasan baru. Anda akan menemukan rahasia untuk menaklukkan rasa takut kehilangan, kegagalan, dan misteri tak terketahui, sekaligus menyambut berkat-berkat yang Allah miliki bagi Anda. Anda akan memiliki keberanian untuk mengucapkan doa-doa berbahaya.",Doa dan Kontemplasi,108,173
DARI PEGUNUNGAN KARMEL HINGGA LAUTAN HINDIA,"Buku ini adalah kumpulan 19 narasi pendek yang ditulis oleh penutur dan penulis pemula dari Komunitas Pena Murid Perkantas Jatim. Para penulis menyajikan ulang Kebenaran Alkitab dengan Teknik bercerita yang baru. Buku ini akan membawa Anda pada rasa ingin tahu yang lebih dalam terhadap Alkitab dan mengajak Anda menikmati Alkitab dengan penuh imajinasi yang segar dan kejutan spiritualitas yang menarik. Sangat baik untuk dijadikan pendamping bagi Anda yang bergerak di pelayanan anak, pemuda dan remaja, sekaligus untuk Anda yang suka dengan tulisan-tulisan naratif.",Penulis Lokal,0,8
DEMI ALLAH DEMI INDONESIA,"""kepada Nasrani sejati"", demikianlah Chairil Anwar menulis puisinya yang berjudul ISA. Melintas cepat sebutan selain Nasrani sejati, Nasrani Indonesia! Dua kata, Nasrani dan Indonesia. Yang satu menyangkut dimensi rohani, satunya lagi dari dimensi jasmani. Yang satuberarti warga Kerajaan Allah, satunya lagi berarti warganegara Indonesia. Dpatkah kenasranian dan kebangsaan (keIndonesiaan) bersandi selaras, bahkan luruhpadu dalam diri seorang NasraniIndonesia? Masalah mendasar menyangkut jati diri kebangsaan dan berbangsa sungguh meronai wajah Indonesia kini. Genting, sebab itu berarti suatu keberadaan sesuatu yang bernama Indonesia.

Buku ini membagikan suatu paham kebangsaan dari sudut pandang (se)orang Nasrani Indonesia. Disajikan dalam bentuk kumpulan sejumlah esei yang tereajut oleh satu hal yang sama: ihwal kenasranian dan kebangsaan. Diungkapkan bahwa kenasranian mengajarkan hal-hal luhurtentang kebangsaan, dan ajarannya itu berpusat pada hukum ilahi: segala sesuatu adalah dari, oleh, dan utuk Allah.ketika kebangsaan Indonesia ditaruh dalam kerangka hukum ini, tsimpullah ide tentang penerimaan, penghargaan, dan cinta kasih akan kebangsaan itu sebagai anugerah Allah yang istimewa.

Nasrani tidaklah identik dengan Dunia Barat. Apalagi Nasrani Indonesia. Sejarah Indonesia mencatat, Pattimura - ThomS Matulessy seorang Nasrani Indonesia angkat senjata melawan kolonial Belanda. Begitu pun Dr. Sam (Samuel) Ratulangi. Sejarah pergerakan Indonesia juga mncatat dr. Johannes Leimena adalah duta pemuda Ambon dalam peristiwa yang menjadi tonggak pentingpenegakan keindonesiaan: Sumpah Pemuda!

Berdasarkan pemahaman kebangsaan semacam ini, kaum Nasrani Indonesia seyogyanya berupaya mendarmabaktikan hidupnya bagi bumi pertiwi, Indonesia. Demi Allah dan demi Indonesia!","Bacaan, Penulis Lokal, Kepemimpinan, Analisis Budaya",0,3
DEVOTION : SACRED MARRIAGE,"Lima puluh dua renungan tentang pernikahan yang mengajak pasangan suami-istri untuk berpusat pada Tuhan, bukan berpusat pada satu sama lain. Sekalipun merupakan pendalaman dari prinsip-prinsip yang sudah dikupas dalam bukuSacred Marriage, buku renungan ini dapat dipakai secara terpisah. Kedua buku ini menjadi pilihan Komunitas Katalis sebagai salah satu perlengkapan esensial untuk pelayanan kategorial keluarga, yang dapat Anda gunakan, baik secara bersama maupun terpisah, antara lain sebagai: Bahan ajar untuk persekutuan/pembinaan pasutri di gereja Bahan diskusi untuk kelompok pasutri Bahan renungan untuk kelompok pasutri Bahan retret keluarga Referensi untuk konseling keluarga Bahan waktu teduh mingguan untuk pasangan Hadiah pernikahan atau ulang tahun pernikahan Bahan bacaan pribadi",Doa dan Kontemplasi,1678,1236
DEVOTION: SACRED PARENTING,"Buku Devotions for a Sacred Parenting . Gary Thomas Deskripsi Produk Renungan Setahun bagi orangtua. Perenungan seminggu sekali sepanjang tahun dalam perjalanan menjadi orangtua yang mengubah hidup. Buku ini membantu kita melanjutkan perjalanan sebagai orangtua dengan menyediakan lima puluh dua renungan pendek yang menyegarkan. Perenungan-perenungan tentang hidup yang dikemas secara kreatif dan segar ini membuat Anda terinspirasi, tertantang dan termotivasi sementara mereka menjelajahi berbagai sukacita dan tantangan rohani dalam membesarkan anak. Setiap renungan akan mengarahkan mereka pada kesempatan untuk bertumbuh secara rohani -dan sekaligus menolong mereka menjadi orangtua yang lebih efektif. Tentang Penulis: Gary Thomas adalah penulis yang melayani di Second Baptist Church di Houston, Texas dan mengajar formasi spiritual di Western Seminary di Portland, Oregon. Ia penulis sejumlah buku, termasuk Sacred Marriage, sacred Pathways, Sacred Parenting, Sacred Influence, Pure Pleasure dan pemenang Gold Medallion Award Authentic faith. Buku-buku dan pelayanannya berfokus pada pembentukan rohani: bagaimana kita dapat mengintegrasikan kitab suci, sejarah Gereja dan pengetahuan dari karya-karya Kristen yang telah teruji oleh waktu untuk mengubah pemahaman modern kita.Ia tinggal bersama istri dan anak-anaknya di Bellingham, washington.",Doa dan Kontemplasi,726,742
DIBERKATI UNTUK MENJADI BERKAT,"Dimulai dari Kitab Kejadian, Alkitab merupakan kisah Allah yang mencari umat-Nya. Pelajaran-pelajaran dalam bahan PA ini memberkan pengantar tentang bagaimana Allah menjangkau dunia melalui Yesus, anak-Nya, dan orang-orang yang diutus-Nya, seperti kita. Panggilan kepada misi bukan hanya bagi suatu kelompok terpilih, tetapi merupakan bagian dari panggilan Allah kepada setiap orang Kristen. Melalui bahan PA ini ANda akan menemukan bagian Anda dalam rencana Allah.",Pemahaman Alkitab,0,10
DISCIPLESHIP,"Mengapa Banyak Orang Kristen Tidak Seperti Kristus? Banyak jemaat gereja mengeluhkan bahwa gereja mereka tidak memiliki rancangan jangka panjang untuk pemuridan dan pertumbuhan rohani mereka. Di sisi lain, banyak pemimpin gereja meratapi kurangnya sumber daya untuk mempercepat pertumbuh gereja dan sedikit pelayan yang mau melayani dalam program-program gereja. Akar masalah dari kurangnya pertumbuhan gereja sangat mungkin tidak disebabkan oleh kurangnya kepedulian terhadap jemaat tetapi mungkin lebih disebabkan karena tidak efektif memuridkan jemaat yang sudah dimiliki dan membentuk mereka menjadi pengikut Kristus yang berkomitmen. Dalam Transforming Discipleship, Greg Ogden memperkenalkan visinya tentang pemuridan, ia menekankan bahwa solusi tidak akan didapat melalui program yang berskala besar dan menguras banyak sumber daya. Sebaliknya, ia menunjukkan kebutuhan gereja akan pemuridan dan menghidupkan kembali metode Yesus dalam membawa perubahan hidup, dengan berinvestasi hanya pada beberapa orang pada waktu bersamaan. Dan menunjukkan bagaimana pemuridan dapat mereplikasi dirinya sendiri dengan dampak yang berkelanjutan dari generasi ke generasi.",Pemuridan,1,11
DIVINE DIRECTION,"KUASAI KEPUTUSAN-KEPUTUSAN YANG AKAN MEMBUAT HIDUP ANDA MENJADI KEHIDUPAN YANG TUHAN KEHENDAKI. Tiap-tiap hari kita membuat pilihan. Seluruh pilihan itu berakumulasi dan pada akhirnya membentuk kisah hidup kita. Bagaimana jadinya hidup ini, jika Anda menjadi pakar dalam membuat pilihan? Dalam buku yang penuh inspirasi ini, Craig Groeschel menunjukkan bagaimana pilihan yang ada dalam kendali Anda--jika diselaraskan dengan prinsip-prinsip Alkitab--akan mengarahkan Anda pada kehidupan yang tidak pernah Anda bayangkan sebelumnya. Divine Direction akan membantu Anda menemukan hikmat melalui tujuh prinsip di dalamnya. Anda akan merenungkan satu hal yang harus dihentikan karena telah menghambat Anda selama ini; bagaimana memulai kebiasaan baru yang mengarahkan ulang jalan hidup Anda; di tempat mana Anda seharusnya tetap bertahan dalam komitmen; dan kapan waktunya Anda harus pergi, bahkan ketika terasa lebih mudah untuk tetap bertahan. Buku ini juga memberi kriteria yang akan membantu Anda merasa yakin sudah mengambil pilihan yang tepat dan mendorong Anda dengan berbagai prinsip untuk memercayakan keputusan Anda kepada Tuhan. Kisah apa yang ingin Anda ceritakan tentang diri Anda sendiri? Tuhan memiliki dedikasi penuh pada rencana yang dirancangkan-Nya atas hidup Anda. Setiap panduan praktis dan kuat dalam Divine Direction membawa Anda pada rencana itu, selangkah demi selangkah, baik besar maupun kecil.",Pengambilan Keputusan,30,74
DONT GIVE UP (JANGAN MENYERAH),"Orangtua dengan anak pembangkang. Pasangan dengan pernikahan di ujung tanduk. Seorang lelaki yang kehilangan pekerjaan. Seorang perempuan yang terbenam dalam beban utang. Pasien dengan diagnosis penyakit parah. Murid yang tidak memperoleh kesempatan setara. Mereka yang sedang bergantung di tali tipis, kehilangan iman, dan kurang kekuatan. Apa yang mereka semua perlu dengar? JANGAN MENYERAH. Kehidupan adalah ladang ranjau penuh tantangan yang menuntut pengorbanan atas keberanian, keyakinan,dan bahkan iman kita. Tapi, Tuhan berbisik kepada mereka yang berputus asa, Jangan menyerah. Dengan menarik pelajaran dari kisah-kisah Alkitab yang penuh ilham dan kesaksian-kesaksian tangan pertama mengenai ketekunan, penulis buku laris serta pendeta Kyle Idleman mendorong Anda untuk menyerahkan segala kehawatiran kepada Tuhan, percaya pada kasih dan waktu-Nya yang tepat, berdoa demi kesabaran serta kekuatan, dan menemukan dukungan dalam keluarga Tuhan. Kyle Idleman memberi kita dorongan untuk tetap percaya, tetap berjuang, dan tetap menjaga perspektif. Jika Anda ingin menemukan keberanian dan kekuatan di tengah-tengah tantangan hidup, buku ini ditulis untuk Anda.--DR. KEVIN LEMAN, penulis buku laris versi New York Times, Have a New Kid by Friday dan The Birth OrderBook #literaturperkantasjatim #bookrecommended #dontgiveup",Spiritualitas,0,2
EFESUS PA,"Kita hidup dalam dunia yang tercerai-berai; pernikahan yang hancur, persahabatan yang retak, perpecahan antarbangsa. Bagaimanakah mengembalikan semua seperti semula? Dalam kitab Efesus Paulus mengangkat tudung masa depan agar kita dapat melihat rencana Allah menyatukan semua orang dan segala sesuatu dalam Kristus. Buku ini akan memperbarui pengharapan Anda ketika Anda mempelajarinya.",Pemahaman Alkitab,0,4
EMOTIONALLY HEALTHY SPIRITUALITY,"APA YANG HILANG DARI HIDUP ANDA? Peter Scazzero diajar dengan cara yang keras: Anda tidak mungkin dewasa rohani sementara masih tidak dewasa emosi. Meskipun Pete adalah pendeta dari sebuah gereja yang berkembang pesat, dia melakukan apa yang kebanyakan orang perbuat: menghindari konflik atas nama hukum kasih agama Kristen mengabaikan kemarahannya, kesedihan, dan ketakutan menggunakan Allah untuk melarikan diri dari Allah hidup tanpa batas-batas Akhirnya Tuhan membangunkannya untuk melakukan integrasi yang alkitabiah antara kesehatan emosi, relasi yang mendalam dengan Yesus, dan praktik-praktik spiritualitas yang kontemplatif. Ternyata hal ini bukan hanya menciptakan revolusi rohani yang sementara, tetapi benar-benar mengubah dia dan gerejanya. Dalam buku bestseller ini, Pete menguraikan perjalanannya dan tanda-tanda spiritualitas yang tidak sehat secara emosi. Kemudian ia memberikan tujuh cara yang alkitabiah untuk menerobos dan menghasilkan revolusi kehidupan Kristen sejati dalam diri Anda. Emotionally Healthy Spirituality telah digunakan di lebih dari dua puluh enam negara saat ini untuk memperlengkapi gereja mengalami kedalaman melampaui apa yang ada di permukaan, melalui paradigma formasi spiritualitas yang benar-benar mengubah hidup.","Non-Fiksi, Spiritualitas",434,0
ENCOUNTERS WITH JESUS,"Penulis terlaris New York Times, Timothy Keller menjelaskan bagaimana seseorang mengalami perubahan ketika berjumpa dengan Yesus secara pribadi --- dan bagaimana kita juga bisa berubah ketika berjumpa dengan Dia hari ini. Apa tujuan hidup saya? Hidup yang baik itu seperti apa? Mengapa ada banyak hal yang tidak berjalan semestinya dalam dunia kita ini? Apa yang bisa saya lakukan untuk memperbaikinya? Ini adalah beberapa pertanyaan besar yang dihadapi setiap orang dalam hidup. Bagi sebagian besar dari kita, jawabannya sulit ditemukan, bahkan tidak bisa didapat. Tapi kita salah. Di dalam buku ini, Timothy Keller mengatakan bahwa yang harus kita lakukan adalah memahami bahwa setiap perubahan yang tetap dalam hidup ini dimulai dari perubahan jawaban kita terhadap pertanyaan-pertanyaan tersebut. Keller tahu bahwa Yesus mengubah hidup setiap orang yang Dia jumpai dalam kitab-kitab Injil. Melalui pengalaman dan kata-kata yang berkuasa dihasilkan jawaban yang mengubahkan dan tak disangka bagi pertanyaan-pertanyaan besar mereka. Percakapan-percakapan yang penting ini masih bisa menjawab pertanyaan dan keraguan kita dalam konteks zaman ini. Buku ini berfokus pada beberapa perjumpaan Yesus dengan orang lain --- termasuk murid yang skeptis, petinggi agama, orang terpinggirkan, dan ibu-Nya --- serta menunjukkan bagaimana peristiwa-peristiwa utama dalam hidup Yesus menyediakan jalan bagi kita untuk berjumpa lagi dengan Dia atau berjumpa dengan Dia untuk pertama kalinya.",Doktrin dan Teologi,0,5
EXPOSITORY EXULTATION (SUKACITA EKSPOSITORIS),"Enneagram tidak hanya menjawab pertanyaan-pertanyaan ini, tapi juga memberi kita jalan keluar dari kebiasaan menyalahkan dan menghakimi orang lain--yang justru membuat mereka rendah diri, bingung, atau merasa hubungan tak mungkin lagi berlanjut. Pendekatan Suzanne yang lembut, terkadang disertai humor, dan selalu penuh wawasan mengungkapkan alasan mengapa tipe kepribadian berperilaku sebagaimana mereka berperilaku selama ini. Buku ini menolong untuk memupuk relasi yang lebih mengasihi, dewasa, serta penuh belas kasih terhadap semua orang dalam kehidupan kita.",Khotbah,20,0
FILSAFAT DARI PERSPEKTIF KRISTIANI,"Sepanjang sejarah, terdapat hubungan 'benci tapi rindu' antara filsafat dengan Agama Kristen dan Teologi Kristen. Beberapa orang beranggapan bahwa filsafat adalah bidang teologi karena melihat tugasnya sebagai penyusun argumentasi-argumentasi untuk mempertahankan Agama Kristen. Sementara orang lain menganggap filsafat sebagai alat Iblis, dengan menggemakan pertanyaan Tertullianus, 'Apakah hubungan antara Atena dan Yerusalem?' Bagaimanapun, dewa para filsuf bukanlah Allah dalam Alkitab, yaitu Allah Abraham, Ishak dan Yakub. Dalam hal ini kita tidak ingin mengagungkan atau melecehkan filsafat. Keberadaannya yang berkesinambungan hingga saat ini di antara umat manusia sudah membuktikan arti pentingnya. Di luar hubungannya dengan Agama Kristen, kami yakin bahwa perdebatan filosofis ada manfaatnya. Berbagai pertanyaan filosofi mengandung arti dan mempunyai nilai mendasar yang masih berlaku hingga saat ini. Memang benar bahwa pemikiran yang filosofis dapat sangat membantu orang untuk memahami teologi. Namun, kesalahan-kesalahan dalam filsafat harus dikenali dan dibuktikan ketidakbenarannya untuk menegaskan realistisnya Agama Kristen.","Doktrin dan Teologi, Apologetika",65,0
FINALLY FREE (AKHIRNYA BEBAS),"Finally Free sangat alkitabiah, sangat Kristen, dan berpusatkan Injil. Orang-orang Kristen seharusnya membacanya dan dengan cepat memberikannya kepada orang lain. Ini akan menjadi sebuah bantuan yang sangat besar bagi para pendeta, pelayan kaum muda, para pelayan kampus, dan orang-orang Kristen segala usia, yang sedang bergumul melawan terpaan pornografi. R. Albert Mohler Jr., presiden, The Southern Baptist Theological Seminary Dari Sebuah Hidup Penuh Pergumulan ke Sebuah Hidup yang Penuh Kemurnian, Delapan Strategi Berpusatkan Injil untuk Mengalahkan Pornografi Pornografi mengelilingi kita. Ia menghancurkan pernikahan dan meninggalkan para penggunanya dengan sebuah pandangan akan seksualitas yang sesat. Sayangnya, banyak orang Kristen tidak hanya bergumul untuk menolak godaan pornografi; mereka kecanduan dan terjebak oleh kuasanya. Menerobos jaring tipu daya pornografi tidak terjadi hanya dengan mencoba lebih keras untuk mengubah atau mengikuti suatu metode atau program tertentu. Satu-satunya motivasi untuk berubah yang pasti dan efektif ialah kasih karunia Yesus. Dalam buku ini, Heath Lambert mengidentifikasi delapan strategi, masing-masing didasarkan pada karya Kristus, yang memberikan bahan bakar dan peta perjalanan menuju perubahan bagi orang-orang yang terkunci dalam cengkeraman pornografi. Masing-masing bab didasarkan pada kasih karunia dan dengan jelas mengartikulasikan bagaimana mengaplikasikan Injil dalam cara-cara yang praktis. Entah apakah Anda sendiri sedang bergumul atau sedang mencoba menolong seseorang yang sedang bergumul. Ada kabar baik: Betapa pun intensnya atau sudah lamanya peperangan itu, Yesus Kristus dapat dan akan membebaskan orang-orang dari kuasa pornografi.",Pornografi,4,27
FOLLOW ME,"APA YANG YESUS MAKSUD KETIKA IA BERKATA, IKUTLAH AKU? Apakah mungkin orang berkata bahwa ia percaya kepada Yesus, tetapi tidak sungguh-sungguh lahir baru? Apakah mungkin orang mengklaim bahwa ia menerima Kristus di dalam hati, namun tidak benar-benar hidup sebagai seorang Kristen? Tidak hanya hal itu mungkin. Menurut David Platt, hal itu bahkan sangat sering terjadi. Penulis best-seller dari Radical ini yakin bahwa banyak orang di gereja kita pada masa kini disesatkan dalam pengertian mereka tentang apa arti sesungguhnya menjadi seorang pengikut Kristus. Budaya sekuler telah menghisap habis darah kekristenan dan menggantikannya dengan versi Injil yang kerdil sehingga begitu cocok dengan selera manusia zaman konsumerisme ini, sampai-sampai Injil tidak terlihat begitu nyata lagi seperti apa yang dikehendaki Yesus. Ikutlah Aku, demikian panggilan Yesus. Dua kata sederhana yang mengubah segalanya. Anda tidak akan pernah bosan lagi. Anda akan selalu memiliki tujuan hidup. Anda tidak akan pernah kekurangan sukacita. Tetapi Anda harus membayar harga. Panggilan ini bukan sebuah undangan yang ringan dan nyaman. Ini adalah panggilan untuk kehilangan hidup Anda. PANGGILAN UNTUK MATI. PANGILAN UNTUK HIDUP. SUDAHKAH ANDA MENJAWAB PANGGILAN ITU?",Penginjilan,61,0
FRUITFULNESS ON THE FRONTLINE (BERBUAH DI GARIS DEPAN),"Ketika saya membalik setiap halaman, sesuatu di bagian terdalam dari diri saya tahu bahwa untuk inilah saya dipanggil--untuk inilah kita semua dipanggil. Untuk berbuah! Dan rasanya ini bisa dicapai. Terjangkau. Penting--bagi saya dan bagi dunia milik Allah. Jadi, dengan hati terbuka, bacalah. Dengan pertolongan Allah, hidupilah. Dengan mata yang penuh kekaguman dan rasa syukur, lihatlah. --Matt Summerfield Ini adalah sebuah buku yang memperluas cakrawala berpikir, menumbuhkan semangat, dan menghangatkan hati, Mark Greene menyajikan pandangan yang membebaskan tentang bagaimana Tuhan dapat bekerja melalui kita dalam kehidupan kita sehari-hari. Entah Anda seorang pelajar atau pensiunan, di tempat olahraga atau di tempat kerja, di gerbang sekolah atau di supermarket, ini adalah sebuah kerangka berpikir yang segar dan asli untuk menghasilkan buah yang akan membuka kemungkinan untuk membuat perbedaan bagi Kristus di antara orang-orang yang Anda temui secara natural di tempat yang Anda jumpai tiap harinya. Dipenuhi dengan kisah nyata, kombinasi wawasan Alkitab yang segar, humor dan langkah-langkah praktis yang akan memicu imajinasi Anda; Itu akan memperkaya rasa heran Anda akan kehebatan dan anugerah Tuhan yang tidak hanya menyerahkan hidupnya untuk kita, tapi juga mengajak kita untuk bergabung dengannya dalam karya transformasinya yang mulia.",Spiritualitas,33,3
GAMBAR BESAR DARI ALLAH,"GAMBAR BESAR DARI ALLAH Alkitab jelas bukan buku yang biasa. Bagaimana kita dapat membaca dan memahaminya secara utuh? Enam puluh enam kitab ditulis oleh sekitar empat puluh orang selama hampir 2.000 tahun dalam dua bahasa dan beberapa genre. Sebuah buku terlaris di seluruh dunia, yang diterbitkan dalam berbagai ragam ukuran dan penginjilan, terjemahan dalam bahasa yang tidak terhitung jumlahnya. Buku ini dipakai dalam pengucapan janji di pengadilan, diperjuangkan umat beragama, dikutip dalam berbagai argumentasi. Dalam tinjauan yang sangat baik, Vaughan Robets memberikan gambar besar--menunjukkan bagaimana bagian-bagian yang berbeda di Alkitab saling bersesuaian di bawah tema Kerajaan Allah. Vaughan Robets memberikan kita semangat dan alat untuk membaca Alkitab dengan keyakinan dan pemahaman. Ia menunjukkan kepada subjek tertinggi dalam Alkitab, Yesus Kristus, dan keselamatan yang disediakan Allah melalui-Nya. Tentang Penulis: Vaughan Roberts adalah Rektor St. Ebbe's Chruch di Oxford. Ia juga seorang pembicara terkenal di Spring Harvest, dan seorang anggota pendiri 9:38 yang mendorong orang untuk mempertimbangkan pelayanan Injil penuh waktu.",Bacaan,8,0
GEJOLAK KAWULA MUDA,"Oh, begini rasanya kalau sedang jatuh cinta! Perasaan begitu melambung penuh kegembiraan. Ingin selalu tersenyum, hidup pun penuh gairah. Setiap hari, bahkan setiap saat, pikiran selalu terbayang-bayang sosok Si Doi. Selalu ingin bersama dan tak mau terpisahkan. Namun, bagaimana rasanya bila cinta berubah menyakitkan? Akankah keindahannya menjadi buram? Senyum bahagia berganti muram, gairah berganti suram. Jangankan ingin selalu dekat Si Doi, membayangkan sosoknya pun sudah tak rela. Buku kecil ini, merupakan kumpulan kisah dan problematika cinta anak muda. Bertutur dalam cerita yang akan membawa Anda pada kenangan cinta yang tak pernah usang! Bagi Anda yang sedang membangun mimpi tentang cinta, buku ini layak dibaca!",Bacaan,11,0
GENEROUS JUSTICE (KEADILAN YANG MURAH HATI),"Di dalam masyarakat sekuler sudah menjadi anggapan umum bahwa Alkitab merupakan salah satu penghalang terbesar dalam melakukan keadilan. Bukankah Alkitab penuh dengan pandangan yang kuno? Bukankah Alkitab mendukung perbudakan? Mengapa meminta bimbingan dari Alkitab mengenai cara mewujudkan masyarakat yang lebih adil? Tapi Timothy Keller menantang berbagai stigma dan keyakinan ini, lalu menyajikan Alkitab sebagai sumber mendasar untuk mempromosikan keadilan dan belas kasih bagi mereka yang membutuhkannya. Dalam buku ini, dia menjelaskan suatu kehidupan yang adil, yang dihasilkan oleh pengalaman kasih karunia: keadilan yang berbelas kasih, keadilan dari kasih karunia. Buku ini menawarkan pemahaman baru tentang keadilan modern kepada para pembacanya dan bermanfaat bagi orang beriman maupun yang skeptis.",Isu Keadilan Sosial,20,3
GO AND DO,"Seorang pria menemukan musuh masa lalunya yang tergeletak di jalan. Dia mengangkat orang tersebut ke punggun keledainya, membawanya ke sebuah penginapan, dan merawatnya hingga pulih. Kisah abadi yang sangat menyentuh dan gaungnya masih terdengar hingga kini. Yesus menceritakannya kepada kita semua. PERGILAH, DAN PERBUATLAH DEMIKIAN! Iman haruslah aktif---hidup dan dihidupi secara nyata. Buku ini akan menolong kita menemukan siapa diri kita di tengah dunia ini. Ketika telah menemukannya, kita ditantang untuk mengambil bagian di dalamnya: Mengerjakan karya Allah bagi dunia ini. Buku ini juga mengingatkan kita bahwa hanya menjadi Kristen tidaklah cukup. Tetapi kita haruslah memenuhi panggilan: menjadi Kristen Bermisi. Menjadi Kristen berarti mendaftarkan diri di bawah bendera misionaris Allah. Jadi, PERGILAH, DAN PERBUATLAH DEMIKIAN!",Bacaan,0,1
GO MOBILIZE (AYO MOBILISASI),"Apa yang harus Anda lakukan untuk memulai gerakan misi di antara teman-teman, gereja, dan keluarga Anda? Go Mobilize adalah 7 bab pelajaran yang dirancang untuk menolong Anda menjawab beberapa pertanyaan ini: Memperlihatkan kepada Anda bagaimana menggunakan Alkitab untuk menunjukkan kepada orang lain kasih Allah bagi segala bangsa, bahasa, budaya, dan manusia. Membantu Anda untuk mengarahkan orang-orang percaya kepada kelompok-kelompok dan tempat-tempat yang memiliki akses sangat terbatas kepada Injil Memberikan Anda materi untuk memuridkan orang lain menuju ketaatan pada tujuan global Allah Mari Diperlengkapi dan Ayo Mobilisasi!",Misi,3,0
GODS AT WAR,"Dalam Gods at War, Kyle Idleman menolong setiap orang percaya mengenali adanya ilah-ilah palsu yang sedang berperang dalam diri kita. Mereka berperang demi memperoleh kemuliaan dan kendali hidup kita. Banyak dari kita tidak dapat mengikuti Yesus sepenuhnya karena hati kita sebenarnya mengejar sesuatu atau seseorang, selain Tuhan. Di balik setiap dosa yang sedang Anda gumuli dan keputusasaan yang sedang Anda hadapi, sebenarnya ada sesosok allah palsu yang memenangkan peperangan dalam hati Anda.

Menurut Kyle Idleman, Penyembahan berhala bukanlah salah satu dari sekian banyak persoalan--itulah persoalan utamanya. Dengan mengajukan pertanyaan penuh wawasan, Idleman mengungkapkan ilah palsu mana saja yang kita izinkan bertakhta di hati kita. Apa yang membuat Anda tergila-gila? Apa yang Anda khawatirkan? Pujian dari siapa yang Anda dambakan? Kita diciptakan untuk menjadi penyembah, tetapi seringkali kita lebih menjadi pemuja ilah uang, seks, cinta romantis, kesuksesan, dan banyak lagi lainnya. Semuanya itu menghalangi kita memiliki hubungan intim dengan Allah sebagaimana yang kita rindukan sebenarnya.

Gods at War menunjukkan jalur yang jelas untuk menjauhkan kita dari kepedihan hati akibat penyembahan berhala abad ke-21 dan kembali kepada hati Allah--yang memampukan kita untuk menjadi pengikut Yesus yang berkomitmen dengan sepenuhnya.

#godsatwar #literaturperkantasjatim #bookrecommended","Non-Fiksi, Pemujuaan Berhala",0,5
GOOD NEWS OF GREAT JOY (KABAR BAIK TENTANG KESUKAAN BESAR),"25 RENUNGAN MASA ADVEN OLEH PENDETA DAN PENULIS, JOHN PIPER  
Perenungan yang menyukakan hati dan penantian penuh rindu menandai masa Natal ketika orang-orang Kristen di seluruh dunia merayakan kedatangan Juruselamat mereka. Di dalam buku Good News of Great Joy, John Piper mengundang para pembaca untuk memfokuskan hati mereka kepada Yesus selama masa Adven. Masing-masing dari 25 bacaan harian di dalam buku ini menekankan sebuah ayat Alkitab dan renungan singkat. Buku yang baik untuk dibaca secara pribadi maupun bersama keluarga dan buku ini menjadi cara yang luar biasa untuk merenungkan kembali keagungan janji keselamatan melalui kelahiran Yesus Kristus.",Penginjilan,2,2
GOSPEL IN LIFE (INJIL DALAM KEHIDUPAN),"Gospel in Life adalah pelajaran delapan sesi tentang Injil dan bagaimana menerapkannya dalam semua aspek kehidupan--pertama-tama dalam hati kita, kemudian dalam komunitas kita, dan pada akhirnya keluar memengaruhi dunia.

Sesi 1 mengawali pelajaran ini dengan tema kota, tempat kita tinggal di bumi, dunia kita yang sekarang. Sesi 8 menutup kursus ini dengan tema kota abadi, tempat tinggal kita di surga, dunia yang akan datang. Di antaranya kita akan melihat bagaimana Injil mengubah hati kita (sesi 2 dan 3), mengubah komunitas kita (sesi 4 dan 5), serta mengubah cara kita hidup di dunia (sesi 6 dan 7). 

Bahan Pemuridan ini berisi Pendalaman Alkitab, pertanyaan diskusi tentang presentasi video, Bahan Studi Mandiri, dan Panduan Pemimpin Kelompok."," Bahan Pendalaman Alkitab (PA), Trending Books",323,100+
GOSPEL WISDOM,"Kitab Amsal bukan hanya berisi nasihat tentang hikmat, tetapi merupakan bagian dari satu kisah besar rencana penebusan Allah bagi manusia yang sudah jatuh dalam dosa. Dalam buku yang ditulis oleh Ps. Michael Chrisdion bersama dengan Ps. Dave Hatoguan dan Ps. Natanael Thamrin ini, Anda akan diajak menemukan Kristus lewat 52 refleksi Injil dalam kitab Amsal.

Bacalah buku ini sambil bergaul dengan Sang Hikmat lebih dalam. Pdt. Yuzo Adhinarta, Ketua STT Reformed Indonesia 

Michael Chrisdion mengajak kita melihat kitab Amsal dalam terang Injil. Pdt. Rubin Adi Abraham, Ketua Umum Sinode Gereja Bethel Indonesia. 

Lewat buku ini Anda diajak bertemu Tuhannya pengamsal, Yesus Kristus, Sang Hikmat itu sendiri. Sen Sendjaya, Professor of Leadership, Swinburne Business School.

Dalam 52 minggu, buku ini bisa membangun iman kita dalam Sang Hikmat Sejati. Jessica Tanoesoedibjo, Director, PT MNC Kapital Tbk. 

Lewat buku ini kita dibawa untuk mengenal sang Hikmat dan diberi teropong Injil. Charlotte Priatna, Ketua, Yayasan Pendidikan Kristen Athalia Kilang",Penulis Lokal,299,0
GRACE IS GREATER,"Setelah membaca buku ini Anda akan melihat kasih karunia dalam pemahaman yang baru; Anda akan melihat Allah yang pengasihi dalam pemahaman yang baru. Bacalah dan Anda akan dikuatkan.
--Max Lucado, penulis GRACE dan In the Grip of Grace

Tidak ada dosa yang begitu besar, kepahitan yang begitu dalam sehingga kasih karunia Allah tidak mampu mengubah hati dan menulis ulang kisah hidup manusia. Tapi kasih karunia begitu sulit untuk kita pahami.

Kasih karunia sulit sekali dimengerti.
Kasih karunia tidak adil.
Kasih karunia tidak mungkin menutupi apa yang telah saya lakukan.

Mungkin tidak ada yang lebih sulit daripada menjelaskan kasih karunia Allah. Cara terbaik --- mungkin cara paling mungkin --- untuk memahaminya adalah dengan mengalaminya.

Dalam buku ini, penulis buku laris dan pendeta Kyle Idleman membuat kita memahami bahwa kasih karunia jauh lebih besar daripada kesalahan kita, kegagalan kita, keinginan kita untuk membalas, dan situasi kita yang sepertinya tidak ada jalan keluar. Melalui berbagai cerita pengalaman kasih karunia yang menggetarkan, buku ini bisa membantu Anda benar-benar memahami kasih karunia Allah ... meski orang Kristen di sekitar Anda telah gagal menghidupinya.

Kasih karunia adalah topik favorit saya, dan buku baru Kyle Idleman ini memberi kesegaran bagi topik ini melalui kisah-kisah yang menawan dan pemahaman yang menarik. Tidak ada yang lebih besar daripada kasih karunia. Rayakan, hidupi, dan bagikanlah!
--Lee Strobel, penulis dari The Case for Grace yang meraih penghargaan",Spiritualitas,451,88
"GREAT COMMISSION, GREAT COMPASSION (AMANAT AGUNG, BELAS KASIH AGUNG)","KITA MENGIKUT YESUS KE SELURUH DUNIA DAN KITA MENGIKUT TELADAN-NYA UNTUK SEMUA YANG KITA LAKUKAN. Pergi dan Lakukan. Yesus memerintahkannya dan dunia membutuhkannya. Perkataan dan perbuatan harus berdampingan. Satu tanpa yang lainnya tidaklah cukup. Seorang mobilisator misi, Paul Borthwick menunjukkan bagaimana pemberitaan dan demonstrasi Injil harus berdampingan. Allah memberi kita Amanat Agung, panggilan dalam Matius 28 untuk pergi ke mana pun Yesus mengutus kita, membuat murid, dan memberitakan kabar baik ke segala suku bangsa. Dan kita menjadi umat-Nya yang menyalurkan Belas Kasih Agung-Nya, visi Matius 25 adalah untuk memperlakukan orang lain seperti kita memperlakukan Yesus, melayani orang yang membutuhkan, dan hidup dengan adil. Brothwick menawarkan beragam cara praktis agar kita bisa menjalani kehidupan yang didasarkan pada Amanat Agung dan Belas Kasih Agung di setiap bidang kehidupan kita. Pemuridan yang menyeluruh artinya belajar dan berusaha, berdoa dan memberi, menerima orang asing, menyederhanakan hidup kita, membela orang lain mewakili Allah. Semua langkah kecil bisa menghasilkan perbedaan dalam misi Allah. Maukah Anda menjawab panggilan ini? Great Commission, Great Compassion adalah detak jantung Allah, ditulis oleh Paul Borthwick, hamba-Nya yang bersemangat, tentang bagaimana seharusnya inti Injil itu  tujuan, urgensi, praktik, dan pemberitaan dari Amanat Agung. Buku yang sangat dibutuhkan, yang membimbing kita kembali untuk menunjukkan kasih kepada dunia  unsur dan gaya hidup dasar yang dibutuhkan untuk mendorong kita memenuhi tujuan utama dari Sang Tuan.  Bala Usman, direktur nasional, Nigeria Fellowship of Evangelical Students (NIFES)",Penginjilan,2,0
GROWING TOGETHER,"Menikah itu mudah, tapi berumah tangga itu sulit, tutur seorang penulis Kristen. Apakah benar demikian? Temukan jawabannya lewat bahan PA Growing Together. Dimana isu-isu yang disorot tidak hanya menggarsibawahi realitas melainkan juga memberi solusi seputar kehidupan berkeluarga.

Terdiri dari 12 Bab, bahan PA ini akan menolong Anda dan pasangan berdiskusi secara konstruktif tentang seni menghadapi kondisi-kondisi sulit dalam berkeluarga dan berkemenangan melewatinya sebagai pasangan yang lebih matang, kompak dan makin kuat. Bisa digunakan oleh kelompok maupun pribadi.

Buku ini merupakan hasil karya dari tim LIFE (Lembaga Integrated Family Enrichment), didirikan tanggal 14 Februari 2007 oleh sekelompok alumni Kristen binaan Perkantas dengan visi Memperkaya, memberdayakan dan memperindah kehidupan keluarga demi kemuliaan Tuhan.",Pemahaman Alkitab,130,0
GROWING TOGETHER 2,"Keluarga adalah institusi pertama yang diciptakan Allah. Peran Allah dalam membentuk keluarga pertama--yang begitu dekat dengan-Nya dan berada dalam kedamaian lindungan-Nya--sungguh luar biasa. Namun, dosa membuat keindahan dan kedamaian, serta kesejahteraan keluarga hancur.

Tetapi, kasih Tuhan luar biasa. Kristus datang menyelamatkan dan menebus manusia berdosa. Allah memberikan firman-Nya untuk kita pahami, dalami dan amalkan dalam kehidupan keluarga, untuk membangun dan memperkaya kehidupan keluarga dalam Tuhan.

Buku ini disusun berdasarkan hasil perenungan, refleksi kehidupan keluarga, dan pendalaman firman Allah dengan keyakinan bahwa pendalaman dan pemahaman firman Allah akan memperlengkapi kita dalam membangun dan memperkaya kehidupan keluarga.

Dengan studi kasus berdasarkan kisah-kisah nyata, buku ini menolong kita menerapkan firman Allah dalam kehidupan keluarga.",Pemahaman Alkitab,84,0
GROWING TOGETHER 3,"Bahan PA Growing Together 3 dirancang untuk perkawinan berumur sekitar 10 tahun ke atas. Fase baru di dalam mengalami segala tantangan kesibukan pasangan dalam membina karier, membesarkan anak balita, dan kadang mulai merasakan kegersangan cinta karena kesibukan dan rutinitas.

Buku PA ini disusun dengan terlebih dahulu memahami ajaran firman Tuhan, mendalaminya melalui refleksi dan diskusi pertanyaan, kemudian memahami relevansinya melalui pembahasan studi kasus, dan pada akhirnya komitmen untuk langkah penguatan dan pengayaan kehidupan keluarga dan perkawinan.

Kiranya firman Tuhan yang diangkat dalam buku PA ini dapat menjadi landasan, inspirasim dan pegangan yang kukuh untuk terus memperkuat dan memperkaya hidup perkawinan.",Pemahaman Alkitab,42,0
GROWING TOGETHER 4,"Bagaimana kita mempersiapkan diri memasuki usia emas atau masa tua? Ketika kita sudah menjalani panggilan Tuhan untuk hidup berkeluarga, apa yg dapat kita wariskan kepada generasi penerus? Bagaimana caranya agar kita di usia emas ini terus berpengharapan dalam menantikan Kristus?

Cara Alkitab menjawab pertanyaan-pertanyaan itu sangat praktis dan nyata. Melalui bahan PA ini, Anda akan menemukan bahwa mengikuti rancangan Allah bagi pernikahan akan menolong kita menikmati kehidupan berkeluarga yang sesungguhnya pada usia emas atau masa tua.",Pemahaman Alkitab,9,0
GUMULAN HIDUP PASCAKULIAH,"Jadi, apakah Anda siap untuk kehidupan pascakuliah?

Ketika meninggalkan gerbang kehidupan kampus bergelora harap bahwa kita siap menghadapi apa pun yang ada di luar kampus. Namun, apa artinya siap? Beberapa mahasiswa merasa siap pada bulan September di mana mereka menginjak tahun terakhir. Dalam ketergesaan mempersiapkan resume dan lamaran pekerjaan, sangat mudah untuk melewatkan kesiapan emosi kita untuk memasuki fase dewasa atau meremehkan hal-hal krusial yang diperlukan untuk kehidupan kita sendiri.

Akan tetapi, kesiapan di sini tidak hanya soal pekerjaan, tempat tinggal, atau gaji. Ini adalah tentang kesiapan untuk mengikuti Kristus dan yang rindu mengikuti Dia dalam setiap bidang kehidupan.",Bacaan,62,0
HATIKU RUMAH KRISTUS,"Membaca telah terbukti dapat meningkatkan kemampuan kognitif anak. Kemampuan kognitif merupakan kemampuan untuk bisa berpikir dan memahami Membaca sejak masih kecil dapat membantu meningkatkan kemampuan berbicara, kemampuan sosial, dan juga kemampuan bahasa. Hal ini dikarenakan membaca sejak kecil membantu menstimulasi bagian otak yang mendorong mereka memahami bahasa dengan lebih baik.

Sinopsis :
Suatu hari yang indah, seorang mengetuk rumah Peter. Saat membuka pintu, Peter merasa sangat senang, karena tamu itu adalah Yesus. Mereka menghabiskan waktu bersama, makan bersama, bermain bersama, dan Peter merasa sangat bahagia. Hingga suatu ketika Peter mulai merasa gelisah. Apa yang terjadi dengan Peter?

Cerita Dengan gambar yang indah serta menyenangkan yang akan membantu anak-anak memahami kehidupan besama Tuhan Yesus.

Tentang Penulis
Robert Boyd Munger, author of the best-selling My Heart-Christ's Home, died February 16, 2001, at age 90. He earned degrees from the University of California at Berkeley, Princeton Theological Seminary, and Whitworth College. Ordained as a United Presbyterian minister, he served as pastor of several congregations, including the First Presbyterian Church of Berkeley, California, where first preached the sermon ""My Heart-Christ's HomeMunger also served for many years as a professor book he ."" at Fuller Theological Seminary in Pasadena, California.

Tahun Terbit : Cetakan Pertama, Oktober 2023
","Pastoral, Bahan Pendalaman Alkitab (PA), Bacaan",116,0
HEALING IS A CHOICE,"APAKAH ANDA INGIN MENGALAMI PEMULIHAN?

Kuasa untuk memulihkan---secara fisik, mental, emosi, rohani---ada dalam tangan Tuhan. Tetapi pilihan untuk dipulihkan ada dalam tangan Anda. Setiap orang, dalam berbagai tingkatan, butuh pemulihan. Anda mungkin sudah berulang kali, selama bertahun-tahun berdoa untuk mendapatkan pemulihan. Mungkin Anda sudah begitu lama hidup dalam rasa sakit sehingga Anda sudah terbiasa dengan hidup seperti itu. Mungkin Anda mulai ragu apakah Allah bisa menghilangkan penderitaan ini. 

Dia bisa. Tetapi Anda juga harus memilih untuk melepaskan rasa sakit itu dan mengizinkan pemulihannya dimulai. 

Stephen Arterburn menawarkan 10 pilihan penting untuk mendapatkan pemulihan. Mengambil semua pilihan ini berarti menolak kebohongan yang sering kita katakan pada diri kita sendiri. Semua pilihan ini bukanlah sarana untuk menghasilkan mujizat, tetapi berupa perjalanan yang Allah ingin Anda lakukan. Allah bisa dan akan berjalan bersama Anda. Tetapi Anda harus melangkah dulu dan memilih untuk melepaskan rasa sakit itu dan mengizinkan proses pemulihannya dimulai.",Spiritualitas,19,0
HEARING GOD,"Allah berbicara kepada saya.
Roh Kudus berbicara dalam hati saya.
Allah menyingkapkan ide itu kepada saya.

Dekat dengan Allah artinya berkomunikasi dengan Dia, berbicara kepada-Nya tentang apa yang ada di hati kita dalam doa, sekaligus mendengar dan memahami apa yang Ia katakan kepada kita. Bagian kedua dari perbincangan dengan Allah inilah yang sangat penting, sekaligus sangat sulit. Bagaimana kita bisa mendengar suara-Nya? Bagaimana kita bisa yakin bahwa yang kita dengar bukan alam bawah sadar kita sendiri? Apa peran Alkitab dalam hal ini? Bagaimana jika yang dikatakan Allah kepada kita tidak jelas?

Kuncinya, menurut penulis buku laris Dallas Willard, bukan berfokus pada tindakan atau keputusan individu, tetapi membangun hubungan pribadi dengan Pencipta kita. Dalam karya klasik ini, penulis memberikan wawasan rohani mendalam pada bagaimana kita dapat mendengar suara Allah secara jelas dan mengembangkan kemitraan intim dengan-Nya dalam pekerjaan kerajaan-Nya.

Buku ini juga memberikan enam latihan lectio divina di setiap bagian yang membimbing Anda masuk ke dalam pengalaman mendengarkan Allah dan diperlengkapi dengan beragam pertanyaan kunci terkait dengan mendengarkan Allah dan membantu Anda dalam mencari jawabannya di sepanjang teks Kitab Suci.",Spiritualitas,100,0
HIDUP BERHASIL DALAM DUNIA YANG TOKSIK (MEMAHAMI KITAB DANIEL),"DI LUAR DARI KISAH GUA SINGA DAN TUNGKU API,

Sebagian besar kisah yang ada di kitab Daniel terlihat aneh bagi pembaca masa kini. Paruh pertama penuh dengan berbagai cerita tentang pola kehidupan Timur Dekat kuno dan drama di istana raja; paruh kedua berisi berbagai penglihatan apokaliptik tentang makhluk-makhluk mengerikan dan konflik kosmis. Banyak orang Kristen yang salah paham atau menghindari kitab ini. Tapi, gagal membaca kitab Daniel dengan baik berarti kehilangan bagian penting dari pesan Allah kepada kita. 

Menurut Tremper Longman III, ketika kita membaca kitab ini dengan mengikuti bahasa dan konteks aslinya, kita akan mendapati bahwa kitab ini lebih mudah daripada yang kita pikirkan. Penulis memakai keterampilannya sebagai ahli dan pengajar Perjanjian Lama untuk mengarahkan para pembaca dalam membaca kitab Daniel dengan benar. Dia membahas genre, susunan, latar belakang sejarah, dan pesan teologis utama dari kitab tersebut sebelum masuk lebih dalam ke setiap kisah dan penglihatan yang ada.

Saat kita belajar memasuki dunianya Daniel, kita menemukan sebuah pesan yang tetap relevan, tidak saja bagi generasi Daniel tapi juga bagi generasi kita: di tengah situasi dunia yang kacau dan sulit, Allah yang memegang kendali, dan Dia yang memiliki kemenangan akhir. Ia berusaha membantu orang Kristen abad ke-21 untuk hidup berhasil di tengah dunia yang toksik dan berpengharapan di dalam dunia yang kompleks. Buku ini adalah titik awal yang sangat baik bagi siapa saja yang ingin mempelajari, mengajar, atau mencari bimbingan yang bisa diandalkan tentang kitab kuno ini.",Doktrin dan Teologi,0,1
HIDUPKU BERSAMA TUHAN,"Jika kamu diminta untuk mengubah dunia, siapa yang kamu cari dan apa yang akan kamu lakukan? Mungkin pertanyaan ini tidak pernah terpikirkan dalam benakmu, namun lihatlah siapa yang Yesus temui, dan apa yang Yesus lakukan? Yersus pergi memanggil nelayan menjadi murid-Nya, duduk makan bersama pemungut cukai dan menjadikan dia murid, serta Yesus memakai orang-orang biasa lainnya yang mungkin secara logika kurang terpandang. Yang Yesus lakukanpun unik, karena Dia tidak memberikan beasiswa kepada murid-muridnya untuk sekolah tinggi dan kembali untuk membawa perubahan di Isreal saat itu, malahan Yesus mengajak murid-murid yang telah dipanggil-Nya berkeliling melayani dan mengajar orang lain, dalam perjalanan itulah Yesus juga memberikan teladan hidup-Nya tentang apa yang Dia pikirkan, apa yang Dia ajarkan, serta apa yang Dia lakukan. Yesus Memuridkan! Melalui seluruh hidupnya, Yesus membawa perubahan besar bagi hidup murid-muridnya yang berdampak bagi dunia hingga sekarang.

Pemuridan bukanlah tawaran, namun panggilan--yang dituliskan dalam Amaant Agung--dari Tuhan yang memegang segala kuasa di bumi maupun di sorga. Buku ini menjadi salah satu penolong yang dapat kita gunakan agar kita bisa bertumbuh--dimuridkan dan pada akhirnya dapat kembali memuridkan.",Bahan Pendalaman Alkitab (PA),87,2
HOLLYWOOD HEROES (PAHLAWAN-PAHLAWAN HOLLYWOOD),"Buku ini akan mengubah cara Anda menonton film dan mengubah cara Anda memahami pahlawan terbesar kita --- Yesus Kristus
Batman menatap Joker yang sedang tertawa. Luke Skywalker menyabetkan pedang sinarnya kepada Darth Vader. Iron Man mengorbankan dirinya dengan menjentikkan jari untuk menyelamatkan dunia. Mata kita terpaku pada layar. Mengapa?
Film menggabungkan humor, aksi, dan drama untuk menghasilkan cerita yang memperjelas pertempuran antara kebaikan dan kejahatan. Selain itu, film memberikan pelajaran bagi kehidupan tentang keadilan, tujuan, keberanian, kekuatan, keyakinan, dan kasih. Film juga mengajarkan kita tentang Pencipta. Lihat saja film-film layar lebar dari Marvel, DC, dan seri film seperti Star Wars, The Lord of the Rings, dan Harry Potter. Semua kisah fiksi ini membukakan kebenaran yang dalam tentang Allah.
Lengkap dengan daftar rekomendasi tontonan, buku ini menjelaskan serangkaian tokoh dari berbagai film untuk menunjukkan kualitas-kualitas terbaik dan penghalang-penghalang terbesar mereka. Kisah-kisah mereka semua menjadi serangkaian perumpamaan modern yang merujuk pada Allah dan misi-Nya bagi kita. Buku ini merupakan sumber yang sangat baik untuk membuka percakapan yang bermakna dengan para penggemar film lainnya. Sekarang ambil popcornnya!",Apologetika,27,35
HOW TO FIND GOD (BAGAIMANA MENEMUKAN ALLAH),"Kelahiran, pernikahan, dan kematian merupakan peristiwa penting dalam kehidupan kita yang mana kita mengalami kebahagiaan terbesar dan kesedihan terdalam. Oleh karena itu, sangatlah penting untuk memahami bagaimana menghadapi peristiwa-peristiwa trsebut dengan penuh kasih karunia, ketabahan, dan sukacita.

Dalam Kelahiran, Timothy Keller membantu kita memahami kelahiran fisik maupun rohani, dan juga bagaimana baptisan terkait dengan kedua hal itu. Keller mengambil dari pengalamannya sebagai pendeta dan orangtua selama empat puluh lima tahun dalam membahas apa artinya menerima kelahiran baru dan juga dilahirkan kembali.

Dalam Pernikahan, Timothy dan Kathy Keller memberikan pengalaman pribadi mereka selama empat puluh lima tahun dalam pernikahan, dan juga pemahaman yang mendalam akan Alkitab kepada mereka yang ingin mempelajarinya. Pasangan Keller ini mengajar kita untuk mulai memahami dan memperkaya pernikahan Anda. 

Dalam Kematian, kita hidup di budaya yang berusaha sebisa mungkin menyangkali kematian, Timothy Keller menolong kita untuk menghadapi kematian dengan berbagai sumber daya iman yang ada dalam Alkitab. Dengan penuh hikmat dan belas kasih, Keller membagikan alternatif dalam Alkitab untuk mengatasi keputusasaan maupun penyangkalan. 

Sebuah buku luar biasa yang memberi kita berbagai sarana untuk mendalami makna dari kelahiran, pernikahan dan di dalam visi Allah akan kehidupan.",Spiritualitas,86,0
IMAGINE CHURCH,"Bagaimana sebuah gereja biasa pada umumnya dapat menghasilkan murid-murid Kristus yang menjalani seluruh aspek hidup mereka sebagai pengikut Yesus penuh waktu baik saat di rumah, dunia pekerjaan, dan lingkungan masyarakat?
Waktu-waktu kita di dalam gereja perlu memperlengkapi kita menjadi garam dan terang ketika keluar dari gereja. Diambil dari pelajaran dengan usaha yang keras melalui proyek Imagine, buku ini menawarkan bantuan dan harapan dari gereja-gereja yang sudah menerapkannya:
--- Pelajaran dari pelayanan tiga tahun bersama gereja-gereja percontohan
--- Ide-ide praktis bagi gereja Anda
--- Kisah-kisah nyata dari gereja dan individu
Ini bukanlah sebuah perbaikan instan. Tidak ada perbaikan instan. Sebaliknya,  buku ini menawarkan harapan baru dan perubahan kecil yang akan mengubahkan.",Penginjilan,33,1
INTEGRASI TEOLOGI DAN PSIKOLOGI,"Integrasi antara teologi dan psikologi adalah masalah
utama kehidupan kristiani, yaitu bagaimana orang
percaya mengalami bahwa the truth that set them free",Bacaan,140,0
INTEGRATING PSYCHOLOGY & CHRISTIANITY,"Buku ini berusaha memberikan gambaran tentang bagaimana integrasi antara psikologi dan iman Kristen itu dapat, bahkan seharusnya, dilakukan agar keduanya menemukan keutuhan. Model integrasi yang dikembangkan dalam buku ini bukan model yang baru, melainkan hanya memodifikasi kelima model awal yang telah banyak diterima dan didiskusikan oleh beberapa kalangan (Level of Explanation Model, Christian Psychology model, Transformational Psychology Model, Integration Model, Biblical Counseling Model)...,","Analisis Budaya, Bacaan",59,0
JESUS THE KING (YESUS SANG RAJA),"Kisah dari manusia paling berpengaruh yang pernah ada di dunia telah diceritakan dalam ribuan cara selama ribuan tahun. Apakah masih ada lagi yang bisa diceritakan?

Timothy Keller, penulis terlaris versi New York Times, penulis dari Walking with God Through Pain and Suffering dan disebut oleh Newsweek sebagai C. S. Lewis abad ke-21, memberikan pemahaman baru tentang kehidupan Yesus Kristus saat dia menyelidiki bagaimana Yesus menjadi raja, tapi raja yang harus menanggung beban paling berat dibanding siapa pun juga. Di dalam buku ini, Keller membuka kehidupan Kristus sebagaimana diceritakan dalam kitab Injil Markus. Di dalam buku ini, Keller menunjukkan bagaimana kisah Yesus yang bersifat kosmis, historis, dan pribadi ini memanggil setiap kita untuk memahami kembali relasi kita dengan Allah. Ini merupakan pembahasan yang berkesan tentang Yesus Kristus dan tentunya akan membekas di setiap pembacanya.",Doktrin dan Teologi,72,47
"JIKA ANDA INGIN BERJALAN DI ATAS AIR, KELUARLAH DARI PERAHU","Tinggal Satu Langkah Lagi Menuju Petualangan Terhebat Sepanjang Hidup

Di lubuk hati yang terdalam, Anda memiliki iman dan kerinduan untuk mengikuti jejak Petrus: melintasi Laut Galilea yang diterpa badai, berjalan menuju Yesus.

Bagaimana Tuhan memanggil Anda, sebagaimana Dia memanggil Petrus, Datanglah?

John Ortberg mengundang Anda untuk merenungkan potensi dahsyat yang menantikan Anda di luar zona nyaman Anda. Yesus tengah menunggu untuk menjumpai Anda dengan cara-cara yang bakal mengubah Anda untuk selama-lamanya, memperdalam karakter, dan kepercayaan Anda kepada Allah. Pengalaman ini menggentarkan. Sekaligus membangkitkan gairah yang tak terlukiskan. Pengalaman yang hanya mungkin Anda alami bersama dengan Tuhan.

Pilihan ada di tangan Anda. Apakah Anda ingin mengenal Dia seperti orang-orang lain yang telah berjalan di atas air? Dalam prosesnya, Anda menyelaraskan diri dengan tujuan Allah bagi hidup Anda. Hanya ada satu syarat:

Jika Anda Ingin Berjalan di Atas Air, Keluarlah dari Perahu.",Spiritualitas,19,87
JUST DO SOMETHING (LAKUKANLAH SESUATU),"Apakah saya harus menikah?
Apakah dia pasangan yang dikehendaki Tuhan?
Pekerjaan apa yang Allah inginkan?
Di manakah saya harus tinggal?
Rumah mana yang harus saya beli?

Ada begitu banyak pertanyaan yang harus dijawab dan keputusan yang harus diambil. Kita sering ragu-ragu dan tidak berani memutuskan sesu- atu yang berkaitan dengan masa depan, pekerjaan, dan relasi. Banyak dari kita menjadi khawatir karena belum menemukan kehendak Allah yang sempurna bagi hidup kita. Bahkan yang lebih buruk lagi, kita tidak melakukan apa-apa: hanya menunggu ... menunggu ... dan menunggu arahan langsung yang jelas dan bebas dari segala risiko.

Tetapi Tuhan tidak perlu untuk selalu memberitahu kita tentang semua hal yang perlu diputuskan pada setiap persimpangan jalan. Dia telah menyatakan rencana-Nya bagi kita yaitu: untuk mengasihi-Nya dengan sepenuh hati, menaati Firman-Nya, dan setelah itu lakukanlah sesuatu yang kita inginkan. Buku ini akan menolong kita untuk lebih produktif, dengan membuat kita berani berjalan menjauh dari keragu-raguan yang melumpuhkan hidup kita.

PENDEKATAN YANG TERLALU MEROHANIKAN SEGALA SESUATU UNTUK MENEMUKAN KEHENDAK ALLAH, AKAN MEMBUAT KITA TIDAK BERANI MELANGKAH. SAATNYA BAGI KITA UNTUK MELAKUKAN HAL YANG BARU:
BERSERAH DAN MELANGKAH!",Doktrin dan Teologi,4,0
KABAR BAIK UNTUK SISWA,"Kabar baik adalah bahan penyelidikan Alkitab yang dirancang dengan ilustrasi menarik sehingga menjadi bahan yang menyenangkan untuk melakukan Pekabaran Injil.

Bahan ini dibuat dengan gaya bahasa yang mudah, aktual, dan dikaitkan dengan kehidupan remaja masa kini.

Buku ini dapat digunakan secara kelompok maupun pribadi oleh siswa, maupun kelompok remaja di persekutuan dan gereja.",Pemahaman Alkitab,227,0
KALIBRASI HATI (LIBERTY IN THE GOSPEL),"Sebagai orang yang telah diselamatkan, kita rindu hidup dalam kehendak Tuhan. Namun, hati kita sangat licik dan sering kali menggoda kita untuk keluar dari jalur Injil. Itu sebabnya hati kita perlu terus dikalibrasi oleh Injil sehingga kita dapat berjalan di jalur yang benar dan tidak terjebak ke dalam liberalisme atau legalisme. Melalui perenungan 52 minggu kitab Galatia ini, Ps. Michael Chrisdion bersama dengan Ps. Dave Hatoguan dan Ps. Natanael Thamrin mengajak Anda menggunakan lensa Injil untuk mengkalibrasi hati Anda sehingga hidup Anda semakin lama semakin selaras dengan Injil-Nya.

","Penulis Lokal, Non-Fiksi, Pemujuaan Berhala, Pemujaan Berhala",255,81
KARAKTER HIDUP BARU,"Setelah lahir baru dalam Kristus kita pun akan mengalami proses pembaharuan karakter di dalam DIA dan proses tersebut tidak akan terhenti sepanjang hidup kita. Selama proses itu berlangsung kita akan diperhadapkan kepada pemurnian demi pemurnian yang mungkin saja sangat menyakitkan namun hasilnya akan berbuah manis yaitu, hidup yang semakin serupa dengan Kristus.

Buku PA ini akan menolong kita untuk mengenali lebih dalam lagi apa dan bagaimana sesungguhnya karakter seorang murid yang membutuhkan Kristus dalam setiap aspek hidupnya.",Pemahaman Alkitab,380,0
KARUNIA PENDERITAAN,"Yesus menggerakkan kita untuk melihat penderitaan kita dengan penuh kasih, juga penderitaan orang lain, dan penderitaan dunia. Untuk dapat melakukan hal ini diperlukan persepsi yang telah diubahkan.

Kita perlu mengambil jarak, kita butuh ruang dan latihan yang menolong kita untuk keluar dari luka dan kepedihan yang kita alami, dan melihat diri kita serta orang lain melalui kacamata kasih.

Kita membuat kesalahan. Rencana berantakan. Mimpi hancur. Iman menghilang. Penderitaan benar-benar nyata kita alami. Kita membutuhkan bantuan untuk mengalibrasi ulang hidup kita, agar kembali kepada satu-satunya Allah Pemurah yang dapat dipercaya.

-Mark Yaconelli-",Bacaan,23,0
KEBAIKAN DAN KEINDAHAN PEMURIDAN,"Buku ini dihadirkan sebagai wake up call bagi generasi pengikut Kristus hari ini akan keindahan dan kebaikan pemuridan dalam KTB. Bahwasannya kehidupan seorang murid Kristus yang berakar kuat pada firman Tuhan, bertumbuh dalam kasih kepada Allah dan sesama, dan berbuahkan watak serupa Kristus hanya dapat dibangun melalui pemuridan yang intensional dan relasional, sebagaimana terjadi dalam KTB. Para pembuat murid hari ini dan di sepanjang masa, diingatkan akan hal-hal yang esensial dalam proses pemuridan, yaitu Pengajaran, Penyembahan, Persekutuan, dan Misi. Pola, bahan, dan metode pemuridan dapat diubah dan dikreasikan, namun kesemuanya itu harus ditujukan untuk membangun kehidupan seorang murid yang utuh terus diwariskan dari generasi ke generasi. Jika Anda ingin bertumbuh sebagai murid Kristus dan belajar dari mereka yang telah setia mengikuti-Nya selama beberapa dekade, ini adalah buku untuk Anda. Saya sungguh merekomendasikan buku ini kepada siapa saja yang ingin bergabung dalam misi Tuhan yang luar biasa di dunia ini. ~ Iman Santoso,Ph.D., Perintis Pelayanan Perkantas di Surabaya, Jatim dan Nasional, saat ini melayani sebagai Pimpinan TCI Seperti judulnya, buku ini merekam kebaikan dan keindahan pemuridan dalam wujud re_eksi teologis dan praktis terhadap pengalaman-pengalaman para penulisnya, para pembuat murid. Setiap bagian menawarkan kekayaan penghayatan yang limpah dan sulit ditemukan di buku-buku yang lain.",Penulis Lokal,10,1
KETUHANAN KRISTUS,"Sebagai murid Kristus jika dihayati dengan utuh maka akan dijumpai suatu kehidupan yang menampilkan warna yang berbeda dengan kehidupan dunia. Karena prinsip seorang murid meneladani Gurunya, Tuhan Yesus. Bagaimanapun situasi dan kondisi jaman dan tantangan yang dihadapi ia akan menempatkan Kristus sebagai pertimbangan yang utama untuk segala keputusannya dan Tuhan atas segala hidup serta yang ia miliki.

Buku ini kelanjutan dari seri Pembinaan Dasar yang memaparkan tentang Ketuhanan Kristus dalam kehidupan seorang murid Kristus.

Buku ini disajikan dengan pertanyaan-pertanyaan diskusi untuk penggalian yang lebih mendalam serta penerapan dan proyek yang harus dilakukan.

Buku ini dikonsumsikan bagi orang-orang Kristen yang rindu bertumbuh.

#ketuhanankristus #literaturperkantasjatim #bukuktb",Bahan Pendalaman Alkitab (PA),38,0
KINGDOM CALLING,"Amy Sherman dengan sangat fasih menuturkan mengenai fondasi teologis panggilan kerajaan Allah, lalu menunjukkannya lewat cara-cara praktis untuk menjalankan panggilan itu. Dituliskan dalam gaya bahasa yang cerdas serta diperkaya oleh riset-riset yang dilakukan dengan hati-hati, tak salah bila Sherman dijuluki sebagai salah satu pakar penatalayanan vokasi. Ia menggali tren-tren budaya kehidupan profesional yang mencoba memisahkan iman dan pekerjaan (baca: panggilan). Melalui buku ini, ia juag menunjukkan bahwa gereja, sedikit-banyak, berkontribusi terhadap erosi pemahaman ini kepada umat Allah.

Buku ini akan menolong gereja dan umat Allah agar memperhatikan bahwa panggilan kerajaan Allah tidak dapat dipisahkan dari iman serta pekerjaan mereka. Dengan demikian, mereka menjadi berkat bagi dunia, dan dunia bersukaria karenanya.",Bacaan,9,0
KISAH SUAMI ISTRI DALAM PL,"Lihatlah beberapa pasangan suami istri dalam Perjanjian Lama, Anda akan menemukan bahwa perkawinan begitu rumit dan penuh kesulitan.

Melalui kisah mereka, kita dapat belajar banyak mengenai hidup perkawinan, Tuhan, dan juga diri kita sendiri. Semua pasangan itu tidak sempurna, tetapi memiliki Allah yang sempurna, sehingga mereka bisa saling mengasihi, dan kita semua dapat menemukan kesamaan di dalamnya.

Seperti kisah mereka di dalam Alkitab, kita lebih berbahagia jika kita menjalani janji perkawinan--di sepanjang sisa hidup ini--di bawah pimpinan dan cinta kasih Tuhan.

Prinsip-prinsip yang akan kita pelajari dari buku ini pada akhirnya berlaku bagi kita semua, menikah atau pun lajang, juga bagi kita yang sedang mempersiapkan hidup perkawinan kita.",Pemahaman Alkitab,198,0
KITAB ULANGAN,"Melalui buku ini, pembaca akan mampu menemukan teologi yang kaya tentang Allah yang menepati janji-janjiNya. Bersama kitab-kitab lain dalam Perjanjian Lama, Kitab Ulangan berbicara banyak kepada manusia masa kini yang--sama seperti orang Israel kuno--hidup dalam ketidakpastian.
Kitab Ulangan sama sekali tidak kuni, namun sungguh mendorong dan mengajak kita percaya kepada Allah yang setia. Karena itu, kitab ini harus ditanggapi serius oleh setiap prang Kristen masa kini.
Buku ini membumi karena menggunakan konteks jemaat dan dirancang untuk dipakai baik sebagai bacaan pribadi maupun penelaahan Alkitab dalam kelompok.",Bacaan,8,0
KONKORDANSI ALKITAB,"Konkordansi Alkitab adalah sebuah konkordansi, atau indeks verbal, untuk Alkitab. Dalam bentuk sederhana berupa daftar kata-kata Alkitab secara alfabetis, dengan indikasi untuk memperlengkapi pengguna menemukan bagian-bagian dari Alkitab dimana kata-kata itu muncul. Konkordansi bisa untuk bahasa asli kitab-kitab Alkitab, atau (lebih sering) disusun untuk terjemahan.

Konkordansi pertama yang dicetak muncul pada tahun 1470 di Strasbourg, dan mencapai edisi kedua pada tahun 1475. Bagian pekerjaan yang lebih besar dari bagian singkat itu dicetak di Nuremberg pada tahun 1485. Biarawan Dominikan lain, John Stoic Wic, atau John dari Ragusa, menganggap perlu dalam kontroversinya untuk menunjukkan penggunaan Alkitabiah dari nisi, ex, dan per, yang dihilangkan dari konkordansi sebelumnya, mulai (~ 1435) mengkompilasi hampir semua kata Latin indeclinable dalam Kitab Suci; tugas itu diselesaikan dan disempurnakan oleh orang lain yaitu Conrad dari Halberstadt dalam karya Sebastian Brant yang diterbitkan di Basel pada tahun 1496.

Karya Brant sering dicetak ulang di berbagai kota. Ini berfungsi sebagai dasar konkordansi diterbitkan pada tahun 1555 oleh Robert Estienne. Estienne menambahkan nama-nama, melengkapi apa yang hilang, membaurkan kata-kata indeclinable dengan yang lain dalam urutan abjad.

Buku yang merupakan edisi revisi ini lebih lengkap dan berbobot. Buku yang disusun berdasarkan alfabet dengan sistematika yang sangat baik ini dapat menolong Anda dalam menemukan kata, tema Alkitab tertentu yang sesuai dengan keinginan Anda. Buku ini sangat penting bagi pendeta, majelis gereja, mahasiswa sekolah teologi, dan siapa saja yang sering mengalami kesulitan dalam memahami isi Alkitab.","Bacaan, Doktrin dan Teologi",328,0
KONSELING PRANIKAH,Buku pegangan untuk konseling pranikah ini dirancang khusus untuk melengkapi pemimpin-pemimpin Kristen dan sekaligus pasangan-pasangan yang akan mengikuti konseling pranikah. Buku ini disusun sedemikian rupa untuk menempatkan pasangan-pasangan dalam kondisi yang tak terhindarkan untuk terlibat langsung dengan setiap isi pelajaran yang akan diberikan.,"Pacaran dan Pernikahan, Doa dan Kontemplasi",330,0
KUASA DOA ITU NYATA,"Apakah doa Anda dikabulkan? Atau, apakah Anda sudah lelah menunggu jawaban dan bertanya-tanya benarkah Allah sungguh-sungguh mendengarkan doa Anda?
Anda tidak sendirian. Ada jutaan orang yang bergumul untuk mengetahui cara berdoa, bertanya-tanya: Apakah aku sudah memakai kata yang benar? Apakah aku bahkan layak menerima jawaban doa? Mengapa Allah bersedia mendengarkanku?

Namun, intinya doa bukanlah suatu formula, melainkan suatu relasi dengan Allah. Perbaruilah harapan Anda dan segarkanlah kembali kehidupan doa Anda melalui kumpulan kisah nyata yang penuh inspirasi ini. Temukan orang yang mendapati bahwa Allah sungguh-sungguh mendengarkan, memedulikan hal-hal kecil, dan memberi apa yang Anda butuhkan.","Doa dan Kontemplasi, Pacaran dan Pernikahan, Penginjilan",3,2
LADY IN WAITING,"Buku ini memberi nasihat kepada wanita lajang untuk memanfaatkan waktu mereka sebelum menikah dengan mempersiapkan diri secara rohani dan melayani Tuhan, bukan mengejar pria. Wanita lajang diminta untuk fokus pada hubungan dengan Tuhan daripada kesepian atau menunggu pria idaman.","Lajang, Pacaran dan Pernikahan, Kehidupan Perempuan Kristen, Pemahaman Alkitab",1346,0
LEADERSHIP REFORMED (REFORMASI KEPEMIMPINAN),"Buku ini menampikan Injil sebagai lensa untuk mencermati dan memaknai lima area efektivitas kepemimpinan pribadi, yaitu keinginan, identitas, martabat, motivasi, dan ambisi.

Setiap momen penting yang mengubah dunia menjadi lebih baik selalu melibatkan kepemimpinan. Namun, sejarah juga menunjukkan bahwa para pemimpin paling tangguh sekalipun rentan mengalami penyimpangan dan kegagalan. Berlawanan dengan pemikiran populer bahwa pemimpin perlu meningkatkan kemampuan diri untuk menjadi efektif, fokus terhadap dirisendiri itu keliru karena diri adalah akar dari setiap masalah kepemimpinan. Di sini penulis mengungkapkan bahwa pemusatan pada diri--dan karenanya, ketidakpercayaan kepada Injil--adalah alasan mendasar mengapa para pemimpin sering dibutakan oleh kekuasaan dan kontrol, berlari terengah-engah diatas mesin kinerja, hidup bagi penerimaan orang lain, dan berambisi sempit untuk hal-hal duniawi.

Dengan menggunakan wawasan alkitabiah dan penelitian akademis, prinsip-prinsip kepemimpinan di dalam buku ini, dan penerapannya yang dekat dengan kehidupan sehari-hari, akan memperlengkapi pemimpin baru maupun pemimpin berpengalaman untuk memulai dan mengakhiri kepemimpinan mereka dengan baik.",Kepemimpinan,0,127
LEARNING TO HOLD: AFTER MARRIAGE,"Saat kita mendidik seorang anak, kita harus melihat mereka sebagai calon suami/istri bagi pasangannya, calon mantu bagi mertuanya, calon ayah/ibu bagi anaknya. Sehingga ketika mereka memiliki masalah saat sudah dewasa/menikah, kita tidak bisa menutup mata, membiarkan dan menganggap itu urusannya sendiri. Ada bagian dari masa lalu anak --saat proses pembentukannya-- yang berkontribusi terhadap masalahnya sekarang sehingga kita tidak bisa lepas tangan begitu saja. Justru diperlukan tangan yang kuat untuk membopong dan menolong dia agar bisa bangkit dan berjalan kembali bersama Tuhan, learning to hold.","Pemahaman Alkitab, Doktrin dan Teologi, Pemujaan Berhala",0,10
LEARNING TO HOLD: BEFORE MARRIAGE,"Meski terjadi hal yang buruk, dan membuat kita atau anak kita terpuruk ... Pasti ada cerita Tuhan di balik kisah itu. Hanya Tuhan yang bisa memberi titik dan berkata Ya, ceritamu sudah selesai. Jika kita masih diberi kesempatan hidup, berarti selalu ada titik koma. Bahkan ketika anak kita hilang arah dan jatuh, kita terus pegang tangan-Nya, berserah, dan bertanya, Lalu, kelanjutan ceritanya apa nih Tuhan?, sehingga kita dapat merangkulnya dan mengatakan Yuk, kita terus berjalan bersama Tuhan karena ini belum titik, cerita-Nya masih berlanjut.","Doktrin dan Teologi, Pemujaan Berhala, Pemahaman Alkitab",0,4
LETTERS TO THE CHURCH (SURAT KEPADA GEREJA),"JIKA KEINGINAN ALLAH YANG JADI, GEREJA KITA HARUSNYA SEPERTI APA?

Dalam bukunya yang sangat berpengaruh ini, Francis Chan menggali kebenaran Alkitab, merenungkan berbagai kegagalan dan mimpinya, serta berbagai cerita tentang Allah menggunakan orang-orang biasa untuk mengubah dunia ini.

Seperti katanya, Kita telah melenceng jauh dari apa yang Allah inginkan terhadap gerejanya. Kita tahu bahwa gereja kita yang sekarang sangat berbeda dari gereja yang ada dalam Alkitab. Selama puluhan tahun, para pemimpin gereja seperti saya telah kehilangan pemahaman tentang misteri gereja yang ada. Kami telah melatih orang untuk duduk di bangku gereja dan kecanduan hal-hal yang remeh. Sudah waktunya untuk berubah.

Saat Yesus kembali, apakah Dia akan menemukan kita sedang melayani gereja-Nya --- mengutamakan hal tersebut melebihi hidup kita sendiri? Buku ini mengingatkan kita tentang betapa berkuasa, betapa mulia gereja dahulu ... dan memanggil kita sekali lagi menjadi gereja yang Allah inginkan.

#bookrecommended #literaturperkantasjatim #letterstothechurch",Gereja dan Ibadah,106,6
LIES WOMEN BELIEVE,"Patahkan segala kebohongan yang mencegah Anda dari hidup berkelimpahan.
Setan adalah penipu ulung; kebohongannya tak berkesudahan. Dan kebohongan yang dipercayai kaum wanita Kristen adalah akar dari sebagian besar pergumulan hidup mereka.

Banyak wanita hidup di bawah bayang-bayang rasa bersalah dan menghakimi diri sendiri, kata Nancy DeMoss Wolgemuth. Banyak wanita terbelenggu oleh masa lalu. Yang lain dicengkeram ketakutan ditolak dan keinginan untuk diakui. Sedangkan yang lain menjadi tawanan emosi yang destruktif.
Dalam buku laris ini, Lies Women Believe, Nancy mengungkap berbagai tipuan yang paling banyak dipercayai oleh kaum wanita Kristen -- kebohongan tentang Tuhan, dosa, prioritas, pernikahan serta keluarga, emosi, dan banyak lagi. Sesudah itu, ia menjelaskan bagaimana kita bisa terbebas dari belenggu kebohongan dan dimerdekakan untuk berjalan dalam kasih karunia, pengampunan, dan kehidupan berkelimpahan di dalam Tuhan. Nancy memberi senjata paling efektif untuk mematahkan dan mengatasi tipuan setan: kebenaran Tuhan!",Kehidupan Perempuan Kristen,19,16
LOVE DOES,"Sebagai seorang mahasiswa, ia menghabiskan 16 hari di Samudera Pasifik dengan lima orang dan sebuah kaleng daging. Sebagai seorang ayah, ia membawa anak-anaknya keliling dunia untuk makan es krim dengan kepala-kepala negara. Dia membuat banyak teman di Uganda dan mereka sangat menyukainya hingga menjadikannya konsul Uganda. Ia mengejar istrinya selama tiga tahun sebelum sang wanita setuju untuk berkencan dengannya. Nilai-nilainya tidak cukup baik untuk masuk ke sekolah hukum, jadi ia duduk di bangku luar kantor dekan selama tujuh hari sampai akhirnya mereka membiarkan dia mendaftar.

Bob Goff telah menjadi sesuatu dari sebuah legenda dan teman-temannya menganggap dia sebagai penjaga rahasia terbaik di dunia. Teman-temannya itu telah lama memaksa dia untuk menulis buku. Berikut ini adalah pergeseran paradigma, renungan, dan cerita dari salah satu orang paling menyenangkan yang begitu menarik dan menawan di dunia. Apa yang membuat Bob begitu berdampak? Cinta. Tapi itu bukan jenis cinta yang berhenti di pikiran dan perasaan saja. Cinta Bob mengambil tindakan. Bob percaya Cinta Bertindak.
Ketika Cinta Bertindak, hidup menjadi menarik. Setiap hari selalu ada hal lucu, aneh, kesempatan bermakna yang membuat iman menjadi nyata dan mengubahkan. Setiap bab adalah cerita yang membentuk sebuah buku, juga sebuah kehidupan. Dan ini adalah salah satu kehidupan yang pasti tidak mau Anda lewatkan.

Ringan dan menyenangkan, unik dan mendalam, pelajaran yang diambil dari kehidupan dan sikap Bob pasti menginspirasi Anda untuk menjadi luar biasa secara tersembunyi juga.",Spiritualitas,36,34
MAKING SENSE OF GOD,"Mungkin Anda dibesarkan sebagai orang Kristen tapi kemudian berhenti ke gereja?

Mungkin Agama mengecewakan Anda dan Anda tidak pernah kembali kepada Allah?

Mungkin Sains dan skeptisisme telah menggantikan kebutuhan Anda akan Allah?

Tapi Anda kesulitan menjawab pertanyaan hidup yang lebih besar ... Di mana saya bisa menemukan kepuasan?

Apakah kita bisa mendapat keadilan yang sebenarnya? Mengapa saya tidak mengalami kepuasan?

Mungkin sudah waktunya untuk memikirkan ulang pandangan Anda tentang Allah?
Kita hidup dalam zaman yang menghargai pemikiran empiris, perkembangan manusia, dan hak bagi semua orang untuk menentukan ekspresi mereka yang paling otentik dari makna, tujuan dan sukacita. Jadi, apakah konsep tentang Allah atau sebuah kuasa yang lebih tinggi masuk akal? Apakah iman dan agama menawarkan sesuatu yang bernilai?

Dalam buku baru yang menggugah pemikiran ini, pendeta dan penulis buku terlaris New York Times, Timothy Keller, mengundang orang-orang yang belajar filsafat sekular dan mereka yang skeptis terhadap iman dan agama secara umum untuk melihat bahwa Allah orang Kristen tetap masih masuk akal. Bagaimana jika kekristenan ternyata bisa memberi kita sumber daya yang tak terbayangkan untuk menjawab semua pertanyaan tentang kepuasan, kebebasan pribadi, keadilan, dan harapan?",Apologetika,130,3
MAMA BEAR APOLOGETICS (APOLOGETIKA MAMA BERUANG),"Masalah pada kebohongan adalah hal itu seringkali tidak terdengar seperti kebohongan. Itu sepertinya tidak berbahaya dan kadang terdengar benar. Jadi, apa yang akan dilakukan oleh seorang Mama Beruang ketika anak-anaknya menyerap kebohongan-kebohongan budaya tanpa berpikir kritis?

Buku Apologetika Mama Beruang adalah buku yang Anda nantikan. Buku panduan yang ditulis para ibu kepada sesama ibu-ibu ini akan memperlengkapi Anda untuk mengajar anak-anak Anda bagaimana membentuk iman percaya yang alkitabiah terhadap apa yang baik dan apa yang salah. Melalui kisah-kisah hidup yang transparan dan jelas, penerapan-penerapan yang praktis--termasuk strategi doa--kawanan Mama Beruang ini menawarkan kepada Anda sebuah alat untuk mendidik diri sendiri sehingga pada waktunya Anda dapat mendidik anak-anak Anda.

Apakah Anda siap untuk menjawab seruan ini: Jika Anda macam-macam dengan anak-anak saya, saya tidak akan segan-segan menghancurkan argumen-argumen Anda? Bergabunglah dengan para Mama Beruang dan angkatlah suara Anda untuk melindungi anak-anak Anda--dengan mengajar mereka bagaimana berpikir secara mendalam dan menghadapi penebar kebohongan dengan berani tetapi dengan lemah lembut dan penuh hormat.",Apologetika,485,56
MEMAHAMI IMAN KRISTEN,"Kita perlu memahami butir-butir penting ajaran iman Kristen mengenai Alkitab, Allah, Yesus Kristus, Roh Kudus, Manusia, Gereja, dan Akhir Zaman. Semua ini merupakan tema-tema besar iman Kristen yang perlu dipahami agar tidak terombang-ambing oleh rupa angin pengajaran yang menyesatkan.

Umumnya tema-tema ini dibahas dalam bentuk ceramah, tapi justru itulah keunikan buku ini. Pembahasan dalam bentuk PA memadukan penggalian eksposisi dan pengajaran sistematik. Ada eksposisi karena tiap bab bertujuan menggali suatu perikop Alkitab dalam konteksnya. Ada pengajaran sistematik karena keseluruhan bab merupakan rangkaian ajaran iman Kristen secara sistematis.

Jika buku Memulai Hidup Baru (Literatur Perkantas) cocok bagi mereka yang baru memasuki hidup Kristen, buku ini cocok sebagai bahan lanjutan untuk memahami dasar iman Kristen.",Pemahaman Alkitab,33,54
MEMULAI HIDUP BARU,"Buku ini adalah nutrisi bagi pertumbuhan rohani Anda, yang cocok dikonsumsi pada tahap awal menuju kedewasaan rohani. Dua bab tambahannya, Melayani serta Berbangsa & Bernegara, akan lebih memperlengkapi Anda sehingga nantinya Anda bukan hanya memiliki rohani yang kuat dan matang, melainkan juga kehidupan yang menjadi berkat bagi sesama serta bangsa dan negara.",Pemahaman Alkitab,2071,635
MENGASIHI YANG MAHAKUDUS,"Merosotnya situasi kerohanian Gereja merupakan akibat dari kealpaan kita akan sifat Allah kita. Kekristenan adalah tentang menyembah Allah, memuliakan Allah, dan besukacita atas sifat Allah yang sungguh mengagumkan. Teologi merupakan ketundukan pikiran di hadapan Allah dalam penyembahan meditatif kepada Allah. Persepsi kita tentang Allah menentukan segalanya.

Jika kita ingin memiliki kembali persepsi kita tentang Allah, kita harus memahami secara menyeluruh kesempurnaan-Nya. Kita perlu menembus Awan Ketidaktahuan dan masuk ke dalam kesempurnaan Allah kita. Hanya dengan itulah kita dapat dengan selayaknya Mengasihi Yang Mahakudus!",Bacaan,26,54
MENGENAL ALLAH,"Allah itu Mahakudus, Allah itu Mahabesar. Sebaliknya manusia itu berdosa dan terbatas. Karena itu, manusia tidak mungkin mengenal Allah. Tetapi Allah membuka jalan bagi manusia dengan menyatakan diri melalui Firman-Nya dan Anak-Nya, Yesus Kristus.

Buku ini memuat garis besar dan pokok-pokok pengertian hubungan Allah dengan manusia, terutama yang telah dilakukan-Nya bagi manusia. Buku ini, juga dilengkapi dengan bahan penyelidikan Alkitab yang terdiri dari berbagai topik. Tujuannya, menolong Anda untuk mengenal Allah dengan benar.",Pemahaman Alkitab,48,21
MENGENAL ALLAH SC PRIBADI,"Kita berubah ketika kita berjumpa dengan Allah
Kemuliaan-Nya memenuhi pikiran kita
Kasih-Nya melembutkan hati kita
Kekudusan-Nya memurnikan kehidupan.

Dalam buku PA ini, J.I. Packer, penulis buku laris Knowing God menuntun kita melalui 12 perikop Alkitab yang memperluas wawasan kita tentang Allah yang kita sembah dan layani.",Pemahaman Alkitab,0,2
MENGHIDUPI INJIL & MENGINJILI HIDUP,"INJIL KRISTUS YESUS SANGAT RELEVAN BAGI
ORANG YANG BELUM PERCAYA,
BARU PERCAYA 5 HARI,
MAUPUN SUDAH PERCAYA 50 TAHUN!

Sen Sendjaya, gembala-ilmuwan ini, menampilkan kemampuan yang mengagumkan untuk merembeskan pesan Injil yang memerdekakan itu ke dalam kehidupan sehari-hari sekaligus membawa kerumitan hidup ke bawah terang Injil... Semakin jauh Anda melanjutkan pembacaan, akan semakin jelas terlihat sebuah wajah yang dengan penuh cinta ingin dilukis oleh si penulis, yaitu wajah Kristus.
-- Pdt. Prof. Joas Adiprasetya, Th.D., Dosen Sekolah Tinggi Filsafat Theologi Jakarta

Buku renungan ini akan menjadi teman perjalanan rohani yang sangat baik...Saya sangat merekomendasikan buku ini bagi setiap orang Kristen. Saya sendiri sangat disegarkan dan dikuatkan melalui renungan-renungan yang ada.
-- Pdt. Yakub Tri Handoko, Th.M., Gembala REC Indonesia, Ketua STT Amadeus, Founder Grace Alone Ministry (GRAMI), Co-founder Apologetika Indonesia (API)

Sangat imajinatif, bahasa yang puitis, renungan yang mendalam, namun mudah dimengerti... menggelitik kesalahmengertian kita akan Injil.
-- Pdt. Hendra G. Mulia, D.Min., SAAT Ministry Center Jakarta

Penuh paradoks tapi tidak menjelimet dan bikin mumet... Bacalah agar Injil datang dalam hidup Anda bukan hanya sebagai Berita Baik, tetapi juga Cerita Indah pribadi hidup Anda.
-- Charlotte Priatna, M.Pd., Pendiri Sekolah Athalia, Praktisi Pendidikan
Suatu buku yang sangat penting untuk dibaca oleh semua orang Kristen... Jelas, sederhana, praktis, dan alkitabiah.
-- Pdt. Rahmiati Tanudjaja, D.Miss., Dosen Teologi Sistematika & Misiologi, STT SAAT

Setiap karya Prof. Sendjaya adalah harta karun! Di balik kalimat, ilustrasi, dan bahasanya, terasa cinta bagi pembacanya... Rasanya seperti nonton serial Netflix dengan genre yang tak terduga!
-- Danny A. Gamadhi, D.Min., Co-founder, Asean+ UNITE.",Penulis Lokal,914,77
MENJADI SAHABAT,"Allah menciptakan kita untuk bertumbuh dalam kehadiran satu sama lain. Sahabat menolong kita untuk menjadi dewasa secara emosi dan rohani; Ia mengasihi kita apa adanya dan menolong kita untuk mengampuni.
Buku PA ini memperkenalkan kita kepada prinsip-prinsip persahabatan dan kisah-kisah menarik tentang persahabatan dalam Alkitab. Melaluinya kita pun akan didorong untuk senantiasa menggali kekayaan persahabatan di dalam Tuhan.",Pemahaman Alkitab,6,1
MERAWAT KEHIDUPAN,"Yesus menghentikan langkah dalam perjalanan ke Emaus, yang memungkinkan sahabat-sahabat-Nya mengalami anugerah melalui kehadiran-Nya. Di Maui, bersama dengan orang tua saya, berhenti pada Hari Sabat memungkinkan saya untuk bersikap terbuka sedemikian rupa di mana keindahan ciptaan menyentuh kedalaman jiwa saya--- kedalaman yang sebelumnya telah dikaburkan oleh gangguan dan kesibukan di permukaan.
Dalam budaya kita yang menyerupai sirkus, kedisiplinan rohani dapat dengan mudah ditinggalkan sebagaimana hari-hari kita terbagi antara pekerjaan yang penuh tekanan dan hiburan kosong, yang tidak menawarkan nutrisi yang dibutuhkan oleh pohon yang berjalan. Cara hidup seperti itu menyisakan pada kita kelalaian, bahkan keterpisahan dari diri kita sendiri, orang lain, dan Sang Mahakudus.
Saat berhenti kita, seperti orang-orang yang dalam perjalanan menuju Emaus, melihat hal-hal yang muncul ke permukaan: kebingungan, harapan, takut, pertanyaan, kesedihan, dan juga kerinduan kita kepada Tuhan. Kita dapat melihat dalam diri kita seberapa besar gulma yang mesti dipangkas dan carang yang mesti dirawat oleh Sang Perawat Taman jiwa kita.",Bacaan,0,9
MINGGU TERAKHIR KEHIDUPAN YESUS,"Peristiwa-peristiwa yang terjadi di minggu terakhir kehidupan Yesus, yaitu Minggu Palem, Perjamuan Terakhir, diadili, kematian, dan kebangkitan-Nya, merupakan hal-hal yang mendasar bagi hidup Kristen kita dan keselamatan kita. Bila kita mempelajari peristiwa-peristiwa tersebut satu demi satu, kita akan diperbaharui dalam pengertiaan kita tentang siapakah Yesus dan mengapa Dia mengasihi kita.",Pemahaman Alkitab,0,1
MISI UMAT ALLAH,"Apa pentingnya Allah memanggil kita untuk mengerjakan misi-Nya? Siapa kita dan mengapa kita ada di wilayah ini? Jika Alkitab menyampaikan kepada kita misi akbar Allah melalui seluruh generasi di dalam sejarah, apa yang kitab itu katakan kepada kita tentang misi umat Allah di dalam masing-masing generasi, termasuk generasi kita sendiri? Apa misi kita?

Buku ini mengungkapkan bahwa pemahaman Kristen yang lazim tentang misi hanya mencakup sebagian kecil dari misi menyeluruh Allah kepada dunia. Christopher Wright menunjukkan gambaran besar rencana Allah yang mengarahkan tujuan keberadaan umat Allah, yaitu gereja. Buku ini akan menghidupkan dan memberi fokus baru bagi studi, pengajaran, dan pelayanan dari mereka yang sangat berkomitmen untuk bergabung dengan karya Allah dalam dunia.",Bacaan,0,4
MOVEMENTS THAT CHANGE THE WORLD,"APAKAH KEKRISTENAN ITU?

 

Pada inti utamanya, kekristenan adalah sebuah gerakan misi yang didirikan oleh Yesus dan dikuatkan oleh Roh Kudus. Seperti gerakan mana pun lainnya, kekristenan mengubah dunia. Tetapi, tidak seperti kebanyakan gerakan, yang memiliki masa historisnya dan kemudian lenyap menghilang, kekristenan terus aktif dan mengubah dunia menjadi lebih baik.

 

Dari berbagai studi kasus alkitabiah, historis, dan kontemporer, Steve Addison, seorang ahli penanaman jemaat dan pembelajar seumur hidup tentang gerakan yang memperbarui serta memperluas iman Kristen, memberikan landasan karakteristik dari gerakan misi yang dinamis. Ketika semua faktor ini ada, maka kekristenan berekspansi. Dan di mana ada Roh Kudus, maka semua faktor ini dapat ditemukan serta membuat berkembang.",Misi,4,14
NOT A FAN CU 1,"Apakah Anda seorang penggemar ataukah seorang pengikut?

 

Kamus mendefiniskan kata penggemar sebagai seorang pengagum yang bersemangat. Mereka ingin berada cukup dekat dengan Yesus untuk mendapatkan semua manfaatnya, tetapi tidak terlalu dekat juga sehingga mereka tidak harus mengorbankan apa pun. Para penggemar mungkin adalah orang-orang yang tidak pernah absen ke gereja, fasih dalam berdoa, dan selalu memberi persembahan. Tetapi apakah jenis hubungan seperti itu yang diinginkan Yesus dari Anda?

 

Sayangnya... Yesus tidak pernah tertarik untuk memiliki banyak pengagum berat dan bukanlah penggemar yang ia cari.

 

Not a Fan akan menantang Anda untuk menyadari apa arti sesungguhnya menjadi orang Kristen. Dengan berbagai pernyataan langsung dan tajam, Kyle mengundang Anda untuk melihat secara jujur bagaimana relasi Anda dengan Yesus. Panggilan-Nya untuk mengikut Dia terasa begitu radikal bagi kita, tetapi itulah yang diinginkan Yesus bagi setiap orang percaya.",Pemuridan,359,90
NOT FORSAKEN (TAK DITINGGALKAN),"Anda dipilih dicintai dihargai diingini dipercayai oleh Bapa yang sempurna Dalam buku Not Forsaken, Louie Giglio mengajak kita untuk memahami karakter Allah dengan cara yang mengubahkan hidup: sebagai Bapa yang sempurna, Dia ingin agar Anda hidup di bawah aliran berkat-Nya. Anda akan lihat bahwa Allah bukanlah versi lebih besar dari ayah duniawi Anda, Dia adalah versi yang sempurna dari ayah duniawi Anda. Dan Dia mengundang Anda untuk berjalan dalam kebebasan sebagai anak-anak lelaki serta perempuan-Nya..",Relasi Keluarga,0,105
NOT YET MARRIED,"HIDUP TIDAK HANYA BERBICARA TENTANG CINTA DAN PERNIKAHAN. MAKA BELAJARLAH UNTUK HIDUP DAN PACARAN DENGAN BENAR.

 

 

Banyak dari Anda yang dibesarkan dengan asumsi bahwa pernikahan akan memenuhi segala kebutuhan Anda dan membuka tujuan Allah bagi hidup Anda. Tapi Allah punya rencana yang lebih besar dari sekadar menikah. Buku ini tidak ingin Anda berdiam diri di sudut dunia menunggu Allah membawa pasangan Anda, tapi mendorong Anda untuk hidup dan pacaran dengan benar sekarang.

 

 

Jika Anda mengikut Yesus, mencari pasangan bukan lagi mencari manusia yang sempurna, tapi mencari Allah lebih lagi. Dia akan menulis kisah cinta bagi Anda yang berbeda dari apa yang mungkin akan Anda tulis sendiri, itu karena Dia mengasihi Anda dan tahu cara menulis cerita yang lebih baik. Buku ini ditulis untuk membantu Anda menemukan harapan, kebahagiaan, dan tujuan yang nyata dalam kehidupan di masa lajang Anda.

#notyetmarried #bookrecommended #literaturperkantas jatim","Lajang, Pacaran dan Pernikahan",0,303
ORGANIC DISCIPLESHIP,"Menyuarakan Kebenaran dalam Kasih



Ketika Yesus pergi, Ia berkata kepada para pengikut-Nya Jadikan semua bangsa murid-Ku. Namun apa artinya pemuridan pada zaman ini?



Dennis McCallum dan Jessica Lowery telah berhasil melaksanakan pemuridan dalam Xenos Christian Fellowship yang inovatif selama beberapa dekade. Buku ini menunjukkan mengapa penyaluran pengetahuan tentang pengalaman rohani dan karya Roh Kudus secara relasional dapat membuahkan hasil yang jauh lebih efektif daripada pendekatan-pendekatan lain dalam membangun tubuh Kristus. Mereka menjawab pertanyaan-pertanyaan umum mengenai pemuridan seperti:



Bagaimana saya memilih orang yang tepat untuk dimuridkan?



Bagaimana saya dapat membangun persahabatan yang cukup kuat untuk berdampak secara nyata?



Tujuan-tujuan seperti apa yang harus dicapai oleh pengikut Kristus dalam gereja masa kini?



Memberi teladan itu penting, tetapi mengapa banyak teladan yang tidak efektif?



Bagaimana multiplikasi melalui pemuridan ini dapat merevolusionerkan kelompok saya?",Pemuridan,6,49
OUR AWESOME GOD (ALLAH KITA YANG LUAR BIASA),"Mengenal Allah secara penuh adalah seruan hati Daud. Seruan yang keluar dari kasihnya yang besar kepada Allahnya. Seruan yang harusnya menggema di setiap hati orang percaya, karena mengenal Allah adalah hakikat menjadi orang Kristen.

 

Untuk mengenal Allah dengan benar, kita harus menemukan apa yang telah Allah bukakan tentang diri-Nya melalui firman-Nya. Disanalah, melalui penglihatan para nabi, raja, para raksasa iman --- dan Yesus Kristus sendiri --- Anda bisa menyaksikan kemuliaan dan betapa luar biasanya karakter Allah.

 

Dengan kejujuran dan kebenaran Alkitab, John MacArthur menjelaskan salah paham yang umum terjadi tentang Allah dan mengizinkan Anda berfokus pada Bapa di sorga dengan benar. Penuh dengan bagian Alkitab dan penerapan yang bijak, buku yang baik tentang atribut Allah kita yang luar biasa bisa membantu Anda mengenali dan memahami karakter-Nya dengan lebih jelas. Dan saat Anda mulai mengenal dan mengasihi Allah, Anda juga bisa mengetahui betapa besar Allah mengasihi Anda.",Gereja dan Ibadah,18,63
PA BERTUMBUH SEMAKIN DEWASA DAN BIJAKSANA,"Bertumbuh Semakin Dewasa dan Bijaksana

Kita tidak dapat mengubah fakta bahwa usia kita semakin bertambah. Dan, kita mungkin tidak menginginkannya! Usia membawa banyak karunia dan kesempatan untuk terus bertumbuh. Berabad-abad yang lalu, Alkitab menuliskan bahwa Masa hidup kami tujuh puluh tahun dan jika kami kuat, delapan puluh tahun (Mzm. 90:10). Sekarang, banyak sekali orang yang hidup sampai usia seratus tahun.

Kita telah membuat langkah besar menuju kehidupan fisik yang lebih panjang dan lebih sehat. Kita menjadi dewasa, dan mungkin kita menjadi lebih pintar serta tahu lebih banyak. Namun pertanyaannya, apakah seiring waktu kita juga menjadi lebih bijaksana?

Pendalaman Alkitab ini berisi sembilan sesi yang akan menolong kita untuk menemukan sudut pandang Alkitab tentang menjadi tua dan dewasa. Seiring berjalannya waktu, kita akan menemukan bagaimana Tuhan secara efektif dan penuh kuasa menolong kita bertumbuh semakin bijaksana. Entah kita menganggap diri muda, setengah baya, lansia atau tidak bersedia menyebut usia sama sekali, kita akan bertumbuh semakin bijaksana ketika merenungkan dan menerapkan kebenaran Alkitab yang tak lekang oleh waktu.",Bahan Pendalaman Alkitab (PA),120,40
PA IBU YANG PENUH SUKACITA,"Bahan PA ini yang berisi sepuluh sesi, menolong para ibu belajar Alkitab untuk merefleksikan beberapa kebutuhan mereka yang paling dalam agar menjadi Ibu yang penuh dengan sukacita. Di dalamnya terdapat bahan belajar bagaimana hubungan yang bertumbuh dan intim dengan Yesus, hati yang penuh rasa syukur, kepercayaan dan iman akan kebaikan Tuhan, dan komunitas sahabat yang memberi dukungan
dalam kehidupan.

 

Tuhan menginginkan kita untuk bertumbuh sebagai anak-anak-Nya, menaruh kepercayaan dan iman kita kepada-Nya, dan mendorong kita melakukannya hal ini melalui cara mengasuh anak.

 

Kiranya bahan PA ini menolong kita untuk membiarkan Tuhan menggunakan kita dalam proses menjadi seorang ibu untuk membentuk kita menjadi wanita seperti yang Dia ciptakan, mengenal lebih dalam siapa
diri kita sebagai manusia, pengikut Yesus dan orang tua.",Bahan Pendalaman Alkitab (PA),0,62
PA INTEGRITAS,"Mengapa kita harus menjalani kehidupan yang berintegritas?

 

 

Apakah integritas menjanjikan kesuksesan? Tidak. Terkadang integritas akan membawa pada hilangnya pekerjaan dan hancurnya finansial. Apakah integritas membawa rasa hormat dari orang lain? Mungkin, tapi mungkin hanya dari mereka yang juga mengejar tujuan yang sunyi ini. Apakah integritas membentuk hubungan yang sehat? Integritas mengarahkan kita ke sana--tapi tidak memberi jaminan. Apakah integritas membuat kita bahagia? Mungkin, tapi Ayub tidak akan pernah bisa dianggap bahagia saat ia duduk sakit dan berduka dalam tumpukan abu dengan teman-teman yang mempersalahkannya di sisinya. Tapi integritas memiliki upahnya tersendiri. Integritas memungkinkan kita untuk mengejar apa yang benar dan menolak apa yang salah--bahkan saat kita harus menyampaikan kata-kata itu di antara orang banyak. Integritas mengundang kita untuk mengenal diri sendiri dan bertumbuh dalam hal yang kita dapati ada di sana. Integritas membawa kepuasan. Integritas menarik kita untuk mengikuti Kristus sebagai teladan kita--dan Tuhan kita. Dan integritas itu berarti memercayai Tuhan karena pada akhirnya Tuhan sendirilah yang bisa dipercaya karena integritas Tuhan tidak bercela.

#bukuPA #Integritas #bookrecommended #literaturperkantasjatim",Bahan Pendalaman Alkitab (PA),195,202
PA KEPEMIMPINAN KRISTEN,"Bagaimana Model dari Kepemimpinan yang Alkitabiah?

 

 

Istilah kepemimpinan dipakai oleh orang Kristen maupun non Kristen, tetapi hal ini tidak berarti mereka mempunyai konsep kepemimpinan yang sama. Sebaliknya, Alkitab memperkenalkan gaya kepemimpinan yang berbeda kepada dunia, yaitu kepemimpinan yang melayani. Dan tidak diragukan lagi, pemimpin yang paling berpengaruh dalam gereja mula-mula adalah Rasul Paulus. Tuhan Yesus mengutusnya sebagai Rasul bagi bangsa-bangsa non Yahudi, dan dia tak pernah kehilangan visi Allah akan sebuah kemanusiaan yang baru--orang Yahudi dan non Yahudi bersama-sama--yang membuat Paulus mengalami banyak perlawanan dan pemenjaraan.

 

 

Bahan PA yang ditulis oleh John Stott ini membahas dari konteks empat pasal pertama surat 1 Korintus. Konteksnya adalah Rasul Paulus sedang menanggapi kompleksnya situasi yang dihadapi oleh gereja Korintus sekaligus menjawab pertanyaan-pertanyaan mereka. Dalam suratnya ini kita bisa melihat bagaimana Paulus menerapkan keterampilan kepemimpinannya. Dia menanggapi semuanya itu dengan kejelasan, hikmat, kerendahan hati, kasih dan kelemahlembutan yang mengagumkan: kualitas-kualitas pastoral yang sangat dibutuhkan oleh para pemimpin Kristen masa kini.","Bahan Pendalaman Alkitab (PA), Kepemimpinan",221,118
PA PENDIDIK,"Banyak pendidik tidak mampu mengenali keunikan panggilan hidupnya. Akibatnya, mereka menjalani profesi pendidik dengan atau tanpa visi, bahkan juga setengah hati.

Adalah hal yang wajar ketika seprang pendidik Kristen terus menggumulkan panggilannya agar ia mampu menghidupinya dengan sukacita. Pengajar yang terus belajar menjadi keniscayaan dalam proses ini. Melalaui bahan PA ini, seorang pendidik akan diajar untuk terus belajar dari sumber kebenaran, yaitu, Alkitab. Selain itu, bahan PA ini juga menolong para pendidik untuk menemukan akar mandat dan panggilan mereka. Tidak hanya itu, melalui bahan ini pula diharapkan agar para pendidik mampu mengenali dan menjalani misi ilahi untuk membangun negeri.

Semoga buku kecil ini hadir untuk menjadi pendamping dalam pencarian atas pergumulan-pergumulan tersebut.",Bahan Pendalaman Alkitab (PA),30,15
PA: 1-2 RAJA-RAJA,"Raja-raja Ibrani ini berkuasa selama empat abad. Seluruhnya ada empat puluh dua orang raja. Ada yang berkuasa hanya beberapa hari, ada pula yang seumur hidup. Sebagian Raja begitu tidak berarti sehingga mereka hanya disebut dalam sebaris teks. Kuantitas 1 & 2 Raja-Raja 1 Beli",Pemahaman Alkitab,38,33
PA: YEREMIA,"Bangsa Isreal pernah memasuki masa kegelapan. Ketika itu Yeremia tampil memberi peringatan yang terakhir kalinya agar mereka bertobat. Pelayanan yang Allah tetapkan bagi Yeremia begitu sulit dan mengenaskan, yakni memberitakan kasih dan komitmen Allah. Tetapi Allah memperlengkapi Yeremia dengan karunia yang luar biasa; karunia mengalami kehadiran Allah. Kekayaan interaksi hubungan antara Allah dan Yeremia memberi pengertian kepada kita tentang bagaimana kita bisa bertumbuh semakin terbuka kepada Allah dibandingkan sebelumnya.

Bahan PA ini sangat tepat dan perlu dipelajari baik secara pribadi maupun kelompok, khususnya di tengah situasi sulit yang kerap melanda bangsa kita. Bahan PA ini membawa kita kepada penglihatan akan tangan Tuhan yang mengendalikan sejarah umat manusia secara umum dan umat-Nya secara khusus.",Bahan Pendalaman Alkitab (PA),21,121
PA:IMAN,"Saya telah mendoakan hal ini bertahun-tahun, tetapi tidak terjadi juga. Apakah ada yang salah dengan iman saya? Bagaimana saya dapat beriman kepada Allah di tengah kondisi seakan-akan Allah tidak peduli pada pergumulan saya? Hingga saat ini, saya masih belum memiliki pasangan hidup, namun saya terus berdoa untuk bisa mendapatkannya. Tidakkah Allah menghargai iman saya? Jika Anda pernah bergumul dengan ketidakpastian serupa mengenai iman, Anda akan menemukan hal-hal serupa dalam Alkitab tetapi setiap halaman di dalam Alkitab akan menuntun kita menemukan makna iman yang sejati. Dalam bahan PA ini, Anda akan bertemu tokoh-tokoh Alkitab yang mengalami pertanyaan serupa dan Anda akan melihat bagaimana tokoh-tokoh iman ini memberikan teladan dalam pertumbuhan iman di dalam kesulitan. Jangan biarkan berbagai pertanyaan melemahkan iman Anda. Iman kita secara manusiawi akan selalu bimbang dan tidak sempurna. Namun Allah selalu menyambut dan menyemangati langkah terkecil kita untuk percaya pada-Nya dan semakin beriman. Dan bahan PA ini akan menjadi bagian dari proses penuntun perjalanan iman Anda.

#bukuPA #literaturperkantasjatim #bookrecommended",Bahan Pendalaman Alkitab (PA),258,0
PANDUAN LENGKAP PEMURIDAN,,Bahan Pendalaman Alkitab (PA),101,118
PANGGILAN UNTUK MENGENAL DAN MENGASIHI DUNIA (VISION OF VOCATION),"Apakah mungkin untuk mengenal dunia apa adanya dan masih tetap mengasihi dunia?

 

 

Dari semua pertanyaan yang kita ajukan tentang panggilan kita, pertanyaan inilah yang paling sulit. Mulai dari pernikahan sampai hubungan internasional, makin banyak kita tahu, makin sulit untuk mengasihi. Kita menjadi sinis atau apatis, melindungi hati kita dari segala implikasi yang kita ketahui. Tetapi bagaimana jika visi akan vokasi bisa dipulihkan--memungkinkan kita melangkah ke dalam luka-luka dunia dan demi cinta kasih mengemban tanggung jawab kita akan keberadaan dunia saat ini?

 

 

Selama beberapa dekade, Steve Garber telah mendampingi berbagai jenis orang saat mereka berupaya membuat dunia dan hidup mereka masuk akal. Bersamanya kita berjumpa dengan banyak orang-orang biasa di tempat-tempat yang biasa yang merindukan agar hidup mereka bermakna:

 

-- Robin yang menghabiskan hidupnya demi keadilan di lingkungan perkotaan
-- Santiago yang bekerja dengan negara-negara dunia ketiga yang membutuhkan modal
-- George yang telah menghabiskan waktu bertahun-tahun untuk mengajar murid-muridnya mengenai hal-hal apa yang paling penting
-- Claudius dan Deirdre yang rumahnya terbuka dan selalu menjadi tempat bagi orang lain

 

 

Vokasi adalah ketika kita mengenal dunia dalam segala sukacita dan sakitnya dan masih tetap mengasihinya. Vokasi adalah mengikuti panggilan kita untuk mengupayakan kesejahteraan dunia tempat kita tinggal. Garber menawarkan suatu buku bagi semua orang di mana saja--bagi para mahasiswa, mereka yang ada di dunia seni, akademis, pelayanan publik, dan berbagai profesi--yang ingin menemukan nilai kebajikan dari vokasi.",Pekerjaan dan Pemanggilan Hidup,0,55
PASSION & PURITY,"Very few books on dating have stood the test of time like Passion and Purity. Its much-needed message remains strong and hopeful in an age when doing whatever ""feels right"" is common practice. Using her own life as an example, Elisabeth Elliot guides singles of both genders and of any age on how to put their love lives under the authority of Jesus Christ. Passion and Purity covers dating issues such as: --how to know which person is the right one to marry --loving passionately while remaining sexually pure --the man's and woman's role in relationships --putting God's desires ahead of personal desires --how far is too far, physically This best-selling book now has a new cover, an updated interior design, and a foreword from popular author Joshua Harris. Quest for Love will be redesigned in a similar manner to help readers identify the books as a pair. While Passion and Purity shares the love story of Elisabeth and Jim, Quest for Love is a compilation of stories on how other men and women discovered love through God's direction. Together, these two remarkable books accentuate our need to commit daily to Christ all matters of the heart and to wait on his timing.","Pastoral, Bacaan",0,1
PEMBINAAN DASAR BARU,"Bayi yang baru lahir membutuhkan makanan dan pertolongan orang lain untuk proses pertumbuhannya dan juga makanan yang disesuaikan dengan kebutuhan. Demikian juga dengan seseorang yang baru menerima Kristus sebagai Juru Selamat pribadi. Ia membutuhkan makanan rohani yang cukup mendasar dan pertolongan orang lain untuk menuntun dalam proses pertumbuhan. Dengan alasan inilah buku ini disusun.

 

Buku ini berisi pengajaran-pengajaran dasar  Hidup yang berpusat dan dikuasai Kristus,  Bergaul dengan Allah melalui Firman, Doa, dan Puasa, tepat bagi orang yang baru menerima Kristus sebagai Juru Selamat pribadi. Buku ini sebagai sarana untuk belajar bertumbuh dalam kelompok (KTB) karena diformulasikan dalam bentuk pertenyaan-pertanyaan, bahan diskusi dan pembuatan proyek ketaatan bersama. Kelompok tumbuh bersama tidak hanya mengetahui kebenaran Firman Tuhan, tapi juga mengaplikasikannya dalam kehidupan sehari-hari. Penggunaan buku ini akan lebih efektif jika digunakan sesuai dengan petunjuk yang di jelaskan di awal buku ini.

#pembinaandasar #bukuktb #literaturperkantasjatim",Bahan Pendalaman Alkitab (PA),0,32
PEMIMPIN PUJIAN,"Mungkin selama ini banyak orang dan kalangan mengenal Pdt. Mangapul Sagala hanya sebagai seorang pengkhotbah. Sehingga terkesan lewat buku inipun ia ingin berceramah soal puji-pujian. Padahal, ia sendiri adalah seorang pemimpin puji-pujian dan pencipta lagu-lagu rohani. Maka, tak berlebihanlah kalau dikatakan ia telah memposisikan dirinya secara tepat di dalam buku ini. Sungguh, tak ada kesenjangan antara penulis dan karya tulisnya ini. Karena, tak hanya pengetahuan yang ingin dibagikannya, namun juga seluruh pengalaman pelayanannya yang berkaitan dengan puji-pujian. ~ Dr. Victor Silaen,Dosen STT Cipanas.

Pdt. Dr. Ir. Mangapul Sagala adalah alumnus Fakultas Teknik Universitas Indonesia. Pada tahun 1984, beliau bergabung dengan Yayasan Persekutuan Kristen Antar Universitas (PERKANTAS). Selanjutnya, penulis studi Teologia di Trinity Theological College---Singapura, hingga memperoleh gelar M.Div., M.Th. dan Doctor of Theology (D.Th.). Saat ini, penulis dipercayakan sebagai Koordinator Divisi Alumni PERKANTAS, dosen Perjanjian Baru di Sekolah Tinggi Teologia Reformed Injili Indonesia dan STT IMAN di Jakarta.",Bacaan,0,2
PEMURIDAN YANG BERPUSATKAN INJIL,"Gagasan Kristen mengenai pemuridan cukup beragam. Ada yang menekankan penginjilan-berbagi iman. Yang lainnya, mempromosikan sistem hierarkis pertumbuhan rohani-pewaris praktik-praktik rohani terbaik. Namun, kedua gagasan ini tidak lengkap. Pemuridan sejati lebih dari semua itu.
Mengindari titik-titik ekstrem dan mengevaluasi motif, Jonathan K. Dodson menegaskan sebuah jalan mengikuti Yesus yang memusatkan kembali pemuridan kepada Injil.

Buku ini menolong kita untuk memahami dan mengalami kepenuhan pemuridan sebagaimana dimaksudkan Sang Guru. Pemuridan yang Berpusatkan Injil menggabungkan kekacauan dan kesulutan, ketidaksempurnaan dan transformasi, kejujuran dan keajaiban menjadi murid yang berpusatkan kepada Yesus Kristus. Inilah panduan praktis pemuridan yang dipenuhi Roh, berpusatkan Kristus, teruji di lapangan, dan mudah diterapkan.
Tentang Penulis:

Jonathan K. Dodson (MDiv, ThM, Gordon-Conwell Theological Seminary) melayani sebagai pendeta Austin City Life di Austin, Texas. Ia telah memridkan laki-laki dan perempuan dalam dan luar negeri hampir selama dua dekade, bersukacita dalam mengomunikasikan Injil, dan melihat citra Kristus terbentuk dalam diri orang lain.",Bacaan,0,16
PERSPECTIVES JILID 1 & 2,"Perspectives merupakan buku yang bersifat multi facetted yang mencakup dimensi Alkitab, Sejarah, Budaya, dan Strategi dalam penjangkauan dunia. Berisi tulisan-tulisan dari 150 lebih akademisi dan praktisi misi, antara lain John Stott, John Piper, Rick Warren, David Garrison, dan Don Richardson. Buku ini memberikan gambaran tentang apa yang terjadi dalam sejarah dan bagaimana Allah bekerja, serta memberikan persiapan dalam menghadapi potensi kegerakan yang akan terjadi di depan. Tidak adil rasanya untuk tidak memperingatkan setiap orang yang mengambil program studi ini atau yang sekedar membacanya, bahwa hidup Anda mungkin akan berubah selamanya melalui penyingkapan akan tugas panggilan yang kekal, bermakna, dan",Misi,0,18
PERUMPAMAAN YESUS,"Semua orang menyukai cerita yang bagus. Tetapi perumpamaan Yesus sungguh-sungguh berbeda. Diam-diam ia merasuki kita, mencuri perhatian kita tanpa kita sadari. Yang biasa tiba-tiba menjadi tidak biasa, menyingkap hal-hal yang tersembunyi dalam kuasa penyembuhan Yesus. John White, penulis buku ini, menolong kita mempelajari dua belas perumpamaan Yesus sebagai kisah-kisah istimewa dari yang pernah ada.",Bahan Pendalaman Alkitab (PA),38,89
PETA HIDUP BARU KY,"Buku PA ini menolong Anda sejak dini belajar memandang keselamatan dan hidup baru bukan sebagai tujuan akhir, melainkan awal keterlibatan Anda sebagai rekan kerja Allah dalam memulihkan ciptaan-Nya.","Pemahaman Alkitab, Doa dan Kontemplasi, Pengambilan Keputusan",0,64
PILAR-PILAR DOA,"Kapan terakhir Anda belajar berdoa? Bukan sekadar tahu menjadi lebih banyak tentang doa ataupun rajin berdoa, buku ini mengundang Anda untuk menjadi pendoa yang memperkenan Allah, yang bergaul karib dengan Allah melalui kehidupan doanya.","Doa dan Kontemplasi, Penulis Lokal",82,242
POLA HIDUP ILAHI,"Saya mah bukan Daniel, mana sanggup menghadapi tantangan berat! Saya pun bukan Kaleb, sering ragu akan kuasa Allah! Apa lagi Rut, yang berani mempertaruhkan masa depannya kepada Allah! Serangkaian keluhan itu mungkin pernah keluar dari mulut Anda. Merasa diri lemah dan tak mampu menghadapi kenyataan hidup.

Dalam bahan PA ini Anda akan menemukan bagaimana tokoh-tokoh Alkitab dipakai Allah secara luar biasa. Dan hingga kini, Allah terus melakukan perkara-perkara besar melalui umat-Nya. Menjalani Pola Hidup Ilahi memampukan mereka mengalami kemurahan dan keperkasaan Allah! Sekaranglah waktunya Anda mengalaminya.",Bahan Pendalaman Alkitab (PA),242,103
PRAYING THE BIBLE,"Buku kecil ini sangat berpengaruh. Baca dan alami langkah maju dalam perjalanan Anda bersama Kristus dan kesetiaan Anda dalam berdoa.
R. Albert Mohler Jr., presiden, The Southern Baptist Theological Seminary

 

 

Saat Anda berdoa, apa Anda hanya mengatakan hal yang itu-itu saja?

 

 

Donald S. Whitney menawarkan penguatan dan nasihat praktis yang selama ini kita cari. Penulis terlaris buku Spiritual Disciplines for the Christian Life, memberikan metode yang mudah dipahami yang memiliki kekuatan untuk mengubah kehidupan doa kita: berdoa dengan menggunakan Alkitab. Buku yang sederhana tapi mendasar ini akan terbukti sangat berharga saat Anda bersekutu dengan Bapa di sorga melalui doa setiap hari.

 

 

Kehidupan saya bersama Tuhan telah sering dikuatkan dan didorong oleh tulisan Don Whitney. Ini merupakan sarana yang berguna bagi kita yang sering bergumul untuk mengetahui apa dan bagaimana seharusnya berdoa. Buku ini bisa memberi kesegaran bagi saat teduh kita bersama Tuhan.
Nancy Leigh DeMoss, penulis dan pembawa acara radio, Revive Our Hearts

 

 

Whitney menawarkan pendekatan alkitabiah, pastoral dan praktis terhadap doa, yang menghilangkan kebosanan kita serta menunjukkan kuasa rohani.
Bryan Chapell, presiden emeritus, Covenant Theological Seminary",Doa dan Kontemplasi,156,198
PREACHING,"Pendeta, pengkhotbah, dan penulis buku terlaris New York Times, Timothy Keller, mempersembahkan sebuah buku yang luar biasa mengenai penjangkauan terhadap orang lain melalui berita-berita Kristen.

 

 

Orang Kristen umumnya --- termasuk para pendeta --- memiliki pergumulan ketika ingin membicarakan iman mereka sedemikian rupa agar kekuatan Injil Kristen bisa mengubah hidup orang-orang. Timothy Keller, pendiri Gereja Redeemer Presbyterian di New York City, terkenal karena memiliki khotbah dan pembahasan yang dalam, jelas, dan cerdas sehingga bisa membantu orang memahami diri mereka, berjumpa dengan Yesus, dan menerapkan Alkitab ke dalam hidup mereka. Buku ini dia tulis bagi para pendeta dan juga orang awam, Keller membantu para pembacanya belajar menyajikan berita kasih karunia Kristen dalam cara yang lebih menarik, bersemangat, dan berbelas kasih.

 

 

Buku-buku Dr. Keller telah terjual lebih dari dua juta jilid. Khotbahnya menjadi kekhasan dari pelayanannya di New York dan di seluruh dunia, dan pemahamannya tentang cara menerjemahkan iman Anda bagi orang lain bisa membawa perubahan dan penting bagi orang Kristen dimana saja.

#preaching #bookrecommended #literatur #literaturperkantasjatim",Kotbah,207,4
PRIBADI YANG DIJANJIKAN,"Pribadi yang Dijanjikan
Kumpulan Renungan Adven dari Christianity Today 2022

 


Dari para editor dan kontributor Christianity Today, Pribadi yang Dijanjikan adalah renungan 4 minggu untuk menyertai perjalanan rohani individu, kelompok kecil, dan keluarga di masa Adven 2022.

 


Selama 4 minggu Adven, panduan renungan ini akan menggali apa yang Alkitab katakan tentang Pribadi yang Dijanjikan itu. Renungan harian ini menggali perikop-perikop kunci yang membantu kita memahami lebih banyak tentang siapa Yesus itu. Dan setiap tema mingguan berpusat di sekitar aspek inti dari identitas Yesus yang diambil dari nubuatan Yesaya.",Penginjilan,0,49
PROBLEM OF CHRISTINITY LEADERSHIP,"KEPUTUSASAAN; Bagaimana bertahan di dalam tekanan? DISIPLIN PRIBADI; Bagaimana mempertahankan kesegaran rohani? RELASI; Bagaimana memperlakukan orang lain dengan hormat? KEMUDAAN; Bagaimana menjadi pemimpin, meski usia masih relatif muda?

Melalui Problems of Christian Leadership, dengan lugas dan jelas John Stott menguraikan tantangan dan jawaban bagi setiap orang yang rindu menjadi pemimpin yang berkomitmen kepada Kristus dan sesama di tengah masyarakat abad XXI, sehingga manusia dilayani dan Allah dimuliakan.",Bacaan,24,39
PROFESIONAL HUKUM,"Ditengah carut-marutnya hukum dan penegakan di Indonesia, para professional hukum Kristen dipanggil untuk menghadirkan keadilan dan kebenaran-Nya. Buku ini diharapkan dapat menolong para professional hukum untuk berdiskusi dan mengasah panggilan dan perannya sebagai professional hukum dengan menggali kekayaan kebenaran firman Tuhan.

Buku karya dari Komunitas Profesional Hukum Indonesia (KPHI)-Perkantas ini dirancang sedemikian dalam 10 BAB;46 Halaman",Bahan Pendalaman Alkitab (PA),0,12
PURPOSE DRIVEN LIFE,"Sepertinya hampir semua orang, pasti pernah bertanya-tanya dalam hati maupun mempertanyakan hal ini sebagai topik pembicaraan.
Mengapa aku hidup?
Untuk apa aku ada di sini?
Apakah hidupku penting?
Dengan buku ini, pertanyaan tersebut bisa dijawab dengan sendirinya. Secara sederhana, mudah dimengerti, dan juga mudah dipahami, ""Anda hidup di dunia ini karena Allah menghendakinya demikian.""
Tiap bab dari buku ini seakan memberikan penguatan iman dan membacanya tiap hari seolah kita mendapatkan sentuhan rohani secara teratur. Rick Warren menulis sebuah buku rohani yang baik tanpa harus berkesan menggurui dengan berjualan segepok ayat-ayat dari Bible.
Lima manfaat mengetahui tujuan hidup Anda:
1. Akan menjelaskan arti hidup Anda
2. Akan menyederhanakan hidup Anda
3. Akan membuat fokus hidup Anda
4. Akan Meningkatkan motivasi Anda
5. Akan mempersiapkan Anda memasuki kekekalan","Pengambilan Keputusan, Doa dan Kontemplasi, Pacaran dan Pernikahan",4000,7629
RADICAL (MENGIKUT YESUS TAK PEDULI BERAPA PUN HARGANYA),"Terlalu mudah bagi Orang Kristen masa kini untuk melupakan apa yang telah Yesus katakan tentang bagaimana para pengikut-Nya harus hidup, tentang gaya hidup seperti apa yang patut mereka jalani. Kata Yesus, para pengikut-Nya akan meninggalkan rasa aman, uang, kenyamanan, bahkan keluarga mereka sendiri demi Dia. Mereka akan meninggalkan segala sesuatu demi injil. Mereka akan memikul salibnya tiap-tiap hari.... Tapi, siapa yang Anda kenal telah menjalani hidup seperti ini? Lalu, bagaimana dengan Anda sendiri? Dalam buku Radical, David Platt menantang Anda untuk dengan hati terbuka merenungkan betapa kita telah memanipulasi Injil supaya cocok dengan gambaran budaya kita sendiri. Ia menunjukkan apa yang sebenarnya dikatakan Yesus tentang menjadi murid-Nya, lalu ia mengajak Anda untuk percaya dan taat pada apa yang telah Anda dengar. Ia pun membagikan kisah dramatis tentang apa yang terjadi ketika sebuah gereja perkotaan yang sukses memutuskan untuk serius dengan Injil menurut versi Yesus. Akhirnya, ia mendorong Anda untuk bergabung dengan Eksperimen Radikal, perjalanan selama setahun dalam pemuridan sejati yang akan mentransformasi bagaimana cara Anda menjalani hidup di sebuah dunia yang sangat membutuhkan Kabar Baik Yesus.",Pemuridan,4,4
RADICAL TOGETHER,"Dalam buku Radical, David Platt memanggil orang Kristen untuk meninggalkan mimpi duniawi dan kembali kepada iman mereka. Ini mempengaruhi banyak pembaca di berbagai tempat dan buku ini dengan cepat menjadi buku terlaris New York Times. Dalam buku Radical Together, penulis memperluas panggilannya dengan menantang kita untuk bersatu dalam visi yang berpusat pada Injil.
Dalam buku ini dia bertanya, bagaimana visi seperti itu bisa membentuk ulang prioritas kita sebagai tubuh Kristus? Bagaimana orang Kristen yang hanya baik-baik saja bisa menghalangi umat Allah melakukan tujuan Allah? Dan, bagaimana kita bisa melepaskan umat Allah dalam gereja untuk menjalankan tujuan Allah dalam dunia ini?
Tulisan ini bagi semua orang yang rindu memberi dampak bagi kemuliaan Allah---entah Anda itu seorang jemaat, pemimpin, atau pendeta---David Platt membagikan enam pemikiran dasar yang bisa memunculkan ketaatan radikal di antara orang Kristen dalam gereja. Dengan pengajaran Alkitab dan kisah-kisah yang menginspirasi di seluruh dunia, dia bisa membantu Anda menerapkan perintah dan pernyataan revolusioner Kristus kepada komunitas orang percaya Anda dalam cara-cara yang segar dan praktis.",Pemuridan,0,21
RAISING KIDS TO LOVE JESUS,"MAHAKALA Allah menciptakan seseorang, Dia juga menganugrahkan karakter yang khusus baginya. Namun, karakter tersebut  tidak akan berkembang bila dibiarkan begitu saja. Perlu pengenalan sejak dini sehingga dapat dimatangkan secara optimal. Disinilah peran penting orangtua. Orangtua diharapkan dapat menjadi pembimbing yang terbaik bagi anak-anaknya sehingga mereka dapat mengeksplorasi pitensi dalam diri.
DENGAN buku ini anda dapat belajar bagaimana memperdalam hubungan anda dengan Kristus sehingga anda dapat semakin memahami anak-anak anda, dan membantu mengembangkan karakter mereka. Anda akan lebih dapat menumbuhkan anak-anak yang sehat secara rohani dan cerdas; juga anak-anak yang mengasihi Yesus, berprilaku seperti Yesus, mencerminkan sikap seperti Yesus, serta mau meluangkan waktu bersama Yesus.
TEMUKAN hal-hal yang patut anda lakukan dan yang sebaiknya tidak anda lakukan dalam mengasihi, mendisiplinkan, dan membimbing anak-anak anda melalui tahun-tahun yang paling kritis dalam hidup mereka. Dapatkan pula bimbingan rohani dan dukungan yang anda butuhkan untuk menumbuhkan hubungan yang saleh dan abadi dengan anak-anak anda sehingga karakter mereka dapat bertumbuh secara optimal sebagaimana yang anda dan Allah inginkan.","Pacaran dan Pernikahan, Relasi Keluarga",0,10
REDISCOVERING DISCIPLESHIP,"Sebelum naik ke surga, Yesus memberi misi yang jelas kepada para pengikut-Nya: jadikan semua bangsa murid-Ku. Tapi hari ini, banyak pengikut Yesus yang bergumul untuk melakukannya atau mereka tidak tahu di mana harus memulai. Melalui prinsip-prinsip yang sederhana dan mudah diterapkan, pendeta Robby Gallaty memberi pemahaman yang dibutuhkan para pembaca untuk mengatasi kurangnya pengalaman dan ketidakpastian mereka. Dimulai dari tinjauan sejarah singkat tentang pelayanan pemuridan di masa lalu, dia kemudian menawarkan proses langkah demi langkah untuk memulai perjalanan pemuridan yang efektif.
Rediscovering Discipleship (Menemukan Ulang Pemuridan) diterjemahkan dan diterbitkan oleh Literatur Perkantas Jatim pada tahun 2018. Buku ini ditulis oleh Robby Gallaty yang merupakan seorang pendeta senior dari Brainerd Baptist Church di Chattanooga dan pendiri dari Replicate Ministries. Beliau telah mendedikasikan seluruh hidupnya dan keluarganya untuk menyebarkan ajaran Kristus.
Buku ini ditujukan kepada mereka yang ingin memperdalam iman mereka dalam ajaran Kristus. Tak hanya itu, buku ini ditulis untuk memotivasi pembaca agar mau melaksanakan tugasnya dalam menyebarkan ajaran Yesus Kristus kepada seluruh umat di dunia agar semakin banyak yang terbuka matanya dan mengikuti jalan Kristus.
Penulis juga ingin menyerukan cara memupuk hidup yang lebih dalam bersama Kristus agar para pembaca semakin bertumbuh dalam tubuh Yesus Kristus, yang akan semakin mempermudah pelaksanaan tugas pemuridan.",Pemuridan,59,139
RELIGION AND THE SCIENCES OF ORIGINS (AGAMA DAN SAINS ASAL-USUL),"Agama dan Sains Asal-Usul secara kritis mendiskusikan isu-isu dalam agama dan sains-sains asal-usul baik dalam konteks historis maupun kontemporer. Setelah mengembangkan pilihan-pilihan untuk hubungan antara sains dan kepercayaan--konflik, separasi, dan integrasi--buku ini mendiskusikan tiga peristiwa historis: revolusi saintifik, peristiwa Galileo, dan penerimaan tulisan Darwin Asal-Usul Spesies. Perhatian khusus diberikan kepada mitos yang berpengaruh namun menyesatkan tentang peperangan antara sains dan agama.
Buku ini menyelidiki isu-isu teoretis--kebetulan dan tujuan, psikologi agama evolusioner, relasi antara pikiran dan tubuh (dan neurosains dan kehendak bebas), dan relasi antara Allah dengan kebaikan. Setelah mendiskusikan Allah dan Ledakan Besar, buku ini disimpulkan dengan analisis tentang evolusi dalam tradisi Muslim dan Yahudi. Buku ini, yang tidak mengasumsikan latar belakang sebelumnya dari pembaca, menawarkan wawasan-wawasan ke masa lalu yang krusial dan ke dalam perdebatan-perdebatan masa kini yang paling hangat seputar sains dan agama.","Agama, Sains dan Filosofi",23,17
SACRED COMPANIONS (SAHABAT KUDUS),"Sahabat sangat diperlukan dalam perjalanan rohani kita.
Individualisme telah mengakar kuat dalam dunia ini. Spiritualitas pun seringkali dilihat sebagai sesuatu yang tertutup dan bersifat pribadi. Tetapi kita tidak dapat melangkah lebih jauh dalam perjalanan rohani sebelum menyadari bahwa isolasi menyebabkan kemandulan rohani. Nyatanya, jiwa kita merindukan suatu persahabatan, keintiman, dan bimbingan rohani. Saat ini banyak orang Kristen kembali mencari dan rindu akan hadirnya sahabat-sahabat kudus. David G. Benner mengundang kita untuk menggali kekayaan dari persahabatan dan bimbingan rohani, menjelaskan apa esensi dari keduanya, dan bagaimana kita dapat menerapkan itu. Melalui doa dan penyelarasan hubungan dengan kehendak Tuhan, sahabat kudus akan memberikan perawatan bagi jiwa. Maka jika kita ingin mengalami pertumbuhan rohani yang signifikan, jiwa kita harus dipupuk melalui persahabatan dan bimbingan rohani. Penulis yang telah berpengalaman dalam persahabatan rohani ini, akan memberikan berbagai model persahabatan dan bimbingan rohani yang membawa kita makin intim bersama Tuhan.",Persahabatan,0,4
SACRED INFLUENCE,"Jika Anda sudah putus asa dengan seluruh upaya untuk membawa perubahan di dalam pernikahan Anda---melakukan aksi tutup mulut, mengomel, diskusi yang didominasi satu pihak, atau menuntut---sekaranglah saatnya untuk menyingkirkan cara-cara yang merusak itu dan menggantikannya dengan pendekatan yang menjadikan Kristus sebagai landasannya. Buku ini menunjukkan bagaimana para wanita dapat memberi dorongan semangat, memengaruhi, dan menolong suami mereka ke arah yang positif. Menggantikan rencana Anda dengan rencana Allah akan mengubahkan pernikahan Anda---Anda akan menjadi pasangan suami istri yang berjalan selaras dengan cara yang Allah kehendaki.","Pengambilan Keputusan, Spiritualitas, Pacaran dan Pernikahan",307,343
SACRED MARRIAGE,"Sejarah kristiani tanpa disadari telah membentuk pemikiran bahwa hanya mereka yang melajang dapat hidup lebih kudus dan mendekatkan diri pada Tuhan dengan leluasa. Namun, bagaimana jika ternyata pernikahan justru merupakan sebuah disiplin rohani yang sangat berharga? Melaluinya, seseorang dapat bertumbuh untuk mengenal Tuhan lebih baik, memercayai-Nya lebih penuh, dan mengasihi-Nya lebih dalam. Pemikiran ini membuat buku Sacred Marriage berbeda dengan kebanyakan buku lain yang membahas tentang pernikahan. Anda tidak akan menemukan sepuluh langkah praktis untuk memperbaiki pernikahan di dalamnya. Sebaliknya, bersiaplah untuk memperdalam pengenalan Anda akan Tuhan dalam berbagai sisi yang mungkin tak pernah Anda pikirkan sebelumnya, dan jika Anda menikah, tantanglah diri Anda untuk menerapkan pengenalan akan Tuhan itu ke dalam pernikahan Anda. Di samping perenungan yang dalam dan sarat dengan wawasan alkitabiah, tersedia juga sejumlah pertanyaan penuntun untuk mengarahkan perenungan pribadi, diskusi bersama pasangan, maupun bersama kelompok kecil Anda.","Pengambilan Keputusan, Pacaran dan Pernikahan, Spiritualitas",1380,1119
SACRED PARENTING,"Pengasuhan anak merupakan sasana bagi pembentukan rohani dan anak-anak kita menjadi guru kita. Perjalanan merawat, membesarkan, mendidik, dan mengasihi anak-anak kita akan mengubah kita secara luar biasa untuk selamanya.
Sacred Parenting tidak seperti buku lainnya tentang proses mengasuh anak yang pernah Anda baca selama ini. Ini bukan buku panduan cara praktis yang mengajarkan kepada Anda cara-cara untuk mendisiplin anak-anak Anda atau membantu mereka mencapai potensi mereka seutuhnya. Bukannya membahas tentang bagaimana orangtua dapat mengubah anak-anak mereka, buku ini membalik posisi dengan memperlihatkan bagaimana Tuhan memakai anak-anak kita untuk mengubah kita.
Selama ini Anda telah membaca banyak buku yang berisi berbagai metode. Kini, melalui buku ini, terimalah beberapa inspirasi yang akan sangat Anda butuhkan. Anda akan dikuatkan dengan kisah-kisah di dalamnya yang menceritakan bagaimana para orangtua lainnya mengatasi berbagai tantangan dan kesulitan sebagai orangtua --- dan bagaimana anak-anak mereka berhasil mengubahkan hubungan mereka dengan Tuhan. Buku ini menegaskan tentang nilai rohani sebagai orangtua, yang menunjukkan kepada Anda potensi kudus dalam hubungan orangtua-anak.","Doa dan Kontemplasi, Relasi Keluarga, Bahan Pendalaman Alkitab (PA)",608,80
SACRED PATHWAY,"Sebagai orang kristiani dengan mudah meluangkan waktu berjam-jam dalam doa kontemplatif. Berada di dekat mereka saja sudah membuat Anda berharap menjadi seperti mereka. Atau mungkin Anda seperti mereka, tetapi orang lain jauh lebih baik dalam memperlihatkan kasih Allah secara praktis. Mengapa Anda tidak dapat menjadi seperti mereka? Bisa jadi Anda memang tidak dirancang menjadi seperti itu.
Dalam buku ini, Gary Thomas akan meluputkan Anda dari rasa frustasi karena harus menyesuaikan diri dengan satu tipe spiritualitas saja dan membibing Anda ke jalan penyembahan yang membuat Anda bebas menjadi diri sendiri. Jika Anda mengalami kesulitan dalam menyembah Allah, boleh jadi itu karena Anda sedang berusaha mengikuti jalan orang lain.
Buku ini mengupas sembilan tipe spiritualitas yang berbeda---dengan ciri-ciri, kekuatan, dan kelemahan masing-masing, Anda dapat menemukan salah satu atau lebih tipe spiritualitas yang sesuai dengan diri dan ekspresi Anda yang paling wajar dalam berelasi dengan Yesus Kristus. Apapun spiritualitas atau campuran spiritualitas yang paling sesuai dengan gambar diri Anda pastilah bukan hal yang terjadi secara kebetulan. Semua itu sudah dirancang oleh Sang Pencipta, yang tahu benar apa yang diperbuat-Nya tatkala Dia menciptakan Anda menurut tujuan-Nya yang unik.","Pengambilan Keputusan, Doa dan Kontemplasi, Pacaran dan Pernikahan",56,42
SACRED RHYTHMS (IRAMA KUDUS),"Apakah Anda merindukan suatu kedalaman dan perubahan mendasar dalam kehidupan Anda dengan Tuhan?
Apakah Anda juga merindukan suatu relasi yang begitu intim bersama Tuhan?
Disiplin rohani adalah sebuah aktifitas yang membuka diri kita bagi transformasi kasih Allah dan perubahan yang hanya dapat diberikan oleh Allah dalam hidup kita. Buku ini akan membawa Anda lebih dalam untuk memahami tujuh kunci disiplin rohani yang disertai dengan ide-ide praktis untuk diterapkan dalam kehidupan sehari-hari. Setiap bab mencakup latihan-latihan untuk menolong Anda memulai praktik-praktik disiplin rohani tersebut baik secara individu maupun di dalam kelompok. Pada bab terakhir, semua bentuk disiplin rohani ditempatkan di dalam sebuah cara yang akan membantu Anda untuk mengarahkan hidup Anda bagi transformasi rohani.
Sebuah pilihan untuk membangun irama kudus bagi hidup Anda adalah pilihan paling penting yang dapat Anda buat bagi hidup Anda pribadi.",Spiritualitas,6,0
SAME-SEX ATTRACTION AND THE CHURCH,"Ketika ada orang Kristen yang memiliki ketertarikan pada sesama jenis, bagaimana gereja seharusnya meresponsnya?
Pendeta Ed Shaw adalah seorang Kristen sejati, berpegang teguh pada Alkitab dan mempertahankan kesetiaan pada pengajaran tradisional gereja tentang etika seksualitas. Dalam buku yang jujur ini, dia membagikan pergumulannya sebagai seorang Kristen sejati yang memiliki ketertarikan pada sesama jenis.
Dia menunjukkan bahwa ajaran Alkitab terlihat tidak mungkin dilakukan bukan karena kesulitannya, tapi karena berbagai kesalahan yang dilakukan gereja terkait pemahamannya tentang kehidupan Kristen dan seksualitas yang sehat. Kita telah dibentuk oleh dunia di sekitar kita dan perlu menilai ulang nilai-nilai yang memengaruhi pemuridan kita. Hanya dengan menjalaninya sesuai dengan Alkitab barulah kita bisa melihat panggilan Allah bagi mereka yang memiliki ketertarikan pada sesama jenis sebagai sesuatu yang masuk akal atau mungkin dilakukan dalam mengikut Yesus untuk menjalani hidup secara penuh.",Seksualitas,52,71
SANCTUARY OF THE SOUL -TEMPAT PERLINDUNGAN BAGI JIWA,"Pada hari ini, distraksi merupakan salah satu masalah terbesar yang kita hadapi. Semua dorongan visual, semua percakapan di internet, semua kebisingan yang membingungkan menghalangi kita untuk bisa memusatkan perhatian kita pada keberadaan kita saat itu. Ini merupakan masalah penting dalam hubungan kita tetapi lebih penting lagi dalam hubungan kita dengan Tuhan. Singkatnya, kita telah kehilangan kemampuan untuk memusatkan perhatian kepada Allah dalam tempat perlindungan dari jiwa ini. Mendengarkan dengan hening dan tenang. Buku ini diharapkan menolong kita agar kembali bisa mendengar Allah di dalam keheningan yang agung, menggentarkan, memiliki kasih dan meliputi segala sesuatu.
Apakah Anda telah dibutakan oleh kedangkalan budaya modern? Apakah Anda telah menjadi lelah dengan semua pergumulan, semua hiruk pikuk dan keramaian yang ada? Apakah Anda merasakan adanya suatu rasa lapar yang dalam akan kehadiran Allah yang hidup? Jika benar, temanku, selamat datang ke rumah. Rumah kedamaian dan ketenangan dan sukacita. Rumah tempat perlindungan bagi jiwa, tempat Anda bisa, dalam kata-kata Jean-Pierre de Caussade, ringan seperti bulu, mengalir seperti air, lugu seperti seorang anak kecil, merespons setiap gerakan anugerah seperti sebuah balon yang melayang di udara.",Doa dan Kontemplasi,0,3
SANG RAJA KEKAL,"Renungan  ini dirancang untuk membantu Anda menyelami kebenaran teologis dan  penghayatan pribadi seiring kita bersiap merayakan kedatangan Raja yang  rendah hati dan mulia. Melalui tulisan ini kita akan merenungkan  kemuliaan dan kelembutan Kristus, yang datang dalam rupa bayi rentan dan  memperlihatkan kasih yang lembut kepada ciptaan-Nya melalui inkarnasi  Dia. Sepanjang bulan Desember, kita akan mewartakan kedaulatan dan kuasa  kerajaan-Nya serta kasih-Nya yang rela mengosongkan diri. ",Penginjilan,2,8
SEPERTI APAKAH SURGA,"Buku Seri Berkat Bagi Si Kecil ini mengajarkan pada anak-anak Anda tentang hal-hal yang mendasar dan sering ditanyakan oleh mereka soal Alkitab dan ajaran Kristen. Mendengar hal tersebut, kita sebagai orang tua senang saat anak-anak menanyakannya dan kita berusaha keras untuk menjawabnya. Saat mereka bertanya, Apa yang akan kita lakukan di surga? Bagaimana respons Anda?
Surga menjadi hal yang sering ditanyakan oleh anak-anak. Untuk membantu para orang tua dapat menjawabnya, buku ini hadir dengan acuan ayat Alkitab dan gambar yang menarik agar dapat memperkenalkan kepada anak seperti apakah surga. Maka dari itu, buku Seri Berkat Bagi Si Kecil: Seperti Apakah Surga? ini cocok sekali untuk menemani anak-anak dalam belajar memahami Alkitab.","Relasi Keluarga, Bahan Pendalaman Alkitab (PA)",396,49
SEPULUH UANG PERAK,"Cerita Tuhan Yesus: Sepuluh Uang Perak.
Seri yang terdiri dari 8 judul ini dirancang untuk anak kecil,
lengkap dengan gambar, disajikan dengan bahasa yang sederhana dan lucu,
namun alkitabiah.","Bahan Pendalaman Alkitab (PA), Pemuridan, Kekudusan",489,283
SEVEN DAYS THAT DIVIDE THE WORLD,"SEBUAH PENGAMATAN YANG CERDAS SECARA ILMIAH, TAJAM SECARA TEOLOGIS, SEKALIGUS MENGHADIRKAN PENAFSIRAN YANG SETIA KEPADA KEPAD ALKITAB TERKAIT KITAB KEJADIAN
Apakah bumi terbentuk melalui proses evolusi?
Apakah 7 hari itu bermakna literal seminggu atau serangkaian periode waktu?
Jika saya percaya bahwa bumi berusia 4,5 miliar tahun, apakah itu berarti saya menyangkali otoritas Alkitab?
Dalam menanggapi kontroversi yang terus berkelanjutan seputar penafsiran dari narasi penciptaan dalam Kitab Kejadian, Prof. John Lennox mengajukan metode ringkas dalam membaca dan menafsirkan Kitab Kejadian tanpa meninggalkan prinsip sains maupun Alkitab.
Dilengkapi dengan berbagai contoh dari sejarah, eksplorasi singkat tetapi menyeluruh dari berbagai penafsiran, dan melihat signifikansi khusus dalam penciptaan umat manusia, Dia menunjukkan bahwa orang Kristen dapat merengkuh sains modern juga tetap setia pada Alkitab. Dia bergerak mengatasi tanggapan sederhana seputar kontroversi penciptaan dengan menegaskan bahwa Kitab Kejadian mengajarkan kita jauh lebih banyak tentang Allah dan maksud Allah dalam penciptaan daripada sekadar kontroversi tentang bumi.","Agama, Sains dan Filosofi",4,30
SIAPAKAH ALLAH ITU,"Pribadi yang menyatakan diri.
Allah adalah pribadi yang menyatakan diri
Dia rindu manusia mengenal, merasakan dan mengasihiNYA
Natal adalah wujud nyata kerinduan Allah Itu","Gereja dan Ibadah, Bahan Pendalaman Alkitab (PA), Pemujaan Berhala",3,34
SIAPAKAH YANG MENCIPTAKAN DUNIA?,"Perkenalkan buah hati anda kepada Allah saat anda menjelajahi dunianya bersama-sama. 
Introduce your child to God as you explore his world together.","Spiritualitas, Doa dan Kontemplasi, Pacaran dan Pernikahan",1,4
SIAPAKAH YESUS?,"""Dalam buku ini, Philip Yancey bersikap lebih pribadi dan lebih terfokus pada Yesus dibanding sebelumnya. la mengingat pengalaman di gereja masa kecilnya dengan pandangan yang jujur dan wawasan mengagumkan, kemudian mengajak diri sendiri dan para pembacanya ke penelitian berdasarkan Alkitab serta sejarah yang mengungkapkan siapa sebenarnya Yesus ini, baik dahulu maupun sekarang. Melalui pengamatannya yang cermat, Yesus tampak manusiawi sekaligus ilahi dan senantiasa hadir dengan kuasa-Nya, baik di dalam kitab suci maupun kehidupan kita.""
-Walter Wangerin, Jr., penulis The Book of God
Siapakah Yesus? Menurut sebagian besar denominasi Kristen, Yesus dipandang sebagai Allah Putra (Allah Anak). Namun, seluruh umat Kristen meyakini bahwa Yesus adalah Mesias (atau Kristus/Almasih, semuanya secara harfiah berarti ""Yang Diurapi"") yang dinantikan dalam Perjanjian Lama. Yesus adalah seorang pewarta apokaliptik dan pendiri sebuah gerakan pembaruan di dalam Yudaisme. Setelah kematiannya, pengikutnya percaya bahwa Yesus bangkit dari kematian, dan komunitas yang mereka bentuk kemudian menjadi Gereja Kristen
Dalam buku karya Philip Yancey ini akan dijelaskan dan digambarkan secara gamblang siapakah Yesus itu dan apakah peranannya kepada umatnya.","Bacaan, Bahan Pendalaman Alkitab (PA), Doktrin dan Teologi",21,0
SKANDAL HATI NURANI KAUM INJILI,"Pada dasarnya buku ini merupakan tangisan penulis dari buku ini terhadap kondisi kekristenan Injili di Amerika Serikat. Kekristenan Injili mengklaim dirinya sebagai aliran kekristenan yang setia mengajarkan pemahaman doktrin firman Tuhan yang sejati dan menekankan kualitas standar-standar moralitas, ironisnya, data-data statistik terbaru yang diangkat penulis memperlihatkan jurang yang sangat dalam dan lebar antara idealisme Injili dengan realitas hidup pemeluknya. Dari soal uang, seks, rasisme, orang-orang Kristen Injili ternyata adalah kelompok yang memiliki perilaku lebih memalukan dari pada orang-orang di sekitar mereka. Bahkan Ron Sider dengan sangat jujur namun menyakitkan menyatakan bahwa hidup orang-orang Kristen Injili tidak ada bedanya dengan hidup orang-orang dunia.
Dalam analisisnya, Sider menemukan bahwa selain alasan praktis, alasan teologis juga turut berperan menciptakan kesenjangan antara idealisme Injili dengan perilaku orang-orang Injili. Ia menganalisis hal tersebut dalam Bab 3 melalui sebuah frase yang ia ambil dari istilah yang pernah di buat oleh seorang hamba Tuhan Jerman, Dietrich Bonhoeffer, Cheap Grace. Menurutnya orang-orang Kristen sekarang ini (bahkan termasuk para teolognya) sudah mereduksi makna keselamatan sekadar kepada persoalan terlepas dari hukuman neraka, mendapat hidup kekal, menganggap bahwa sebuah pribadi manusia sekadar terdiri dari jiwa saja. Ini mengakibatkan munculnya spiritualitas atau kerohanian yang individualistik dan materialistik: menekankan keselamatan jiwa dan akhirnya melupakan aspek tanggung jawab Kristen lain yang menjadi bagian/konsekuensi dari keselamatan itu. Selain itu ia juga melihat bahwa arti keselamatan begitu disempitkan sekadar mengucapkan seperangkat kalimat syahadat Kristen, meskipun tanpa pemahaman dan otomatis saya memperoleh asuransi keselamatan jiwa kekal. Untuk orang-orang bermental cari aman tentu ini merupakan cara yang sangat aman, cepat, ringkas, hemat, praktis untuk selamat tanpa lebih jauh memahami konsekuensi dan risiko-risiko yang juga ada di dalam berita Injil.
Pada bab 4 Sider menawarkan konsep-konsep Alkitabiah yang diharapkan dapat mengubah pola pikir orang-orang Kristen sesuai dengan firman Tuhan. Menariknya salah satu cara yang efektif menurut Sider dalam mengikis semua ini adalah lewat small groups (KTB).Meskipun buku ini berbicara dalam konteks Amerika tapi, seperti yang dikatakan oleh Pdt. Charles Christano dalam komentarnya terhadap buku terjemahan ini, sebenarnya realitas yang sama tidak luput pula dari konteks Indonesia. Sebab mau tidak mau dan suka tidak suka, model ibadah dan pengajaran Gereja-gereja Injili di Indonesia masih sangat American minded. Untuk itulah, dalam pengantarnya bagi edisi bahasa Indonesia, Sider mengharapkan agar budaya Kristen di Indonesia tidak dengan mudah meniru budaya kekristenan Amerika tapi dengan sungguh-sungguh mempelajari firman Tuhan dan memohon kepada Roh Kudus dalam doa untuk menemukan cara pemuridan yang paling tepat dengan budaya setempat.",Pemuridan,0,3
SO YOU ARE GETTING MARRIED,"Memutuskan untuk menikah berarti memegang keyakinan untuk mengarungi hidup dengan seseorang yang akan terus mendampingi--sampai maut memisahkan. Oleh sebab itu, ada beberapa hal yang perlu djadikan komitmen bersama bagi para pasangan pranikah agarpenikahan yang akan dimasuki berjalan langgeng.
Komitmen yang diambil ternyata mesti mencakup banyak faktor; tidak hanya antar dua pribadi yang akan menikah, tetapi juga antar dua keluarga besar yang akan menjadi satu.
Temukan hikmat yang alkitabiah dan dasar yang kokoh dalam membangun hubungan ke arah pernikahan. Melalui buku ini Anda disiapkan dan diyakinkan.","Doktrin dan Teologi, Pengambilan Keputusan, Pacaran dan Pernikahan",51,4
SOMETHING NEEDS TO CHANGE (SESUATU HARUS BERUBAH),"Something Needs To Change: Sesuatu Harus Berubah merupakan buku religi karangan David Platt. David Platt adalah penulis dari tiga buku laris seperti Radical. Ia melayani sebagai pendeta pemimpin dari McLean Bible Church, Washington DC. Ia pernah melayani sebagai presiden dari International Mission Board dan pendiri dari Radical. Buku ini adalah suatu perjalanan menyakitkan sekaligus suatu undangan yang penuh harapan. --Louie Giglio.

Dalam kisah yang menarik akan pendakian yang berbahaya ini, Platt mengundang Anda untuk menyantap apa yang disantapnya, melihat apa yang dilihatnya, dan merasakan emosi yang dirasakannya pada setiap keadaan. Pada akhirnya, Anda akan mendapati diri Anda berhadapan dengan sejumlah pertanyaan yang sulit dan kebutuhan yang mendesak di dunia, dan berhadapan dengan Allah yang ingin menggunakan hidup Anda melalui cara yang lebih besar dari yang pernah Anda bayangkan. Membaca buku ini bukannya tanpa risiko. Buku ini akan membuat Anda diubahkan dan bertekad mengambil tindakan, dimulai tepat di mana Anda hidup.

Apa yang terjadi ketika seorang pendeta terkenal dan penulis buku laris diguncangkan keyakinannya yang terdalam oleh kegelapan dunia sekitarnya? Setelah selesai menjalani pendakian melewati beberapa puncak gunung tertinggi dan desa-desa paling terpencil di dunia, David Platt mendapati dirinya dibanjiri oleh pertanyaan-pertanyaan seperti ini:

- Jika Injil itu benar dan Allah benar-benar baik, lalu di manakah Allah di tengah-tengah kemiskinan dan penderitaan yang ekstrem?
- Di manakah perlindungan Allah bagi mereka yang ditindas dan dieksploitasi?
- Mengapa ada begitu banyak orang terlahir ke sebuah tempat yang tampak seperti neraka dunia dan akan berlanjut berpindah ke neraka kekal setelahnya?
- Apakah Yesus benar-benar harapan dunia?

Yuk, temukan jawabannya dengan cara membaca buku ini hingga selesai, ya!",Non-Fiksi,0,95
SOUL KEEPING (MENJAGA JIWA),"Kapan terakhir kali Anda berpikir tentang keadaan jiwa Anda?
Kesehatan jiwa Anda bukan hanya soal Anda sudah diselamatkan atau belum. Ini adalah poros yang mana seluruh kehidupan Anda bergantung di sana. Inilah yang menjadi kunci perbedaan antara spiritualitas yang mendalam dan penuh kepuasan dengan iman yang tidak bergairah dan resah.
Di zaman materialisme dan konsumerisme yang mencoba untuk membeli berbagai cara menuju kebahagiaan, banyak jiwa yang kelaparan dan tidak sehat, tidak terpuaskan oleh janji-janji palsu dari status dan kekayaan. Kita telah mengabaikan bagian yang kekal dari diri kita, dengan terus berfokus hal-hal yang sementara di dunia ini--dan bukan tanpa konsekuensi semua hal itu.
Penulis buku laris, John Ortberg menyajikan hikmat penting yang akan membantu Anda menemukan jiwa Anda--suatu jalur koneksi paling penting yang terhubung langsung ke Allah--dan menemukan jalan keluar dari spiritualitas yang dangkal menuju kedalaman ilahi yang sejati. Melalui berbagai wawasan menarik dan kisah hidup nyata, John Ortberg menyajikannya dengan praktis dan relevan untuk memberikan pencerahan bagi salah satu topik yang paling misterius dan diabaikan oleh kekristenan masa kini.",Spiritualitas,0,2
SPIRITUAL FORMATION,"Spiritual Formation adalah upaya yang lahir dari kesadaran iman bahwa menjadi Kristen dan sudah dilahirbarukan tidak dengan sendirinya membuat diri orang beriman mampu merespons kasih karunia Allah (anugerah keselamatan) dengan tepat dan benar. Realita kehadiran dosa yang masih aktif dalam tubuh dan jiwa menyadarkan orang beriman bahwa hidup baru dalam tuntunan Roh Kudus ternyata tidak dengan sendirinya dapat dikenali bagaimana realitanya. Ratusan tahun umat Kristen meraba-raba dan mencoba dengan berbagai cara untuk mewujudkan kerinduannya menjadi orang yang diperkenan Allah, tanpa kejelasan hasilnya. Alkitab menghadirkan banyak tanda dan memberikan banyak contoh bagaimana orang beriman diperkenan Allah, tetapi contoh yang banyak itu ternyata sulit untuk diintegrasikan dalam konsep pengertian yang bisa menjadi pegangan untuk diikuti pola atau formatnya.
Buku ini ditulis sebagai salah satu upaya untuk menjawab pertanyaan-pertanyaan yang mungkin menjadi pergumulan kita semua. Dengan menggabungkan banyak pikiran hasil pengalaman pribadi dengan Tuhan, dosen-dosen STTRI mencoba untuk mempersembahkan konsep tentang apa sebenarnya Spiritual Formation?
Mulai dengan penjelasan tentang spirit kita semua diajak untuk mengenali esensi pergumulan kita semua, yaitu pergumulan untuk mengenali dan menemukan pola kerja roh manusia yang sudah dilahir-barukan oleh Roh Kudus. Bagaimana roh manusia yang sudah diperbaharui dapat berfungsi dalam tuntunan-Nya sehingga dapat memakai seluruh anggota tubuh dan jiwa menjadi senjata-senjata kebenaran (Rm. 6:13). Hanya melalui itulah, kemenangan iman yang sejati dapat dialami dan menjadi kenyataan dalam kehidupan orang percaya.
Doa kami adalah supaya melalui buku ini setiap pembaca menemukan kesadaran baru untuk membangun Spiritual Formation yang sesuai dengan keunikan dirinya sendiri dan mulai mengalami kemenangan-kemenangan iman seperti apa yang dikehendaki Tuhan.",Spiritualitas,34,70
SPIRITUALITAS KRISTEN DAN APOLOGETIKA KRISTEN,"Di tengah kehidupan manusia yang dipacu oleh banjirnya informasi, diperlukan dorongan untuk terus melakukan inovasi atau penemuan-penemuan baru supaya tidak ketinggalan dan ditinggalkan oleh orang-orang sezamannya. Spiritualitas Kristen berbicara tentang relasi Tuhan dengan manusia di dalam anugerah penebusan Tuhan Yesus Kristus. Apologetika Kristen berbicara tentang bagaimana orang yang sudah ditebus dan dipulihkan melalui penebusan Tuhan Yesus Kristus menjelaskan tentang apa yang diyakininya sebagai Anak Tuhan.","Bacaan, Non-Fiksi, Spiritualitas, Penginjilan",56,48
SUFFERING (PENDERITAAN),"Terkadang hidup itu menyakitkan.
Entah dari mana, kematian, penyakit, pemutusan hubungan kerja, atau sebuah relasi yang sulit dapat mengubah kehidupan kita dan menantang segala sesuatu yang pernah kita pahami --- menyudutkan kita sehingga kita merasa tak mampu untuk mengatasinya. Namun, di tengah segala rasa sakit dan kebingungan ini, kita tidak sendiri.
Dengan menyatukan kisah pribadinya, pengalaman pelayanan pastoral, dan wawasan alkitabiahnya, penulis buku laris, Paul David Tripp membantu kita memercayai Allah di tengah segala penderitaan. Ia mengidentifikasi jebakan-jebakan yang harus dihindari dalam penderitaan kita dan sebaliknya membawa kita melihat akan penghiburan-penghiburan yang perlu direngkuh. Buku yang berterus terang namun berisi pengharapan ini akan menolong Anda berpaut pada janji-janji Allah ketika pencobaan datang dan melangkah maju dengan harapan Injil.",Penderitaan,59,18
SURRENDER TO LOVE,"Hanya Allah yang layak mendapatkan penyerahan diri penuh karena hanya Allah yang bisa menawarkan kasih yang dapat diandalkan secara penuh.
Hidup di zaman yang meninggikan kebergantungan pada diri sendiri, membuat banyak dari kita menjadi takut dengan konsep penyerahan diri pada suatu kekuasaan atau otoritas di luar diri kita. Tapi penyerahan diri tidak harus dilihat sebagai sesuatu yang menakutkan, terutama ketika Pribadi yang menjadi tempat penyerahan diri kita adalah lambang dari kasih dan kebaikan. Allah tidak ingin umat-Nya berespons dengan rasa takut atau keharusan. Tapi Dia mengundang kita untuk masuk ke dalam sebuah relasi yang intim dan ketaatan yang autentik. Demikianlah Allah memanggil kita untuk bergerak melampaui kepatuhan semata --- melalui penyerahan diri pada kasih.
Dalam buku yang luar biasa ini, David G. Benner membahas dua tema kembar mengenai kasih dan penyerahan diri sebagai inti dari spiritualitas Kristen. Melalui pembahasan Alkitab yang saksama dan perenungan terhadap tradisi Kristen, Benner menunjukkan bagaimana Allah meminta kita untuk percaya pada kasih-Nya yang sempurna secara penuh. Allah adalah kasih dan Dia ingin Anda hidup dalam kasih-Nya. Buku ini akan membawa Anda ke tempat yang tidak disangka, di sana penyerahan diri pada Allah membebaskan Anda sebagaimana tujuan mula-mula Dia menciptakan Anda.",Spiritualitas,0,56
TAKING YOUR SOUL TO WORK,"Antonius Tanan (Presiden Universitas Ciputra Entrepreneurship Center)
Bekerja menggunakan sebagian besar dari waktu hidup kita. Harus diakui bahwa urusan maupun masalah dalam pekerjaan dapat mendominasi pikiran kita, bahkan setelah jam kerja, bahkan di luar hari kerja. Sangat pantas bila kita memberikan waktu cukup untuk memahami makna bekerja, meniliti motivasi kita, mengevaluasi cara kita mengelola kerja dan 'mendiskusikan' rencana karir kita dengan TUHAN. Buku Taking Your Soul To Work: Bawa Jiwa Anda ke Tempat Kerja! Kiranya dapat menolong kita dalam penjelajahan spiritual untuk memberi respons yang lebih baik terhadap pergumulan dalam pekerjaan.",Inspiratif,0,2
TEOLOGI KREASI DAN KONSERVASI BUMI,"Kendati kesadaran individu makin tinggi, partisipasi masyarakat makin besar, komitmen global makin kuat, dan organisasi-organisasi internasional makin nyaring menyuarakan kemunduran kualitas sumber daya bumi, semuanya itu ternyata belum mampu menghentikan kerusakan bumi.
Justru inilah yang terjadi: polusi meningkat, tingginya pencemaran, meningkatnya pemanasan global, hilangnya biodiversitas, eksploitasi berlebihan, dan dampak lanjutannya adalah cuaca ekstrem yang bisa terjadi sewaktu-waktu. Lalu, di mana salahnya?
Sejatinya, sumber daya bumi ini hanya akan terawat baik bila manusia menghormati Allah Sang Pencipta. Penghormatan kepada Allah akan memampukan manusia menghargai ciptaan-Nya.","Pemuridan, Kekudusan, Bahan Pendalaman Alkitab (PA)",0,13
TETAP SEGAR DI TENGAH RUTINITAS REVISI,"Bisa duduk tenang, mendengar dan mengenali diri sendiri, bertemu dan mendengar suara Tuhan, saat ini menjadi sesuatu yang sulit dilakukan karena kebanyakan orang terseret pada rutinitas yang melelahkan. Semakin banyak pilihan kegiatan yang ditawarkan, semakin beratnya persaingan dan semakin tinggi tuntutan kompetensi membuat banyak orang sibuk dan bising dengan hidupnya. Berbagai generasi termasuk generasi muda banyak mengalami kelelahan secara fisik, psikis, maupun spiritual sehingga tidak menikmati kehidupan sesungguhnya yang Allah sediakan, bahkan makin banyak orang yang mengalami gangguan mental dan hidupnya tidak produktif.
Buku ini akan membawa kita menikmati pengajaran-pengajaran dasar yang penting untuk dimiliki bagi para pelayan Tuhan pada masa kini. Bab satu berisi penjelasan situasi dunia yang dapat menyeret kita untuk melakukan rutinitas yang melelahkan. Bab dua berisi pandangan Alkitab tentang spiritualitas agar pembaca memiliki sistem dan tata nilai sesuai dengan Alkitab, dan tidak terseret pada sistem dan tata nilai dunia yang terus berubah. Bab ketiga berisi penjelasan pengaruh dunia yang sibuk terhadap spiritualitas Kristen, agar pembaca dapat melihat bagaimana spiritualitas Kristen mengalami perubahan-perubahan karena dunia yang terus berubah. Dan diakhiri dengan bab empat yang berisi pembahasan tentang membangun spiritualitas melalui hal-hal praktis agar kita dapat tetap segar di tengah rutinitas.",Non-Fiksi,1,5
THE CASE FOR GRACE (PENYELIDIKAN TENTANG KASIH KARUNIA),"Apa sebenarnya kasih karunia itu? Dapatkah kasih karunia mengubah hidup seseorang, atau itu hanyalah sebuah angan-angan semata? Dalam buku The Case for Grace, Lee Strobel mengukir suatu pembelaan yang sangat kuat dan sangat pribadi bagi Allah, berfokus pada karya Allah yang mengubahkan dalam hidup para lelaki dan perempuan sepanjang masa ini.
Menulis dengan kejujuran yang luar biasa, Lee Strobel menimba dari perjalanannya sendiri, yang dimulai dari ateisme kepada Kekristenan untuk menggali dalamnya dan lebarnya kasih Allah dalam menebus orang-orang yang tidak patuh secara rohani. Ia bepergian ribuan mil untuk mendokumentasikan kisah-kisah yang menginspirasi dari orang-orang biasa yang nilai-nilai hidupnya telah diubahkan secara radikal dan yang telah menemukan tentang apa yang ada di balik anugerah Allah yang mengagumkan tersebut. Anda akan menjumpai para pecandu dan bahkan pembunuh yang telah menemukan harapan dan tujuan hidup baru. Anda akan bertemu dengan orang-orang yang dulunya hidup dalam kepahitan dan sekarang menerima kuasa Allah untuk mengampuni orang-orang yang telah melukai mereka--dan, yang sama mengagumkannya, orang-orang yang terjerumus dalam rasa bersalah yang telah mendapati bahwa mereka bahkan bisa mengampuni diri mereka sendiri.
Melalui itu semua, Anda akan bersemangat saat melihat bagaimana anugerah Allah bisa merevolusi keberadaan Anda dalam kekekalan dan relasi-relasi Anda ... itu dimulai dari hari ini.",Apologetika,103,122
THE EMOTIONALLY DESTRUCTIVE RELATIONSHIP,"BERANI MENJAWAB PERTANYAAN: Apa yang salah dengan hubungan ini? Mungkin relasi yang dijalani tidak tampak seperti terjadi pelecehan. Tidak ada memar, tidak ada penganiayaan seksual. Bahkan, senyum tampak di wajahnya. Namun, di balik semua itu, sebenarnya ada sesosok pribadi yang sedang hancur emosinya. Mungkin orang itu adalah seseorang yang ingin Anda tolong. Mungkin, orang itu adalah Anda sendiri.
Penulis buku dan konselor, Leslie Vernick, telah menyaksikan efek menghancurkan dari pelecehan emosional di tengah-tengah keluarga dan berbagai bentuk relasi. Dia tahu bahwa hal ini harus dibicarakan jika ingin mengalami pemulihan dan menemukan pengharapan. Langkah demi langkah,
Leslie menunjukkan bagaimana cara untuk:
--- Mengenali perilaku yang dirancang untuk memanipulasi, mengendalikan, dan melukai
--- Melakukan konfrontasi dan mengatakan kebenaran ketika waktunya tepat
--- Menentukan kapan waktunya terus berjuang dan kapan waktunya harus mengubah cara pendekatan
--- Menjadi aman dan tetap aman
--- Terus ditransformasi oleh Allah selagi Anda membangun identitas diri di dalam Kristus
Apakah Anda ingin berubah? Dalam buku ini, Anda akan menemukan pertolongan yang tepat dan jelas untuk mengambil langkah pertama hari ini.",Relasi Keluarga,34,57
THE EMOTIONALLY HEALTHY LEADER (PEMIMPIN YANG SEHAT SECARA EMOSI),"MENJADI PEMIMPIN YANG LEBIH BAIK DIMULAI DARI KEHIDUPAN BATIN YANG TELAH DITRANSFORMASI.
-- Apakah Anda sudah melakukan pekerjaan dengan sangat baik sebagai pemimpin tetapi tidak melihat ada dampak yang nyata?
-- Apakah Anda pernah merasa stagnan dan tidak punya kemampuan untuk mengubah lingkungan Anda?
-- Apakah Anda merasa terlalu kewalahan untuk menikmati hidup dan tidak dapat memilah berbagai tuntutan pekerjaan?
Dalam The Emotionally Healthy Leader, penulis buku laris, Peter Scazzero menunjukkan para pemimpin bagaimana mereka dapat mengembangkan dan mengintegrasikan kehidupan batin yang mendalam dengan Kristus dalam kepemimpinan, perencanaan dan pengambilan keputusan, pembentukan tim, menciptakan budaya yang sehat, memengaruhi orang lain, dan banyak lagi. Ia menawarkan sesuatu yang melampaui sekadar perbaikan cepat atau teknik baru, The Emotionally Healthy Leader membahas masalah sampai ke inti, yang berada di bawah permukaan masalah kepemimpinan Kristen yang unik. Buku ini menawarkan sebuah cara baru memandang diri Anda sebagai seorang pemimpin dengan cara memimpin yang telah ditransformasi.",Kepemimpinan,32,206
THE EMOTIONALLY HEALTHY WOMAN,"Berhenti Berpura-pura bahwa Segalanya Baik dan Ubah Hidup Anda
Geri Scazzero tahu bahwa ada sesuatu yang sangat salah dengan hidupnya. Dia merasa seperti orang tua tunggal yang membesarkan empat putrinya sendiri. Dia akhirnya memberi tahu suaminya, Saya berhenti, dan meninggalkan gereja yang berkembang yang sedang mereka gembalakan, memulai sebuah perjalanan yang mengubah dirinya juga pernikahannya untuk menjadi lebih baik.
Dalam The Emotionally Healthy Woman, Geri memberi Anda jalan keluar dari spiritualitas yang tidak autentik dan dangkal menuju kebebasan yang sejati dalam Kristus. Buku ini ditujukan bagi setiap orang yang berpikir, Saya tidak bisa terus-menerus berpura-pura semuanya baik-baik saja!
Perjalanan menuju kesehatan emosi dimulai dengan berhenti. Geri berhenti mencemaskan apa yang orang lain pikirkan. Dia berhenti berbohong. Dia berhenti menyangkali kemarahan dan kesedihannya. Dia berhenti menjalani kehidupan orang lain. Ketika Anda berhenti dari hal-hal yang merusak jiwa Anda atau jiwa orang lain, Anda dibebaskan untuk memilih cara lain agar menjadi pribadi yang seutuhnya, terhubung dalam hidup yang berakar pada cinta, dan memimpin pada kehidupan yang sejati.
Ketika Anda berhenti untuk alasan yang benar, pada saat yang tepat, dan dengan cara yang benar, Anda berada di jalur yang tidak hanya membuat Anda sehat secara emosi, tetapi juga untuk mencapai tujuan hidup Anda yang sebenarnya.",Kehidupan Perempuan Kristen,20,116
THE END OF ME,"Akhir dari Ke-AKU-an Anda barulah sebuah permulaan...
Apakah Anda terkadang bingung dengan ajaran Yesus yang di luar kebiasaan? Apakah Anda benar-benar mengerti apa yang Yesus inginkan sebenarnya?
Penulis buku laris, Kyle Idleman mengungkapkan bahwa kunci kepada hidup berkelimpahan yang Yesus janjikan berada pada hidup yang mengalir dari dalam-keluar seperti yang Yesus hidupi.
Kyle membedah Khotbah Yesus di Bukit dan membongkar banyak kebenaran yang berlawanan dengan prinsip dunia di sepanjang Alkitab, seperti dihancurkan supaya dijadikan utuh, berduka cita adalah jalan menuju kebahagiaan, dan kekosongan dibutuhkan untuk mengalami kepenuhan sejati. Ketika Anda mulai menjalani prinsip-prinsip yang paradoks dan radikal ini, Anda akan menemukan bagaimana Yesus mulai mentransformasi hidup Anda pada akhirnya.
Hanya ketika Anda sampai pada akhir dari ke-AKU-an Anda dan mati terhadap diri sendiri, Anda akan mengalami kehidupan yang utuh, diberkati, dan menerima seluruh kelimpahan hidup yang Yesus janjikan.",Pemuridan,722,492
THE EXPLICIT GOSPEL (INJIL YANG JELAS),"Anda pasti tahu tentang ini....
Tapi sebenarnya, mungkin juga Anda tidak tahu.
Meski Anda pergi ke gereja, tidak berarti Anda telah diberikan Injil yang jelas. Sebagian besar orang memang bicara tentang Yesus, menjadi orang baik, dan menghindari yang jahat, tapi berita Injil tidak ada di sana --- setidaknya tidak secara spesifik dan menyeluruh.
Terinspirasi oleh kebutuhan orang yang sering ke gereja maupun yang tidak pernah ke gereja, dan didorong oleh pengabaian yang umumnya dilakukan dalam memberitakan Injil secara jelas dalam kekristenan, Matt Chandler menulis sebuah buku untuk mengingatkan kita apa yang menjadi hal yang paling utama dan terpenting --- Injil.
Inilah panggilan yang sebenarnya dari kekristenan, mengenal Injil yang jelas dan menyatukan gereja di atas dasar yang agung dari kabar baik tentang Yesus!",Doktrin dan Teologi,118,240
THE GIFT OF BEING YOURSELF,"Anugerahkanlah, ya Tuhan, supaya aku mengenal diriku sendiri sehingga aku boleh mengenal Engkau.--Augustine
Dalam lingkungan Kristen, ajaran tentang mengenal Allah banyak sekali diperbincangkan. Tetapi orang-orang Kristen sepanjang masa juga telah sepakat bahwa tidak akan ada pengetahuan yang mendalam tentang Allah tanpa pengetahuan yang mendalam tentang diri sendiri. Mengenali diri Anda yang sejati sangat terkait erat dengan mengenali tujuan khusus Allah untuk Anda. Paradoksnya, semakin Anda menjadi serupa Kristus, Anda akan semakin menjadi diri Anda sendiri yang sejati.
Dalam eksplorasi yang mendalam tentang identitas Kristen, psikolog dan pembimbing rohani, David G. Benner menjelaskan tentang spiritualitas penemuan diri. Dia akan menyingkapkan diri Anda yang palsu, yang mungkin selama ini telah Anda sembunyikan di belakang dan memanggil Anda untuk menemukan diri Anda yang sejati, yang muncul dari keunikan Anda di dalam Kristus. Membebaskan Anda dari ilusi tentang diri Anda sendiri, Benner menunjukkan bahwa pemahaman diri mengarah pada pemenuhan panggilan dan tujuan utama yang diberikan Allah kepada Anda. Percayalah, Anda tidak perlu mencoba menjadi seseorang yang bukan diri Anda sendiri. Tapi Anda akan memperdalam pengalaman Anda tentang Tuhan dengan menemukan anugerah untuk menjadi diri Anda sendiri.",Spiritualitas,12,5
THE GOOD AND BEAUTIFUL COMMUNITY,"SERI PEMURIDAN
Yang penting hanyalah percaya kepada Kristus,
dan itu nyata dalam kasih kita kepada orang lain.
GALATIA 5:6b (BIS)
Dalam buku ketiga dari Seri Pemuridan, James Bryan Smith membantu kita untuk mengetahui bagaimana kita hidup dalam relasi dengan orang lain sebagai murid-murid Yesus. Murid Yesus bukanlah pelaku kebaikan paruh-waktu, tulisnya.  Murid Yesus hidup dalam hubungan yang konsisten dengan Kerajaan Allah dan Kristus berdiam dalam diri mereka. Mereka tidak kadang-kadang saja jujur, kadang-kadang saja rela berkorban atau kadang-kadang saja mengampuni. Ada begitu banyak kesempatan bagi kita untuk membawa pengaruh kepada dunia.
Namun kita sering salah, cenderung menekankan kesalehan rohani pribadi di atas keadilan sosial atau sebaliknya. Dalam buku ini, Jim menunjukkan kepada kita bagaimana mewujudkan formasi spiritualitas dan keterlibatan sosial secara bersama dan kemudian menawarkan praktik rohani yang berakar pada konsep yang benar tentang Tuhan dan dunia dalam jiwa kita. Wawasan dan kerendahan hati dari Jim akan menuntun kita untuk hidup secara otentik dalam sebuah komunitas pengikut Kristus yang baik dan indah, yang selalu memancarkan terang Roh Kudus ke dalam setiap hubungan.",Spiritualitas,0,3
THE GOOD AND BEAUTIFUL GOD,"SERI PEMURIDAN
""Tuhan ingin saya berusaha lebih keras.""
""Tuhan memberkati saya ketika saya baik dan menghukum saya ketika saya jahat.""
""Tuhan marah dengan saya.""
Kita semua memiliki pemikiran dalam diri kita tentang Tuhan dan bagaimana Dia bekerja dalam hidup kita. Sebagian bisa benar--tetapi banyak yang tidak tepat. James Bryan Smith meyakini pemikiran-pemikiran tersebut menentukan tidak hanya siapa diri kita, tetapi juga bagaimana kita hidup.
Di dalam buku ini Anda akan diajak untuk meletakkan setiap pemikiran Anda untuk diuji, apakah semua itu cocok dengan apa yang Yesus sendiri nyatakan mengenai Allah. Sekali Anda menemukan kebenaran di dalam Alkitab, Anda dapat terlibat dalam proses formasi spiritualitas yang mengubahkan. Setiap bagian latihan rohani bertujuan membuat semua narasi baru ini menjadi nyata dalam tubuh dan jiwa Anda seperti dalam pikiran Anda.
Buku yang dalam, penuh kasih, dan mengubahkan ini akan menolong Anda untuk menemukan narasi yang dihidupi oleh Yesus--mengenal Allah yang diwahyukan Yesus dan Kerajaan Allah yang Ia nyatakan--dan untuk mempraktikkan latihan rohani yang akan membantu Anda bertumbuh dalam pengenalan akan Allah kita yang baik dan indah.",Spiritualitas,21,219
THE GOOD AND BEAUTIFUL LIFE,"""Saya belum pernah bertemu seseorang yang memiliki tujuan untuk merusak hidupnya.
Kita semua ingin bahagia dan menginginkannya terjadi sepanjang masa.""
James Bryan Smith membuka The Good and Beautiful Life dengan mengatakan bahwa masalah yang sering muncul dalam kehidupan orang percaya terjadi karena kita telah membawa gagasan palsu mengenai kebahagiaan dan kesuksesan hidup. Keputusan yang berpusat pada diri sendiri ini membawa kita lebih jauh ke sifat-sifat buruk yang menyebabkan kehancuran: kemarahan, hawa nafsu, kekhawatiran dan menghakimi. Pada akhirnya kita menemukan diri kita hidup dalam balutan keindahan yang sebenarnya sedang menuju kehancuran.
Mengikuti alur Khotbah di Bukit, buku ini merupakan seri lanjutan dari The Good and Beautiful God, yang akan menuntun kita untuk melihat akar dari kelemahan karakter kita dan mengganti keyakinan palsu kita dengan konsep Yesus tentang kehidupan di dalam kerajaan Allah.",Spiritualitas,8,5
THE GOOD AND THE BEAUTIFUL YOU (ANDA YANG BAIK DAN INDAH),"Jalan Menuju Identitas dalam Kristus
Iman Kristen bukan hanya bicara tentang keyakinan dan praktik, tapi juga mengenai menjadi seperti apa kita nantinya. Penghalang terbesar bagi perubahan kita berasal dari pemahaman diri yang salah. Berbagai pemahaman ini membentuk cara kita memandang diri sendiri dan berelasi dengan dunia ini. Allah merancang kita dengan sebuah kerinduan mendalam di jiwa kita untuk dikasihi, diinginkan, hidup dan berelasi dengan Allah. Pemulihan jiwa kita membutuhkan lebih dari sekadar mengetahui apa yang Allah pikirkan tentang kita. Pemulihan kita diperoleh bukan melalui rasio semata, tapi melalui wahyu.
Cara terbaik dalam membentuk kerohanian orang Kristen, ---dukungan Dallas Willard bagi seri buku ini puluhan tahun lalu. Sekarang sudah buku keempat dalam seri ini. Buku ini membahas berbagai pemahaman diri yang menghalangi pertumbuhan rohani dan berbagai keinginan jiwa yang hanya bisa dipuaskan oleh Allah. Lengkap dengan berbagai latihan rohani yang membantu kita menghidupi kenyataan tersebut. Buku ini bisa menjadi rekan dalam perjalanan Anda dalam menemukan siapa Anda sebenarnya di dalam Kristus.
Jim Smith memenuhi salah satu harapan utama Dallas Willard bagi gerakan formasi spiritualitas melalui buku ini --- sebuah kerangka Kristen dan sesuai dengan Alkitab terkait siapa kita sebagai pribadi, sebagai jiwa. Scot McKnight, profesor Perjanjian Baru di Northern Seminary
Jika Anda masih bergumul dalam memahami identitas dan tujuan Anda, duduk dan pakai waktu untuk membaca buku ini. Saya percaya Anda bisa menjumpai Allah, mendengar suara-Nya, dan belajar secara segar terkait seberapa besar Dia mengasihi Anda. Susie Larson, penulis buku Prevail",Spiritualitas,113,96
THE GOSPEL COMES WITH A HOUSE KEY (INJIL DATANG MEMBAWA KUNCI RUMAH),"Apa yang Tuhan gunakan untuk menarik orang yang radikal, tidak percaya pada dirinya sendiri? Apakah Tuhan membawanya ke sebuah KKR? Tidak, Tuhan menggunakan undangan untuk makan malam di rumah sederhana, dari pasangan sederhana yang menjalankan Injil setiap hari, sederhana, dan otentik.
Dengan kisah pertobatan pribadinya sebagai latar belakang, Rosaria Butterfield mengundang kita ke rumahnya untuk menunjukkan kepada kita bagaimana Tuhan dapat menggunakan keramahtamahan yang radikal dan biasa yang sama untuk membawa Injil kepada teman dan sesama kita yang belum percaya. Keramahtamahan seperti itu melihat rumah kita bukan milik kita sendiri, tetapi sebagai alat Tuhan untuk kemajuan kerajaan-Nya saat kita menyambut mereka yang berpenampilan, berpikir, percaya, dan bertindak berbeda dari kita ke dalam kehidupan kita sehari-hari, terkadang berantakan namun itu membantu mereka melihat apa yang menjadi orang Kristen sejati iman benar-benar terlihat seperti itu.",Non-Fiksi,9,19
THE GREAT OMISSION (PENGABAIAN AGUNG),"Perintah terakhir yang Yesus berikan kepada gereja sebelum naik ke surga adalah Amanat Agung, panggilan bagi orang Kristen untuk menjadikan segala bangsa murid Yesus. Tapi banyak orang Kristen menanggapinya dengan menghasilkan orang Kristen, bukan murid Yesus. Hal ini, menurut pemikir dan akademisi Kristen yang terkenal, Dallas Willard, telah menjadi Pengabaian Agung gereja.
Willard dengan berani menantang pemikiran yang melihat bahwa kita bisa jadi Kristen tanpa jadi murid, atau menyebut diri Kristen tanpa menerapkan pemahaman untuk hidup sebagai warga kerajaan Allah dalam segala sisi kehidupan di dunia ini. Di meminta orang percaya untuk memulihkan apa yang seharusnya menjadi inti dari kekristenan yaitu menjadi murid Yesus Kristus yang aktif dalam buku berjudul The Great Omission (Pengabaian Agung) ini. Dallas Willard (1935---2013) pernah menjadi profesor filsafat di University of Southern California. Dia adalah penulis buku Hearing God, The Spirit of the Disciplines, dan The Divine Conspiracy.
""TIDAK ADA yang seperti Dallas. Membaca tulisannya seperti mendapatkan harta karun. Baca dan bertumbuhlah!"" -- John Ortberg, penulis Soul Keeping
""Saya tidak kenal ada orang seperti Dallas Willard yang bisa menjelaskan hal-hal yang mendasar secara sederhana dan menjelaskan hal-hal sederhana secara mendasar."" -- Os Guinness, penulis The Call
""Buku ini mungkin adalah karya terpenting Dallas sampai hari ini."" -- Ruth Haley Barton, penulis Sacred Rhythms",Spiritualitas,34,32
THE HOLE IN OUR HOLINESS,"APA ARTINYA MENJADI KUDUS?
MENGAPA KITA HARUS PEDULI?
DAN BAGAIMANA CARA KITA BERUBAH?

Lubang dalam kekudusan kita adalah sebuah penjelasan mengenai banyaknya umat Kristen tidak terlalu peduli tentang kekudusan saat ini. Atau, paling tidak, kita tidak memahami apa itu kekudusan secara utuh.

Buku ini dihadirkan bagi mereka yang siap untuk mengejar kekudusan secara serius, siap untuk menjadi lebih serupa Yesus, siap untuk hidup dalam terang kasih karunia yang menghasilkan kesalehan. Ini adalah buku tentang kuasa Allah untuk membantu kita bertumbuh dalam kekudusan pribadi dan menikmati proses transformasi.",Kekudusan,18,5
THE IMPERFECT DISCIPLES,"Terlalu banyak buku pemuridan ditulis untuk orang-orang yang suci dan sempurna, orang-orang yang tahu semua jawaban pertanyaan sekolah Minggu.

The Imperfect Disciple adalah buku untuk kita--orang-orang yang kacau, orang-orang yang lelah, orang-orang yang penuh kelemahan. Ini adalah buku pemuridan yang tidak takut untuk jujur dengan kekacauan dalam kehidupan nyata. Dengan pemikiran yang tajam, humor yang hangat, dan kisah-kisah yang menggugah, Jared Wilson menunjukkan kepada pembaca bagaimana Injil bekerja di dalam diri dan kehidupan kita, ketika: kita kesulitan menata hidup, kita pikir Tuhan sedang berdiam diri, dan kita tidak senang dengan pribadi yang kita lihat di depan cermin.

Wilson membebaskan pembaca dari keraguan dan bahkan kepercayaan diri yang salah kaprah tentang apa yang mereka rasakan saat berjalan bersama Yesus di sepanjang jalan kehidupan yang seringkali sulit. Hasilnya adalah iman yang bertahan melalui badai, iman yang mengangkat beban berat, dan iman yang berjalan terus untuk membuat murid.",Pemuridan,181,181
THE INSANITY OF GOD (KEGILAAN ALLAH),"Maukah Anda mengikut Yesus sekalipun itu tidak masuk akal?

Nik Ripken berjalan bersama para pengikut Kristus dari bukit-bukit di Kentucky sampai ke negara Somalia yang tercabik-cabik oleh perang. Diperhadapkan dengan penderitaan dalam keluarganya, realitas perang di sekitarnya, dan kehancuran sistematis dari pekerjaan yang ia rasakan sebagai panggilannya, kejahatan-kejahatan itu terkadang berhasil menaklukannya. Bagaimana mungkin Allah itu baik bila kehidupan yang dilaluinya begitu gelap? Bagaimana mungkin Kristus memerintah dalam kemenangan ketika beberapa sahabat Nik mati martir? Apakah benar-benar ada kuasa di dalam Kristus dalam setiap situasi?

Deru debu Somalia mendorong Ripken berkelana ke seluruh dunia untuk mendengarkan berbagai kisah dari enam ratus orang percaya di lebih dari enam puluh negara. Mereka adalah laki-laki dan perempuan yang telah belajar menjadi kuat dan siap untuk berjalan bersama Yesus melalui lingkungan penuh penganiayaan. Orang-orang itu menyerukan kesaksian yang sama dengan kesaksian dalam Alkitab bahwa Yesus itu layak; Ia layak mendapatkan hidup saya, hidup pasangan saya, dan hidup anak-anak saya.

Bagaimana iman ini dapat bertahan, apalagi tumbuh di tempat-tempat yang dikuasai kegelapan dosa dan keputusasaan? Apakah Allah saja benar-benar cukup? Begabunglah bersama Nik sembari ia menceritakan bagaimana ia diajar oleh orang-orang percaya yang teraniaya tentang bagaimana mengikut Yesus, mengasihi Yesus, dan berjalan bersama-Nya setiap hari. ",Misi,8,92
THE MAGNIFICENT JOURNEY (PERJALANAN YANG MENAKJUBKAN),"Cerita apa yang diberitahukan pada Anda tentang Injil? Tentang Allah? Tentang kehidupan Kristen? Tentang Yesus? Tentang diri Anda sendiri?

Jawaban Anda terhadap pertanyaan-pertanyaan di atas akan menentukan jalan hidup Anda. Jawaban tersebut menunjukkan kemampuan Anda untuk memercayai, mengasihi, berharap --- bahkan kemampuan Anda untuk bersukacita. Setiap cerita yang diizinkan untuk membentuk hidup kita harus melewati suatu tes sederhana: Apakah cerita itu indah, baik, dan benar? Jika lulus, maka itu adalah cerita yang menakjubkan --- dan disitulah perubahan terjadi. Dapatkan cerita yang benar tentang keindahan, kebaikan, dan kebenaran, yang bisa memuaskan keinginan terbesar hati Anda.

Bagaimana jika cerita yang kita sampaikan dan hidupi terlalu kecil? Bagaimana jika cerita Injil lebih benar, lebih baik, dan lebih indah dari yang bisa kita bayangkan? Smith bertanya dan menjawab semua ini dengan praktis, bersemangat, dan memiliki kejelasan teologis serta kasih.--Jen Pollock Michel, penulis dari Teach Us to Want 

Jika Anda lapar akan kebaikan, keindahan, dan kebenaran, dan jika ketiganya tidak terjangkau oleh cerita Anda, jangan putus asa. Di dalam buku ini ada cerita hidup menanti untuk Anda baca, dengar, dan hidupi. --Curt Thompson, penulis dari The Soul of Shame",Spiritualitas,5,99
THE MAGNIFICENT STORY (CERITA YANG MENAKJUBKAN),"DUNIA BISA TERASA SANGAT GELAP
TETAPI, ADA JALAN YANG DIPENUHI SUKACITA

Kita diajarkan, Pastikan terlebih dahulu dirimu sendiri aman dan Orang baik tidak akan berhasil. Tetapi, jalan itu membuat kita merasa sendiri dan cemas, bahkan bisa membawa kita ke dalam kehancuran. Ini bukanlah perjalanan yang menakjubkan.

Ada sebuah jalan untuk ditempuh di dalam Kerajaan Allah yang tidak tergoyahkan, tapi jalan itu tidaklah mudah. Dalam The Magnificent Journey, penulis menunjukkan jalan yang lebih baik kepada kita, jalan yang jarang ditempuh orang-orang, tapi jalan yang dipenuhi kelimpahan. Sepanjang jalan, penulis memperkenalkan kepada kita latihan-latihan rohani baru. Itu adalah bekal paling mendasar yang kita butuhkan untuk perjalanan hidup yang paling dalam dan paling dipenuhi sukacita --- ke dalam hati Allah.

Anda akan dilingkupi oleh kisah Kerajaan Allah, sebuah kisah yang memimpin kita ke dalam iman, pengharapan, kasih, dan --- lebih daripada semuanya itu --- ke dalam sukacita.
-- Scot McKnight, profesor Perjanjian Baru, Northern Seminary 

Memberikan visi kehidupan yang membuat saya ingin lebih mengenal Kristus.
-- Tish Harrison Warren, penulis dari Liturgy of the Ordinary

Buku luar biasa ini yang menjadi panduan hidup dalam Kerajaan Allah. Buku ini menawarkan keindahan, bijaksana, dan penguatan.
-- John Ortberg, pendeta senior, Menlo Church dan penulis dari Soul Keeping",Spiritualitas,4,58
THE MAN IN THE MIRROR,"Dalam edisi The Man in the Mirror yang diperbarui dan diperluas ini, penulis buku terlaris Patrick Morley membantu Anda mengatasi hambatan umum dalam perjalanan menuju pertumbuhan spiritual dan merancang jalur untuk menjadi pemimpin yang lebih baik di mana pun Anda berada--di rumah, di tempat kerja, dan di komunitas Anda.

Dengan nasihat praktisnya, pertanyaan-pertanyaan yang menggugah pikiran, dan wawasan alkitabiah, The Man in the Mirror akan menantang Anda untuk merefleksikan hidup Anda, mengidentifikasi area masalah, dan melakukan perubahan yang diperlukan untuk lebih mencintai Tuhan, diri sendiri, dan orang lain.

Sepanjang perjalanan, Morley menjawab pertanyaan-pertanyaan yang paling sering ditanyakan kepadanya, termasuk:
Bagaimana saya bisa memperbaiki hubungan saya yang rusak?
Bagaimana saya bisa membangun kekuatan finansial?
Bagaimana saya mengatasi kesombongan, ketakutan, dan kemarahan?
Bagaimana saya menetapkan prioritas dan memutuskan apa yang penting?",Kepemimpinan,129,233
THE MEANING OF MARRIAGE,"Berdasarkan serial khotbah yang diakui oleh penulis buku terlaris New York Times, Timothy Keller, buku ini menunjukkan kepada semua orang--umat Kristen, kaum skeptis, lajang, pasangan menikah lama, dan mereka yang akan bertunangan--sebuah visi tentang apa seharusnya pernikahan menurut Alkitab.

Budaya modern akan membuat Anda percaya bahwa setiap orang memiliki belahan jiwa; bahwa romansa adalah bagian terpenting dari pernikahan yang sukses; bahwa pasangan Anda ada untuk membantu Anda mewujudkan potensi Anda; bahwa pernikahan tidak berarti selamanya, tetapi hanya untuk saat ini; dan bahwa memulai kembali setelah perceraian adalah solusi terbaik untuk masalah pernikahan yang tampaknya tidak dapat dipecahkan. Tetapi asumsi-asumsi modern ini salah. Timothy Keller, dengan wawasan dari Kathy, istrinya selama tiga puluh tujuh tahun, menunjukkan bahwa pernikahan adalah hubungan yang mulia yang juga disalahpahami dan misterius. The Meaning of Marriage menawarkan petunjuk tentang cara memiliki pernikahan yang sukses, dan merupakan bacaan penting bagi siapa pun yang ingin mengenal Tuhan dan mencintai lebih dalam dalam hidup ini.",Pacaran dan Pernikahan,278,614
THE MINGLING OF SOUL,"ORANG PALING BIJAK YANG PERNAH HIDUP DI DUNIA INI MEMILIKI BANYAK CERITA YANG BISA DIKATAKAN TENTANG CINTA. MUNGKIN INI WAKTUNYA UNTUK KITA MENDENGARKAN

Kitab Kidung Agung menawarkan wawasan yang jujur dan abadi tentang cinta, pacaran, pernikahan, dan seks. Kita sangat membutuhkannya. Karena emosi manusia dengan mudah naik dan turun dengan pandangan sekilas, sentuhan, ciuman, atau kata-kata. Dan dunia kita dibanjiri oleh berbagai lagu, film, dan nasihat yang bertentangan bahkan merendahkan rancangan Allah bagi cinta dan keintiman.

Matt Chandler membantu mengarahkan berbagai pokok persoalan ini bagi mereka yang masih lajang maupun yang sudah menikah dengan mengungkapkan proses yang dijalani oleh Salomo sendiri: Daya Tarik, Berkencan, Pernikahan ... bahkan Konflik. The Mingling of Souls akan mengubahkan cara pandang dan sikap Anda tentang cinta dari perspektif kekekalan selamanya?","Lajang, Pacaran dan Pernikahan",6,44
THE PATH BETWEEN US,"MELIHAT DIRI SENDIRI--MELIHAT ORANG LAIN.

Kebanyakan kita tidak tahu bagaimana orang lain melihat atau memproses pengalaman mereka. Dan ini sangat menyulitkan dalam menjalin relasi, baik dengan pasangan, sahabat, atau dalam kehidupan profesional. Memahami motivasi dan dinamika dari berbagai tipe kepribadian yang berbeda bisa menjadi kunci untuk memahami perilaku yang terkadang membingungkan pada diri orang lain--dan diri kita sendiri.  

Karya Suzanne Stabile tentang sembilan tipe Enneagram dan bagaimana mereka berperilaku serta menghayati suatu relasi akan membimbing pembaca untuk memasuki pengetahuan yang lebih mendalam tentang diri sendiri, tipe mereka, dan kepribadian orang lain, sehingga bisa memiliki relasi yang lebih sehat serta saling membangun. Tak ada yang lebih menguasai kebijaksanaan Enneagram tentang bagaimana membangun relasi yang berhasil, selain penulis The Road Back to You ini.

Enneagram tidak hanya menjawab pertanyaan-pertanyaan ini, tapi juga memberi kita jalan keluar dari kebiasaan menyalahkan dan menghakimi orang lain--yang justru membuat mereka rendah diri, bingung, atau merasa hubungan tak mungkin lagi berlanjut. Pendekatan Suzanne yang lembut, terkadang disertai humor, dan selalu penuh wawasan mengungkapkan alasan mengapa tipe kepribadian berperilaku sebagaimana mereka berperilaku selama ini. Buku ini menolong untuk memupuk relasi yang lebih mengasihi, dewasa, serta penuh belas kasih terhadap semua orang dalam kehidupan kita.",Enneagram,16,83
THE PRODIGAL PROPHET (NABI YANG MELARIKAN DIRI),"Seorang nabi yang marah.
Musuh yang menjijikkan dan ditakuti.
Badai yang menghancurkan.
Dan berita mengejutkan tentang
Allah yang berbelas kasih pada umat-Nya.

Cerita Yunus adalah salah satu perumpamaan yang paling dikenal dalam Alkitab. Cerita ini juga paling banyak disalahmengerti. Banyak orang, bahkan yang tidak beragama, tidak asing dengan cerita Yunus: seorang nabi pemberontak yang melawan Allah dan ditelan oleh ikan besar. Tapi cerita Yunus lebih dari yang kita umumnya sadari.

Dalam buku ini, pendeta dan penulis terlaris New York Times, Timothy Keller, menunjukkan kedalaman yang tersembunyi dari kitab Yunus. Keller berpendapat Yunus adalah salah satu nabi terburuk di seluruh Alkitab. Dan ada kaitan yang sangat jelas antara Yunus, anak yang hilang, dan Yesus. Yesus bahkan membandingkan diri-Nya dengan Yunus. Bagaimana salah satu nabi paling melawan di Alkitab bisa dibandingkan dengan Yesus?

Perjalanan Yunus tidak berakhir ketika dia dibebaskan dari perut ikan. Ada paruh kedua dari cerita dia --- tapi diakhiri menggantung dalam teks Alkitab ini. Mengapa akhir kitab Yunus menggantung seperti itu? Di dalam buku ini, Timothy Keller memberi jawaban mengenai kesimpulan luar biasa dari perumpamaan Alkitab ini --- dan membagikan pesan Kristen yang kuat yang ada di inti cerita Yunus ini.",Inspiratif,19,11
THE PURPOSE DRIVEN LIFE RENUNGAN HARIAN UNTUK ANAK,"Bantu anak Anda memahami dan menjalani tujuan Tuhan dalam hidup mereka dengan The Purpose Driven Life Devotional for Kids oleh Pastor Rick Warren. Berdasarkan tema dan gagasan yang ditemukan dalam buku terlarisnya, The Purpose Driven Life, renungan 365 hari untuk anak usia 8 hingga 12 tahun ini, menunjukkan bagaimana cara menjalani rencana Tuhan secara otentik dan memercayai-Nya di sepanjang jalan.

Renungan singkat selama 5 menit ini bertujuan untuk membagikan bagaimana Tuhan menciptakan setiap anak-Nya dengan tujuan, dan bagaimana secara bijaksana dan penuh doa memulai perjalanan luar biasa untuk menemukan alasan tersebut. Renungan sepanjang tahun ini akan memandu pembaca melalui penemuan jati diri dalam doa, membangun persahabatan dan hubungan yang bertujuan, dan menciptakan kehidupan yang memuaskan melalui firman Tuhan.

The Purpose Driven Life Devotional for Kids:
- Ditulis khusus untuk anak-anak atau praremaja usia 8-12 tahun
- Menampilkan pesan singkat dan renungan harian untuk membantu anak-anak menemukan siapa diri mereka di mata Tuhan dan mengapa Tuhan menciptakan mereka, serta ayat Alkitab harian
- Menjadi hadiah yang sempurna untuk Natal, Paskah, ulang tahun, dan hari libur lainnya
- Merupakan referensi yang bagus di sekolah minggu, kelompok remaja, atau pelayanan anak-anak dan praremaja

Renungan harian ini dapat dibaca secara individu atau sebagai keluarga. Renungan-renungan ini memberikan kebenaran yang kuat yang harus diketahui setiap anak tentang kasih Tuhan bagi anak-anak-Nya dan tujuan bagi mereka.",Spiritualitas,239,138
THE RADICAL DISCIPLE - MURID YANG RADIKAL,"Bagaimana kehidupan seorang murid Yesus yang radikal?

Pada intinya, hidup seorang murid adalah membiarkan Yesus untuk mengatur seluruh agenda hidup kita. Kita tidak memilah-milah dan memilih apa yang menyenangkan bagi kita dan menghindarkan diri dari harga yang harus dibayar oleh karena komitmen kita. Tidak ada tawar-menawar, karena Dia adalah Tuhan atas seluruh hidup kita.

Dalam buku terakhir yang ditulis oleh seorang pemimpin injili di abad ke-20, John Stott membukakan apa artinya menjadi pengikut Yesus yang sejati. Dengan gaya tulisan yang menyegarkan dan mudah dimengerti, ia menjelaskan delapan aspek dari pemuridan Kristen yang terlalu sering diabaikan dan belum dianggap serius oleh orang-orang Kristen masa kini. 

Pesan utama dari The Radical Disciple, layaknya kesaksian dari kehidupan dan pelayanan John Stott yang ia tampilkan di sepanjang hidupnya, adalah pesan yang sederhana, klasik, dan personal namun radikal: Yesus adalah Tuhan. Dia memanggil. Kita mengikuti-Nya.",Pemuridan,5,75
THE RADICAL DISCIPLE NEW COVER,"Bagaimana kehidupan seorang murid Yesus yang radikal?

Pada intinya, hidup seorang murid adalah membiarkan Yesus untuk mengatur seluruh agenda hidup kita. Kita tidak memilah-milah dan memilih apa yang menyenangkan bagi kita dan menghindarkan diri dari harga yang harus dibayar oleh karena komitmen kita. Tidak ada tawar-menawar, karena Dia adalah Tuhan atas seluruh hidup kita.

Dalam buku terakhir yang ditulis oleh seorang pemimpin injili di abad ke-20, John Stott membukakan apa artinya menjadi pengikut Yesus yang sejati. Dengan gaya tulisan yang menyegarkan dan mudah dimengerti, ia menjelaskan delapan aspek dari pemuridan Kristen yang terlalu sering diabaikan dan belum dianggap serius oleh orang-orang Kristen masa kini. 

Pesan utama dari The Radical Disciple, layaknya kesaksian dari kehidupan dan pelayanan John Stott yang ia tampilkan di sepanjang hidupnya, adalah pesan yang sederhana, klasik, dan personal namun radikal: Yesus adalah Tuhan. Dia memanggil. Kita mengikuti-Nya.",Pemuridan,5,75
THE ROAD BACK TO YOU,"KETIDAKTAHUAN ITU BERKAT --- KECUALI DALAM HAL PENGENALAN DIRI.

Apa yang tidak Anda ketahui tentang diri Anda bisa melukai Anda --- relasi Anda dan cara Anda menjalani hidup ini dalam dunia. Itu juga bisa menghalangi relasi Anda dengan Allah. Anda butuh bantuan untuk mengenal siapa Anda dan mengapa Anda berulang kali jatuh dalam pola kejatuhan yang sama? Coba lihat sistem pemetaan kepribadian kuno yang disebut Enneagram.

Pendekatan yang unik dan dituturkan dalam cerita, memampukan Anda melihat dan mengalami dunia ini melalui kacamata orang yang mewakili setiap tipe Enneagram. Buku yang dipenuhi berbagai kisah dan menghibur ini membuat Anda terus membaca meski tipe Anda sudah dibahas. Dimulai dengan berbagai perubahan yang bisa Anda lakukan pada hari ini juga, pemahaman yang didapat dari Enneagram bisa membantu Anda mengenal diri Anda yang sebenarnya.",Enneagram,7,60
THE SACRED SEARCH (CU),"JANGAN MENIKAH SEBELUM ANDA MEMBACA BUKU INI

Dalam The Sacred Search, Gary Thomas menantang Anda untuk berpikir lebih dari sekadar mencari soul mate, namun lebih dari itu,  mulailah mencari sole mate--seseorang yang akan berjalan bersama-sama dengan Anda dalam perjalanan rohani. Lagipula, kalau Anda tidak tahu mengapa Anda menikah, Anda tidak akan tahu siapa yang akan Anda nikahi. The Sacred Search mencetuskan visi untuk membangun hubungan di sekitar misi rohani yang sama--dan menciptakan sebuah pernikahan yang memiliki nilai kekekalan tepat di jantungnya.","Lajang, Pacaran dan Pernikahan",1826,282
THE SACRED SEARCH 2.0,"Dalam edisi yang sudah direvisi dan diperbarui ini, Gary Thomas akan mengubahkan cara pandang Anda tentang relasi romantis. Entah Anda masih lajang, sudah berpacaran atau sudah bertunangan, perspektif yang unik dari Gary tentang pacaran akan mempersiapkan Andak untuk memasuki pernikahan yang memuaskan dan kaya secara rohani. gary selalu mengingatkan kita, sebuah pernikahan yang baik bukanlah sesuatu yang Anda temukan tetapi sesuatu yang Anda usahakan. Bagaimana jika Anda berhenti mencari soul mate tetapi mulai mencari sole mate --- seseorang yang akan berjalan bersamamu menghadirkan rencana besar Allah dalam hidupmu? Bagaimana jika pacaran bukanlah tentang menemukan orang yang tepat tetapi tentang membuat keputusan yang bijak sehingga Anda dapat melayani orang yang paling Anda kasihi lebih baik?","Lajang, Pacaran dan Pernikahan",1826,1354
THE SACRED SEARCH CU 6,"JANGAN MENIKAH SEBELUM ANDA MEMBACA BUKU INI

Dalam The Sacred Search, Gary Thomas menantang Anda untuk berpikir lebih dari sekadar mencari soul mate, namun lebih dari itu,  mulailah mencari sole mate--seseorang yang akan berjalan bersama-sama dengan Anda dalam perjalanan rohani. Lagipula, kalau Anda tidak tahu mengapa Anda menikah, Anda tidak akan tahu siapa yang akan Anda nikahi. The Sacred Search mencetuskan visi untuk membangun hubungan di sekitar misi rohani yang sama--dan menciptakan sebuah pernikahan yang memiliki nilai kekekalan tepat di jantungnya.","Lajang, Pacaran dan Pernikahan",1826,0
THE SEARCH FOR SIGNIFICANCE (PENCARIAN NILAI DIRI),"Kita semua sedang mencari makna bagi diri kita sendiri, orang lain, komunitas kita, dan dunia kita. Temukan apa yang telah didapatkan oleh tiga juta pembaca sebelumnya: bahwa nilai diri yang sejati hanya dapat ditemukan di dalam Kristus.

Buku terlaris Robert McGee ini telah membantu jutaan pembaca untuk belajar bagaimana dapat bebas menikmati kasih Kristus dan tidak lagi mendasarkan nilai dirinya pada pencapaian atau pendapat orang lain. Bahkan, Billy Graham mengatakan bahwa buku ini merupakan buku yang harus dibaca oleh setiap orang Kristen.

Robert McGee secara kuat mengajarkan bahwa perjalanan dimulai dari tempat yang sangat pribadi--pikiran Anda. Ketika saya gagal dalam suatu hal, saya merasa buruk tentang diri saya sendiri. Ketika orang lain tidak menyetujui saya, saya tidak bisa melupakannya. Kadang-kadang saya merasa tidak akan pernah bisa mencapai target. Ini adalah kebohongan-kebohongan universal yang memicu siklus keraguan diri, yang merampas kebahagiaan hidup Anda.

Sekarang, Anda dapat membebaskan diri Anda dari kebohongan yang merugikan diri Anda sendiri ini. Satu demi satu, The Search for Significance akan menangkal berbagai kebohongan ini, membongkarnya, dan mengarahkan Anda pada kebenaran yang lebih tinggi yang merupakan sumber makna hidup yang sejati. 

Perjalanan transformasi hidup Anda dimulai dari langkah ini.

Baca buku ini dan bebaskan diri Anda dari segala bentuk kebohongan-kebohongan pikiran",Spiritualitas,99,159
THE SOUL OF THE SHAME,"KITA SEMUA TERJANGKIT SEBUAH PENYAKIT ROHANI, NAMANYA RASA MALU.

Sadar atau tidak sadar, rasa malu memengaruhi setiap aspek kehidupan pribadi dan pekerjaan kita. Ini menghancurkan identitas kita dalam Kristus dan menggantinya dengan versi diri kita yang rusak sehingga menghasilkan penderitaan dan kehancuran yang tidak bisa dipulihkan.

Curt Thompson membahas tentang inti dari rasa malu, menunjukkan sifatnya yang berada dimana-mana dan akar neurobiologisnya. Dia juga menyediakan sarana praktis dan teologis yang dibutuhkan untuk menghancurkan rasa malu, didasarkan pada penelitian bertahun-tahun terhadap pengaruhnya yang merusak dan memberikan konseling bagi banyak orang untuk memulihkan berbagai luka batin yang dialami.

Belas kasih dan keahlian Thompson bisa membantu mengenali penderitaan dan pergumulan Anda lalu menemukan kebebasan dari kepercayaan-kepercayaan negatif yang membelenggu Anda. Menulis ulang kisah hidup Anda dan menerima pemulihan serta keutuhan saat Anda menemukan dan mengalahkan tujuan jahat dari rasa malu.",Penebusan dan Pengampunan,56,139
THE SPIRIT OF DISCIPLINES,"Kebanyakan kita tidak tahu bagaimana orang lain melihat atau memproses pengalaman mereka. Dan ini sangat menyulitkan dalam menjalin relasi, baik dengan pasangan, sahabat, atau dalam kehidupan profesional. Memahami motivasi dan dinamika dari berbagai tipe kepribadian yang berbeda bisa menjadi kunci untuk memahami perilaku yang terkadang membingungkan pada diri orang lain--dan diri kita sendiri.

",Spiritualitas,123,196
THE STORY OF REALITY,"Dalam The Story of Reality, Gregory Koukl membukakan kisah dunia kita melalui sudut pandang yang luas, menjelaskan bagaimana dunia ini bermula, mengapa dunia ini menjadi seperti sekarang, peran manusia dalam kisah ini, dan bagaimana seluruh alur kisah ini terselesaikan. Ini adalah kisah Alkitab yang lebih dari sekadar pandangan keagaamaan pribadi, relasi dengan Allah, ataupun sumber pengajaran moral. Ini adalah Kisah tentang Realitas. Kisah ini terangkum dalam lima kata yang mudah diingat: Allah, Manusia, Yesus, Salib, dan Kebangkitan. Kelima kata ini menangkap arti kemanusiaan kita dan sejarah umat manusia dari awal sampai akhir.

Jika Anda adalah seorang Kristen, apakah Anda tahu dan memahami kisah Alkitab secara utuh? Dan bagi Anda yang sedang mencari jawaban akan berbagai pertanyaan kehidupan, ini adalah sebuah undangan untuk mendengar sebuah kisah yang menjelaskan tentang dunia ini melalui cara yang tidak akan ditemukan di tempat lain. Kisah ini akan mengubahkan hidup Anda selamanya.",Apologetika,1,61
THIS CHANGES EVERTHING,"THIS CHANGES EVERYTHING
Bagaimana Injil Mentransformasi Masa Remaja

Buku ini bercerita tentang bagaimana Injil dapat mengubah segalanya dalam hidup penulis muda berbakat Jaquelle Crowe. Allah telah menyelamatkannya sebagai seorang anak kecil, dan hidupnya tidak akan pernah sama lagi. Segala hal tentang hidupnya yang lama tidaklah menarik lagi.

Dan seperti orang kristiani lainnya, ia terus belajar. Jaquelle masih melakukan kesalahan, kegagalan, frustrasi, dan congkak. Menjadi seorang remaja Kristen bukan berarti ia sudah sempurna. Namun, dengan menjadi seorang remaja Kristen, ia berjuang untuk menjadi sempurna. Ia mengejar kekudusan meskipun ia masih berjuang dengan dosa yang tidak lagi ingin dia lakukan.

Remaja kristiani yang hidup bagi kerajaan baru memiliki raja baru, namanya Yesus. Karena Dia, semua hal berubah. Jaquelle mengajak para remaja Kristen tidak lagi mengikuti stereotip dunia. Jaquelle mengajak kita bebas mengikuti Yesus, tidak harus hidup sesuai dengan yang ada pada budaya kita, dan menjalani hidup yang lebih kaya serta bermakna setiap hari.

Jadi, apakah kamu siap untuk mengetahui siapa dirimu? Apakah kamu siap dianggap aneh oleh dunia, tetapi dianggap berharga oleh Juru Selamatmu? Apakah kamu siap untuk menerobos budaya yang sudah mapan dan menemukan apa artinya mengikuti Yesus setiap hari?","Penginjilan, Bahan Pendalaman Alkitab (PA), Bacaan",0,2
TITIK TEMU II: PERGUMULAN IMAN MENAPAKI KEBAIKAN BERSAMA,"Titik Temu lahir dari pergumulan mahasiswa-mahasiswi Kristen untuk mempertemukan iman Kristen dengan keilmuan yang mereka geluti. Buku ini merupakan buku seri berisi kumpulan tulisan-tulisan pendek mereka yang merupakan hasil refleksi keilmuan dan teologis terhadap Focus Group Discussion (FGD) yang mereka selenggarakan di bawah pembinaan Persekutuan Mahasiswa Kristen (PMK) Kota Surabaya.

Seri kedua bertajuk Pergumulan Iman Menapaki Kebaikan Bersama: Refleksi atas Problematika Bangsa dalam Kacamata Kaum Muda Kristen hadir sebagai suatu bentuk kepekaan sosial kaum muda Kristen terhadap berbagai permasalahan yang terjadi di Indonesia. Sebanyak 14 muda-mudi Kristen menuangkan refleksi mereka dalam kalimat-kalimat yang sederhana namun bernas dalam mendialogkan realitas kehidupan publik dengan nilai-nilai yang mereka percayai. Buku ini diharapkan dapat menjadi inspirasi bagi mahasiswa-mahasiswi Kristen agar dapat semakin melek terhadap kondisi bangsa mereka.",Penulis Lokal,0,1
TOKOH PEREMPUAN DALAM PB,"Selain Yesus yang merupakan sentral dari cerita dalam Perjanjian Baru, ada pula kisah tentang orang-orang yang mengikuti-Nya termasuk kaum perempuan. Karakter para perempuan tersebut tidak bisa diabaikan, apalagi dilupakan di tengah masyarakat yang patriark.

Maria, ibu Yesus menjadi teladan perempuan di sepanjang zaman tentang iman yang tulus.

Elizabeth yang tidak pernah hilang harapan atas kebaikan Tuhan, tetapi kita juga melihat Herodias lambang dari emosi negatif: iri dan dengki yang membawa kematian pada orang lain.

Demikian pula Safira, istri Ananias yang harus mempertanggungjawabkan perbuatannya di hadapan Tuhan dan jemaat sebagai pengikut Kristus.","Bahan Pendalaman Alkitab (PA), Motivasi, Inspiratif",234,0
TOKOH PEREMPUAN DALAM PERJANJIAN LAMA,"Mengapa mempelajari para wanita dalam Perjanjian Lama?

Jika pertanyaan ini terbersit dalam benak Anda pada saat memilih bahan PA ini, saya dapat bersimpati. Saya juga memiliki pemikiran yang sama pada saat diminta menuliskannya. Saya berharap bahwa Anda juga senang seperti saya ketika melihat bahan PA ini lebih detail. Walaupun kelihatannya jauh, namun hidup mereka sangat relevan.

Salah satu pelajaran dasar yang terlihat dalam hidup setiap wanita ini adalah konsistensi dari sebab dan akibatnya. Iman yang sederhana menghasilkan pemeliharaan Allah. Menjalankan hidup terpisah dari kebenaran Allah membawa bencana. Lalu para wanita ini, sebagian besar, adalah orang-orang biasa. Mereka tidak akan menjadi tajuk utama berita dalam buku sejarah mana saja kecuali di buku milik Allah. Faktanya adalah Allah mencatat kisah mereka sebagai pembelajaran bagi kita untuk menyatakan apa yang penting bagi-Nya. Pilihan dan keputusan yang dibuat para wanita ini juga dihadapi lagi dalam sejarah umat manusia.

Hal-hal terbaik yang saya pelajari, nyatanya datang dari kehidupan batin wanita-wanita ini. Pilihan-pilihan mereka menantang saya; pelajaran-pelajaran yang mereka pelajari telah siap diaplikasikan dalam hidup saya; iman dan pujian mereka menginspirasi saya. Pada saat Anda mengenal mereka, saya berharap Anda akan mengalami kehidupan spiritualitas yang semakin bertumbuh.",Bahan Pendalaman Alkitab (PA),369,6
TUJUH LANGKAH MENYUSUN KHOTBAH YANG MENGUBAH KEHIDUPAN: KHOTBAH EKSPOSITORI,"Khotbah seharusnya bisa membantu jemaat untuk mengalami perubahan hidup. Tetapi masa kini justru jemaat tidak bergairah mendengarkan khotbah-khotbah dalam ibadah. Bertahun-tahun jemaat mendengar firman Tuhan, namun tidak tampak perubahan yang signifikan; Kelihatannya, firman Tuhan seperti lewat begitu saja.

Apa yang Terjadi dengan Khotbah-Khotbah Masa Kini?

Buku ini akan memperlengkapi setiap pengkhotbah untuk menjadi corong suara kebenaran Allah yang dapat mengubahkan kehidupan jemaat. Buku ini menjelaskan prinsip-prinsip menyusun khotbah yang mengubahkan. Penulis tidak hanya berfokus pada teknik penyusunan khotbah yang berbobot, tetapi juga melihat pentingnya bergantung kepada Roh Kudus. Buku ini wajib dibaca bagi kita semua yang terlibat dalam pelayanan mimbar baik pemula maupun yang berpengalaman. --Dr. Daniel Ronda, Ketua STT Jaffray","Khotbah, Penulis Lokal",155,21
UANG DAN PEKERJAAN,"UANG DAN PEKERJAAN: kedua kata ini seringkali membawa kecemasan tersendiri bagi tiap orang. Kondisi keuangan, prestasi kerja, dan tabungan hari depan dapat dengan mudah menguasai kita untuk menjadi putus asa. Tetapi Allah, yang dalam kekayaan-Nya memberikan kepada kita segala sesuatu untuk dinikmati dan menghendaki kita pun untuk hidup dalam kebebasan, memercayai dia sepenuhnya, dan belajar untuk mengatur setiap anugerah yang Tuhan berikan dengan bijak dan murah hati.

Alkitab bukanlah suatu buku teks bagi ilmu ekonomi, tetapi buku yang sangat banyak memberikan tuntunan yang bersifat pribadi tentang bagaimana mengarahkan kekayaan dan kekurangan, waktu dan keuangan. Semua bagian teks Alkitab yang kita pelajari dalam buku ini akan membawa kita semakin berhikmat sehingga kita semakin menikmati karunia Allah lewat uang dan pekerjaan, jauh daripada menyalahgunakannya. Dengan mendasarkan diri pada pemeliharaan dan kemurahan hati-Nya, pemahaman Alkitab ini akan mengubah perspektif dan menolong Anda untuk bersandar penuh pada Allah dengan tenang dapat menerapkannya dalam kehidupan sehari-hari.",Bahan Pendalaman Alkitab (PA),445,0
UNCOVER YOHANES (MENEMUKAN),"Bahan Pemahaman Alkitab Uncover Yohanes akan membawa Anda melalui enam episode utama dalam biografi Yesus yang ditulis oleh Yohanes, yang akan berfokus pada beberapa perjumpaan penting dalam kehidupan Yesus. Setiap bagian akan membantu Anda untuk menyatukan apa yang Yohanes ungkapkan tentang kehidupan dan tujuan Yesus. Bahan ini juga dilengkapi berbagai pertanyaan yang akan menolong teman-teman kita mempelajari tentang kehidupan dan kekristenan. Uncover Yohanes sangat ideal untuk dibaca dan ditelaah bersama teman Anda dalam kelompok kecil.

Gereja-gereja dan kampus-kampus di seluruh Inggris dan Eropa telah banyak menggunakan Uncover dalam berbagai konteks seperti kelompok pemuridan, kelompok pemuda, kelompok penemuan, dan bahan persiapan pembaptisan. Uncover memiliki sasaran untuk memperlengkapi, memampukan, dan menyemangati semua orang Kristen untuk dapat membaca dan mendiskusikan Injil dengan seorang teman.",Bahan Pendalaman Alkitab (PA),6,0
UNDAUNTED,"TIDAK DINAMAI. TIDAK DIINGINKAN. TIDAK MEMENUHI SYARAT.
TIDAK TERHENTIKAN

Christine Caine bukan pahlawan. Dia sama seperti Anda. Dan dia mengubah dunia.Menggunakan kisah hidupnya yang dramatis, Caine menunjukkan bagaimana Allah menyelamatkan dia dari sebuah kehidupan dimana dia tidak dinamai, tidak diinginkan, dan tidak memenuhi syarat. Dia bercerita bagaimana dia mengatasi pelecehan, ditinggalkan, ketakutan dan berbagai tantangan lain untuk pergi menjalani misi yang didorong oleh iman juga dipenuhi dengan kasih dan keberanian.

Christine Caine menawarkan pemahaman yang bisa mengubah hidup tentang bagaimana mengatasi berbagai tantangan, kesalahan, dan sering kali keadaan yang menyulitkan yang kita semua alami, dan juga bisa bertumbuh dari semua pengalaman itu serta diperlengkapi dan dimampukan untuk menolong orang lain.

Kisah hidupnya menginspirasi para pembaca untuk mendengar nama mereka dipanggil, seperti Christine mendengarnya sendiri -- Engkau dikasihi. Engkau memberi harapan. Engkau dipilih -- pergilah ke dalam dunia yang gelap dan sulit ini, karena setiap kita telah diperlengkapi untuk membawa harapan, perubahan, dan hidup sepenuhnya bagi Kristus.

Jika ada seseorang yang bisa memotivasi Anda untuk mengejar panggilan Allah dalam hidup Anda, itu adalah Christine Caine. Undaunted akan menggerakkan Anda, mendorong Anda, dan menantang Anda untuk mengambil lompatan besar ke dalam petualangan hidup yang habis-habisan bagi Kristus.--Craig Groeschel, pendeta senior dari LifeChurch.tv dan penulis dari #Struggles",Psikologi,54,0
UNFINISHED,"PERCAYA KRISTUS HANYALAH SEBUAH AWAL

Apakah Anda merindukan sesuatu yang lebih mendalam akan makna dan tujuan hidup Anda? Apakah Anda sudah lama menjadi orang Kristen, rajin ke gereja, dan setia membaca Alkitab, tetapi Anda masih merasa ada sesuatu yang terhilang? Anda mungkin benar.

Dua ribu tahun yang lalu Yesus memberikan tugas mendesak bagi para pengikutnya sebelum ia naik ke sorga, tetapi tugas itu hingga kini belum selesai. Pada intinya, itu bukan hanya undangan untuk percaya Dia; Itu adalah sebuah panggilan yang tegas untuk bertindak. Sebuah tantangan untuk pergi ke ujung bumi, untuk merebut kembali dan memulihkannya kembali bagi Kristus.

Sederhananya, pesan dari buku ini adalah Allah telah mengundang Anda bergabung dengannya dalam misi-Nya untuk mengubah dunia dan menyelesaikan amanat-Nya. Dan jika Anda secara pribadi tidak berpartisipasi dalam usaha Allah yang besar ini, tentulah Anda akan kehilangan tujuan utama mengapa Anda diciptakan oleh Allah. Penulis buku laris Richard Stearns mengundang Anda bukan hanya berdiri di kursi penonton, tetapi ikut bermain di lapangan. Saat Anda merespons, petualangan Anda dimulai.",Psikologi,0,2
WALKING WITH GOD THROUGH PAIN AND SUFFERING,"Dari penulis terlaris New York Times, Timothy Keller mempersembahkan sebuah buku penting tentang mengapa hal-hal buruk terjadi dan bagaimana kita seharusnya menanggapinya.

Pertanyaan mengapa Allah mengizinkan penderitaan dan kesulitan dalam dunia telah menjadi membebani orang percaya dan belum percaya selama ini. Timothy Keller, yang buku-bukunya sudah terjual jutaan eksemplar kepada pembaca rohani maupun sekuler, membahas masalah lama ini dan menunjukkan bahwa ada makna dan alasan dibalik penderitaan dan kesulitan kita. Dia memberi argumen yang kuat dan mendasar bahwa penderitaan merupakan bagian yang sangat penting bagi pengalaman manusia dan hanya bisa dihadapi melalui memahami relasi kita dengan Allah.

Timothy Keller dikenal memiliki pemahaman yang khas tentang budaya dan agama. Serangkaian buku Keller telah membimbing para pembacanya yang sangat banyak dalam perjalanan rohani mereka. Buku ini berisi kisah-kisah pribadi yang berhikmat dalam menghadapi penderitaan sehingga menghasilkan suatu sudut pandang yang segar dan sangat dibutuhkan bagi masalah penting ini.",Spiritualitas,340,66
WHEN I DONT DESIRE GOD (KETIKA SAYA TIDAK MENDAMBAKAN ALLAH),"Saya ingin menolong orang-orang percaya yang sedang melihat beberapa perubahan hati yang radikal, yang dituntut oleh Alkitab dalam kehidupan Kristen --- khususnya perintah bahwa kita harus mendambakan Allah melebihi apa pun.... Saya ingin menolong orang-orang yang mulai melihat bahwa keselamatan adalah kebangkitan dahaga yang baru kepada Allah.... Saya ingin menolong orang-orang yang rindu menemukan bahwa bukan hanya keputusan mereka tetapi juga keinginan-keinginan mereka, benar-benar penting ... dan banyak orang, yang dengan cucuran air mata, ingin mengetahui: Apa yang seharusnya saya lakukan ketika saya tidak lagi mendambakan Allah? Dalam kehendak Allah, saya ingin sekali menolong. -- JOHN PIPER

Kita semua ingin mengalami kepuasan dalam Allah yang membebaskan, menghasilkan kasih, dan berani mengambil risiko. Tetapi kenyataannya adalah kita sering kali bergumul untuk menemukan dan berpegang kepada sukacita yang sejati dan kekal tersebut --- bahkan ketika kita telah menerima kabar baik mengenai anugerah Allah. Jadi kita menghadapi sebuah pertanyaan penting: Apa yang seharusnya saya lakukan ketika saya tidak mendambakan Allah?

John Piper ingin menolong kita menemukan sukacita dalam Kristus yang begitu dalam dan kuat sehingga hal itu akan sanggup membebaskan kita dari ikatan kenyamanan dan keamanan dunia, lalu mendorong kita untuk menjalani kehidupan misi yang penuh belas kasih. Ditulis dengan pengharapan yang radikal supaya semua orang Kristen dapat mengalami kepenuhan hidup dalam Kristus. Buku ini akan menolong Anda untuk berjuang demi mendapatkan sukacita yang perlu dialami setiap harinya, melalui membimbing Anda untuk menemukan kembali kemuliaan Allah yang memuaskan jiwa.","Doktrin dan Teologi, Pekerjaan dan Panggilan Hidup, Non-Fiksi",0,2
WHEN TO WALK AWAY (WAKTUNYA MENYINGKIR),"JANGAN BIARKAN PANGGILAN ALLAH DALAM HIDUP ANDA DIKACAUKAN OLEH
TOXIC PEOPLE DAN TOXIC RELATIONSHIP

Apakah Anda pernah menghitung berapa kali Yesus menyingkir dari orang-orang beracun atau membiarkan orang-orang beracun menyingkir dari hidup-Nya? Jawabannya akan membuat Anda terkejut?

Sebagai orang Kristen, kita sering merasa bersalah dan bertanggung jawab dalam memenuhi kebutuhan orang-orang yang tidak sehat secara rohani dalam kehidupan kita. Entah itu saudara, orangtua, pasangan, rekan kerja, atau kawan, orang-orang beracun selalu mencari cara untuk membuat frustrasi panggilan hidup kita. Daripada melakukan misi yang mustahil untuk memuaskan orang-orang beracun, sudah waktunya kita mendedikasikan energi kita bagi satu-satunya upaya yang layak: yakni, menyelesaikan panggilan yang Allah berikan kepada kita.

Penulis buku laris The Sacred Search, Gary Thomas akan memperlihatkan contoh-contoh dari Alkitab, merangkai berbagai kisah masa kini juga contoh-contoh praktis dalam menghadapi orang-orang sulit dalam kehidupan kita lalu menolong kita untuk dapat berfokus pada panggilan Allah dalam hidup kita. Kita tidak bisa membiarkan orang lain mencuri sukacita atau misi kita. Hanya ketika kita belajar berkata tidak pada pola-pola relasi yang buruk, kita bisa berkata ya pada rancangan Allah yang baik bagi kita. Inilah waktunya memperkuat pertahanan kita, belajar menetapkan batasan-batasan yang tepat, dan berfokus pada tujuan Allah bagi hidup kita.",Relasi Keluarga,33,13
WHY I AM A CHRISTIAN,"Mengapa Yesus?

Mungkin Anda pernah merasa bahwa Tuhan ingin menarik perhatian Anda. Atau mungkin Anda tertarik dengan apa yang telah Anda dengar tentang Yesus. Atau mungkin Anda hanya mencari makna dan arah dalam hidup Anda.

John Stott menghabiskan seumur hidupnya bergumul dengan pertanyaan-pertanyaan tentang Yesus, baik secara pribadi maupun dalam dialog dengan kaum skeptis dan pencari kebenaran di seluruh dunia. Sekarang, dalam Why I Am a Christian, ia menyajikan argumen yang meyakinkan dan persuasif untuk mempertimbangkan iman Kristen. Jika Anda melihat Yesus dengan jujur, Anda akan menemukan bahwa mengikutinya memberi Anda tujuan, identitas, dan kebebasan yang selama ini Anda cari--dan jauh lebih banyak dari yang pernah Anda bayangkan.","Spiritualitas, Pengambilan Keputusan, Pacaran dan Pernikahan",248,0
WIRED FOR INTIMACY (DIRANCANG UNTUK KEINTIMAN),"Apa yang membuat pornografi begitu menggoda bagi begitu banyak pria?

Apa yang terjadi dengan otak pria ketika menonton pornografi sehingga membuatnya sulit sekali untuk melepaskan dari kebiasaan tersebut?

Pornografi memiliki pengaruh yang sangat kuat. Dunia kita telah dipenuhi dan dikotori oleh pornografi di mana-mana, yang mengakibatkan rusaknya cara berelasi antara pria dan wanita. Banyak orang berusaha lepas tetapi sulit sekali untuk bisa meninggalkannya. Pendekatan secara spiritual saja cukup terbatas untuk memahami kerja pornografi. Kita perlu memahami apa yang sebenarnya terjadi dalam otak pria sehingga dapat menolong secara tuntas.

Penulis dengan pengalamannya sebagai pakar neurosains akan menjelaskan realita biologis perkembangan seksualitas kita, sehingga kita dapat mengembangkan perspektif seksualitas yang sehat, menampik pandangan yang salah tentang maskulinitas, dan menemukan cara tuntas lepas dari jerat ikatan pornografi.

Dengan menghadirkan berbagai wawasan pembahasan bagi pria yang berjuang melawan pornografi dan siapa saja yang peduli terhadap mereka agar terbebas dari pornografi. Buku ini menghadirkan harapan untuk pemulihan dan transformasi hidup yang dimerdekakan dari pornografi.","Pornografi, Pemujaan Berhala, Doktrin dan Teologi",4,0
YESUS KECIL (TELADAN BAGI ANAK-ANAK),"Yesus Kristus memberikan teladan sempurna bagi kita.

Tahukah kamu bahwa ketika masih kecil, Yesus juga seperti kamu: suka berkumpul dan makan bersama ayah dan ibu-Nya, juga suka bermain dan pergi ke sekolah dengan teman-teman-Nya? Tahukah juga kamu bahwa Yesus kecil selalu rajin membantu orangtua-Nya, suka berbuat baik kepada teman dan orang lain, rajin berdoa, serta sangat mencintai alam?

Buku ini bertujuan untuk memberikan teladan yang baik kepada anak-anak kecil dengan menggunakan sosok Yesus Kecil sebagai tokoh utamanya dan beberapa tokoh Alkitab seperti Martha, Maria, Lazarus, Zakeus, dll. Terdapat 12 hal yang dijadikan teladan dalam buku ini.

Buku ini juga memasukkan gambar-gambar kartun yang lucu dan menarik bagi anak-anak. Selain itu, karena buku ini diperuntukkan bagi anak-anak maka teksnya pun dibuat singkat dan disertai juga dengan terjemahan bahasa Inggrisnya. Di setiap akhir bab, penulis juga menambahkan kata-kata bijak.

Manfaat :
- Dapat memperkenalkan Tuhan Yesus dan toko Alkitab sebagai sosok teladan yang baik kepada anak kecil
- Disajikan dalam dua bahasa, Indonesia - Inggris sehingga membantu anak-anak mengenal kosakata bahasa Inggris
- Dapat dibaca bersama-sama dengan orang tua sehingga dapat mempererat hubungan antara orang tua dan anak","Relasi Keluarga, Bahan Pendalaman Alkitab (PA)",158,0
YESUSISME,"Apa yang terbersit dalam benak kawan-kawan tentang judul buku ini? Yesus is Me atau Yesus-Isme? O, tentu saja makna yang kedua karena kita bukanlah Yesus itu sendiri. Tapi, apa sesungguhnya Yesus-Isme ini?

#Yesusisme! adalah suatu gerakan, tren, atau semangat untuk menjadikan Yesus Kristus sebagai Tuhan yang berotoritas dalam hidup kita. Bersama sang guru agung, kita pasti dimampukan untuk menjadi agen perubahan yang berani mewarnai dunia ini.

Buku ini berisi enam bahan pedalaman Alkitab untuk mengenal pribadi, mengikuti karya-Nya, dan menjadi murid Yesus di dalam keseharian hidup kita. Dengan semboyan kenali-ikuti-hidupi, mari kita bawa perubahan yang lebih baik: #Yesusisme","Bahan Pendalaman Alkitab (PA), Doktrin dan Teologi, Penginjilan",6,0
YOSUA PA,"Membaca kitab Yosua bagaikan novel yang menarik, berawal dari penyebrangan di sungai Yordan hingga runtuhnya tembok Yerikho, dan matahari yang berhenti di langit. Melalui kisahnya kita menyaksikan kesetiaan dan kemahakuasaan Allah. Mempelajari kitab Yosua mendorong kita agar lebih gigih serta lebih sungguh dalam menghadapi pergumulan sehari-hari.","Doktrin dan Teologi, Bacaan, Bahan Pendalaman Alkitab (PA)",2,0
YOU AND ME FOREVER,"Pernikahan itu luar biasa, tetapi tidak selamanya. Itu sampai maut memisahkan kita. Lalu datanglah upah atau penyesalan kekal, tergantung bagaimana kita menjalani hidup.

Dalam buku terbarunya, Francis Chan bersama istrinya, Lisa, menjawab pertanyaan yang sering dipikirkan banyak pasangan di altar: Bagaimana saya bisa memiliki pernikahan yang hebat? Mengesampingkan topik-topik pernikahan yang biasa, Francis dan Lisa menyelami Kitab Suci untuk memahami arti memiliki hubungan yang memuaskan bagian terdalam jiwa kita.

Dengan cara yang sama seperti Crazy Love mengubah cara kita melihat hubungan pribadi kita dengan Tuhan, You and Me Forever akan secara radikal mengubah cara kita melihat salah satu hubungan terpenting dalam hidup kita.

Yesus benar. Kita melihatnya dari sudut pandang yang terbalik. Cara untuk memiliki pernikahan yang hebat adalah dengan tidak berfokus pada pernikahan itu sendiri. Baik Anda lajang, berpacaran, atau sudah menikah, You and Me Forever akan membantu Anda menemukan petualangan yang memang Anda diciptakan untuknya dan belajar bagaimana berkembang di dalamnya.","Pemahaman Alkitab, Spiritualitas",7,0
Agen Kemajuan (Agents of Flourishing),"Allah memanggil orang-orang Kristen untuk berpartisipasi dalam misi penebusan-Nya di setiap aspek kehidupan. Setiap sudut, setiap jengkal dari kehidupan masyarakat dapat mengalami kemajuan seperti yang Allah kehendaki, dan orang-orang Kristen dari profesi apa pun dapat menjadi agen kemajuan itu.

Amy Sherman menawarkan kerangka kerja dari berbagai sisi dan berlandaskan Alkitab untuk melaksanakan panggilan Tuhan dalam mengusahakan shalom bagi komunitas kita pada enam aspek kehidupan (Kebaikan, Kebenaran, Keindahan, Keadilan, Kesejahteraan, dan Keberlanjutan). Karena kita percaya pada kebaikan dan kebenaran, maka kita memperkuat etika sosial juga berkontribusi pada pengetahuan dan pembelajaran manusia. Karena kita menghargai keindahan, maka kita berinvestasi dalam seni kreatif. Karena kita berkomitmen pada keadilan sosial, maka kita bekerja untuk mewujudkan keadilan restoratif dan kehidupan sosial yang teratur. Dan keinginan kita adalah melihat masyarakat yang sejahtera secara berkelanjutan maka praktik bisnis kita akan mengupayakan kebaikan ekonomi masyarakat sekaligus melindungi kesehatan fisik lingkungan kita. 

Buku yang komprehensif ini menampilkan model-model historis dan kontemporer dari penetrasi budaya yang tepat dan transformasional. Temukan langkah-langkah praktis untuk menjadi agen kemajuan Tuhan yang akan mengubah komunitas Anda menjadi lebih baik dan memberikan kesaksian yang menarik bagi dunia yang menyaksikannya.","Motivasi, Inspiratif, Pemujaan Berhala, Isu Keadilan Sosial",8,0
Don't Give Up,"Orangtua dengan anak pembangkang. Pasangan dengan pernikahan di ujung tanduk. Seorang lelaki yang kehilangan pekerjaan. Seorang perempuan yang terbenam dalam beban utang. Pasien dengan diagnosis penyakit parah. Murid yang tidak memperoleh kesempatan setara. Mereka yang sedang bergantung di tali tipis, kehilangan iman, dan kurang kekuatan. Apa yang mereka semua perlu dengar?

JANGAN MENYERAH.

Kehidupan adalah ladang ranjau penuh tantangan yang menuntut pengorbanan atas keberanian, keyakinan,dan bahkan iman kita. Tapi, Tuhan berbisik kepada mereka yang berputus asa, Jangan menyerah. Dengan menarik pelajaran dari kisah-kisah Alkitab yang penuh ilham dan kesaksian-kesaksian tangan pertama mengenai ketekunan, penulis buku laris serta pendeta Kyle Idleman mendorong Anda untuk menyerahkan segala kehawatiran kepada Tuhan, percaya pada kasih dan waktu-Nya yang tepat, berdoa demi kesabaran serta kekuatan, dan menemukan dukungan dalam keluarga Tuhan. 

Kyle Idleman memberi kita dorongan untuk tetap percaya, tetap berjuang, dan tetap menjaga perspektif. Jika Anda ingin menemukan keberanian dan kekuatan di tengah-tengah tantangan hidup, buku ini ditulis untuk Anda.--DR. KEVIN LEMAN, penulis buku laris versi New York Times, Have a New Kid by Friday dan The Birth OrderBook

#literaturperkantasjatim #bookrecommended #dontgiveup","Spiritualitas, Trending Books",0,8
Emotionally Healthy Discipleship (Pemuridan yang Sehat secara Emosi),"Gereja-gereja seluruh dunia sedang menghadapi krisis pemuridan.

Inilah cara kita melangkah maju menuju pemuridan yang transformatif.

Para gembala dan pemimpin gereja ingin melihat hidup jemaatnya diubahkan oleh Injil. Mereka bekerja dengan giat untuk merawat jemaatnya, memulai pelayanan baru, berkhotbah secara kreatif, dan mengikuti tren. Sayangnya, banyak dari upaya ini tidak menghasilkan murid-murid sejati yang ditransformasi Injil secara mendalam. 

Strategi pemuridan tradisional gagal karena mereka hanya menangani masalah-masalah di permukaan dan tidak masuk cukup dalam sampai ke kesehatan emosional tiap pribadi. Namun, pemuridan yang sehat secara emosi adalah sebuah metode yang berbasikan teologi alkitabiah, yang jika diterapkan sepenuhnya, akan membawa transformasi dalam setiap area dalam gereja, pelayanan, atau organisasi.

Dalam Emotionally Healthy Discipleship, penulis buku terlaris Pete Scazzero mengajak para pemimpin gereja untuk mempelajari langkah demi langkah bagaimana cara menciptakan budaya gereja yang sehat secara emosi dengan tujuan untuk memultiplikasikan murid-murid Kristus yang telah diubahkan secara mendalam dalam setiap aspek kehidupan gereja.","Terbaru, Trending Books",0,92
Emotionally Healthy Spiritually,"APA YANG HILANG DARI HIDUP ANDA?

Peter Scazzero diajar dengan cara yang keras: Anda tidak mungkin dewasa secara rohani sementara masih tidak dewasa secara emosi. Meskipun Pete adalah pendeta dari sebuah gereja yang berkembang pesat, dia melakukan apa yang kebanyakan orang perbuat: 
-- menghindari konflik atas nama hukum kasih agama Kristen
-- mengabaikan kemarahannya, kesedihan, dan ketakutan
-- menggunakan Allah untuk melarikan diri dari Allah
-- hidup tanpa batas-batas

Akhirnya Tuhan membangunkannya untuk melakukan integrasi yang alkitabiah antara kesehatan emosi, relasi yang mendalam dengan Yesus, dan praktik-praktik spiritualitas yang kontemplatif. Ternyata hal ini bukan hanya menciptakan revolusi rohani yang sementara, tetapi benar-benar mengubah dia dan gerejanya.

Dalam buku bestseller ini, Pete menguraikan perjalanannya dan tanda-tanda spiritualitas yang tidak sehat secara emosi. Kemudian ia memberikan tujuh cara yang alkitabiah untuk menerobos dan menghasilkan revolusi kehidupan Kristen sejati dalam diri Anda. Emotionally Healthy Spirituality telah digunakan di lebih dari dua puluh enam negara saat ini untuk memperlengkapi gereja mengalami kedalaman melampaui apa yang ada di permukaan, melalui paradigma formasi spiritualitas yang benar-benar mengubah hidup.

#emotionallyhealthyspirituality #bookrecommanded #literaturperkantasjatim","Non-Fiksi, Spiritualitas",1009,845
Everybody's Normal Till You Get to Know Them,"Tinggal Satu Langkah Lagi Menuju Petualangan Terhebat Sepanjang Hidup

Yang pasti bukan Anda! Demikian juga dengan semua orang yang Anda temui. Kita semua tidak ada yang normal menurut denisi Allah, dan semakin kita mengenal satu sama lain, hal ini akan semakin jelas. Tapi, dari semua dosa, kelemahan, dan keanehan kita, kita saling membutuhkan. Komunitas bukan sekadar istilah tetapi komunitas adalah salah satu kebutuhan kita yang paling mendasar. Maka, bagaimana manusia yang penuh kelemahan dan tidak normal seperti kita ini bisa menaklukkan kekuatan yang dapat memecah belah kita lalu masuk bersama-sama ke dalam relasi mengubah hidup yang telah Allah rancangkan bagi kita?

Dalam buku ini, John Ortberg menjabarkan berbagai hal yang bisa merangsang komunitas. Anda akan mendapatkan penjelasan yang merangsang pikiran mengenai hati Allah, sesama manusia, dan diri kita. Selain itu, Anda akan mendapatkan hikmat dan sarana untuk lebih dekat kepada orang lain dalam cara-cara yang berkuasa dan berpengaruh. Dengan humor, pemahaman mendalam, dan bakat bercerita, Ortberg menjelaskan bagaimana komunitas bisa memberikan kebahagiaan, kesehatan, sokongan, dan pertumbuhan. Komunitas merupakan tempat kita semua yang aneh dan tidak normal ini bisa bertemu dengan kasih Allah dalam cara-cara yang nyata dan menemukan kekuatan mengubahkan dari tindakan mengasihi, menerima dan menghargai keadaan kita yang sebenarnya.",Komunitas Kristen,0,8
Exploring My Emotions: Perjalanan Diri Menemukan dan Berjumpa Kristus,"Dalam jurnal ini, aku ingin mengajakmu untuk merenung, memahami dan untuk menghubungkan dirimu dengan Sang Pencipta. Kita akan menjelajahi emosi-emosi kita dengan cermat, dengan penuh pengertian, dan dengan penuh harapan. Karena aku percaya, setiap emosi yang kita rasakan memiliki makna dan pelajaran yang berharga.

Biarlah jurnal ini menjadi tempat yang aman bagimu, tempat di mana kamu bisa berbicara dengan jujur tentang apa pun yang ada di hatimu. Dan semoga, disetiap halaman yang kamu baca, kamu merasakan kehangatan dan kedekatan Tuhan yang tak pernah lekang oleh waktu.",Pekerjaan dan Panggilan Hidup,0,2
Forgive (Mengampuni): Mengapa Saya Harus Mengampuni dan Bagaimana Saya Bisa Mengampuni?,"Pendeta dan penulis buku laris, Timothy Keller, menguraikan alasan mengapa pengampunan harus menjadi bagian penting dalam kehidupan setiap orang

Memaafkan orang lain dengan cara yang bermakna adalah salah satu hal tersulit yang harus dilakukan seseorang. Jika Anda tidak melakukannya, kebencian dan keinginan untuk membalas akan mulai menguasai diri Anda. Hampir tidak mungkin untuk Anda mengalami pemulihan dari luka masa lalu tanpa pengampunan, tetapi hanya sedikit orang yang memiliki sumber daya dan sarana untuk mengampuni orang lain secara totalitas dan dapat dengan damai melanjutkan hidup mereka. Memaafkan adalah sebuah keterampilan yang penting, keharusan moral, dan keyakinan religius yang menyentuh langsung ke inti dari apa artinya menjadi manusia. Dalam Forgive, Timothy Keller menunjukkan kepada para pembaca mengapa hal ini sangat penting dan bagaimana melakukannya, serta menjelaskan langkah-langkah yang perlu Anda ambil secara rinci supaya Anda dapat melanjutkan hidup tanpa mengorbankan keadilan atau kemanusiaan Anda.","Terbaru, Trending Books",55,45
Jadilah Pemimpin Demi Kristus,"Dua puluh lima tahun setelah edisi pertama buku ini ditulis, dunia telah berubah secara masif dan drastis. Hari ini kita diperhadapkan dengan wicked problems, yaitu berbagai masalah yang definisi dan solusinya sangat ambigu dan kompleks, termasuk ekses negatif dari artificial intelligence.

Dalam konteks itulah, Anda dipanggil untuk menjadi pemimpin demi Kristus dan Injil-Nya. Atau dengan kata lain, Anda dipanggil untuk menjalankan peran dan pengaruh kepemimpinan Anda di berbagai bidang dan ranah agar kematian Kristus yang menanggung dosa manusia dan kebangkitanNya yang mengalahkan kematian sebagai akibat final dosa manusia dapat disampaikan dan dinyatakan dengan lebih efektif, efisien, dan strategis.

Kerangka Being-Knowing-Doing yang diuraikan dalam buku ini adalah lensa praktis yang tetap relevan untuk pemimpin dapat memimpin zaman. Meskipun dunia kita hari ini sarat dengan akselerasi perubahan yang semakin tinggi, kita sedang bergerak menuju sebuah titik dimana kemuliaan Allah memenuhi seluruh bumi (Hab. 2:14; Mzm. 72:19). 

Jalan kepemimpinan memang sangat sepi. Ada banyak keputusan yang harus Anda ambil dan membuat Anda tidak disukai orang lain. Kalau ingin disukai orang lain, maaf, mendingan Anda menjadi badut sirkus. Kalau Anda ingin menjadi pemimpin, milikilah ambisi yang telah diubahkan oleh, dalam, dan demi Kristus.","Kepemimpinan, Pengambilan Keputusan, Spiritualitas",49,124
"Jesus Christ, Disciplemaker","Ketika Yesus memanggil murid-murid-Nya, dia merangkul para nelayan dan pemungut cukai, lalu mengubah mereka menjadi orang-orang paling berpengaruh di dunia ini yang pernah ada sepanjang masa. Dapatkah pemimpin gereja zaman sekarang memberdayakan orang-orang awam untuk memenuhi potensi mereka sebagai hamba Allah yang sangat efektif bagi Kerajaan-Nya?

Buku pegangan standar dalam pemuridan selama lebih dari tiga puluh tahun, Jesus Christ, Disciplemaker menguraikan metode bagaimana Yesus melatih dua belas murid-Nya dan menyajikan pola yang alkitabiah dari strategi Yesus dalam menjangkau mereka yang terhilang. Edisi yang sudah diperbarui ini berisikan berbagai wawasan baru dari penulis selama lebih dari dua puluh tahun menolong gereja dalam membuat murid dari jemaat-jemaat awam menjadi pemimpin-pemimpin gereja.",Penginjilan,0,5
Katalisator Gereja untuk Bertumbuh dan Berbuah,"Buku ini mengajak kita menerima fakta bahwa perubahan adalah kepastian. Gereja dan pelaksanaan kebaktian Minggu selalu berhadapan dengan perubahan. Namun kesadaran untuk berubah tidak selalu bisa diwujudkan dalam praktika kehidupan beribadah karena kurangnya pendalaman atas esensi ibadah Kristen. Situasi ekstrim seperti pandemi atau krisislah yang seakan-akan dijadikan katalisator oleh Tuhan Allah buat mengubah dan memperbaharui. Itulah yang menjadi esensi buku ini.

Buku yang mendorong kita mempertimbangkan perubahan yang menghasilkan buah berdasarkan perjumpaan dengan Allah melalui peribadahan yang memfasilitasi transformasi yang utuh. Dengan paparan dan bahasa sederhana, topik yang disajikan dalam sembilan bab mengingatkan kita bahwa tiap unsur ibadah yang rutin kita lakukan sejatinya merupakan jendela perjumpaan dengan Allah yang hidup dan hadir dalam ibadah. Terlebih istimewa, setiap babnya bukan sekedar berisi penjelasan teologis-filosofis yang abstrak, tetapi juga terdapat banyak petunjuk dan contoh praktis. Semoga buku ini dapat memberkati dan menolong kita untuk menjalani unsur-unsur ibadah secara indah dan lebih bermakna.",Penulis Lokal,0,28
Lies Women Believe,"Patahkan segala kebohongan yang mencegah Anda dari hidup berkelimpahan.

Setan adalah penipu ulung; kebohongannya tak berkesudahan. Dan kebohongan yang dipercayai kaum wanita Kristen adalah akar dari sebagian besar pergumulan hidup mereka.

Banyak wanita hidup di bawah bayang-bayang rasa bersalah dan menghakimi diri sendiri, kata Nancy DeMoss Wolgemuth. Banyak wanita terbelenggu oleh masa lalu. Yang lain dicengkeram ketakutan ditolak dan keinginan untuk diakui. Sedangkan yang lain menjadi tawanan emosi yang destruktif.

Dalam buku laris ini, Lies Women Believe, Nancy mengungkap berbagai tipuan yang paling banyak dipercayai oleh kaum wanita Kristen -- kebohongan tentang Tuhan, dosa, prioritas, pernikahan serta keluarga, emosi, dan banyak lagi. Sesudah itu, ia menjelaskan bagaimana kita bisa terbebas dari belenggu kebohongan dan dimerdekakan untuk berjalan dalam kasih karunia, pengampunan, dan kehidupan berkelimpahan di dalam Tuhan. Nancy memberi senjata paling efektif untuk mematahkan dan mengatasi tipuan setan: kebenaran Tuhan!",Kehidupan Perempuan Kristen,7,47
PA DUA BELAS MURID YESUS,"Yesus memiliki waktu sekitar tiga tahun untuk membentuk  orang 12 orang yang penakut dan tidak beriman menjadi pilar-pilar gerakan di seluruh dunia. Meskipun hanya dalam waktu yang singkat, waktu di hadirat Yesus memberikan dampak yang mengubah setiap orang, dan mereka akan diubahkan oleh kuasa Yesus.

Pelajaran tentang 12 Murid Yesus ini juga akan mengubah Anda! Anda akan menemukan bahwa Sang Guru masih terus berusaha untuk mengubah kehidupan. Dia dapat mengambil orang yang paling takut dan tidak percaya di antara kita dan memberdayakan kita untuk menjadi saksi yang percaya diri akan kasih karunia dan pengampunan-Nya.

Pastikan Anda siap dan bersedia untuk menjawab panggilan Yesus untuk mengikuti-Nya. 10 Bab pemahaman Alkitab ini akan menjadi sebuah perjalanan yang tidak akan pernah Anda lupakan.",Bahan Pendalaman Alkitab (PA),11,1
PA Ester,"Siapakah Anda ketika tak ada seorang pun yang melihat Anda?

Ketika orang-orang Yahudi itu mendapat ancaman, Ester harus menanyakan kepada dirinya sendiri pertanyaan tersebut. Dia akan menanggung sebuah risiko yang sangat besar bagi hidupnya ketika Ia mencoba menyelamatkan sesamanya yaitu orang-orang Israel tersebut. Atau sebenarnya dia bisa saja berdiam diri, karena dia hanya seorang wanita dan demi menjaga keselamatan dirinya untuk tetap hidup tenang.

Kitab Ester akan mengilhami kita untuk memeriksa karakter kita, yang merupakan aspek paling mendalam dari hati kita. Kitab ini akan menguatkan kita untuk berdiri teguh di atas kebenaran. Kitab ini akan memberi keberanian iman bahwa Allah selalu memegang kendali. Ini adalah kitab yang perlu kita pelajari supaya kita dapat memuliakan Allah dengan seluruh keberadaan kita dan mulai menjadi saksi-saksi Allah bagi dunia ini oleh integritas kita meskipun berada di bawah tekanan yang seberat apa pun di dunia ini.

Jika kita mengizinkan tema-tema dalam Kitab Ester meresapi hidup kita, kita akan berhenti sejenak dan mempertanyakan setiap tindakan serta pemikiran kita, kemudian menatanya sesuai dengan kehendak Allah.

#bukuPA #literaturperkantasjatim #bookrecommended",Bahan Pendalaman Alkitab (PA),68,113
PA Mencari Kehendak Tuhan,"Kita seringkali mengalami kebingungan ketika bertemu dengan berbagai pilihan hidup seperti: Pekerjaan mana yang sesuai kehendak Tuhan? Siapa yang harus saya nikahi? Bagaimana seharusnya saya menginvestasikan uang saya? Allah telah memberikan kehendak bebas kepada manusia dan tentunya kita sangat menghargai kemampuan untuk membuat keputusan di tengah banyaknya pilihan. Namun ada saat-saat tertentu di mana kita begitu berharap agar Allah saja yang memilihkan dan membuat keputusan tersebut. Satu keputusan yang salah dapat merusak seluruh hidup kita, lalu mengapa Allah tidak langsung saja memberitahu kita apa yang harus dilakukan.

Meskipun Alkitab tidak bisa memberi kita jawaban terhadap setiap keputusan yang kita hadapi, namun Alkitab mengajarkan kita bagaimana mengambil suatu keputusan. Doa, pembelajaran Alkitab, bimbingan Roh Kudus, kondisi pribadi, mencari nasihat, dan akal sehat semuanya harus dilibatkan. Namun tetap tidak ada rumusan yang bisa dipakai untuk setiap keputusan. Allah akan menunjukkan jalan kepada kita menurut waktu-Nya dan menurut cara-Nya yang misterius.Bahan pemahaman Alkitab ini akan menolong Anda untuk mempelajari berbagai prinsip dan bagaimana kita dapat menerapkannya dalam kehidupan sehari-hari.",Bahan Pendalaman Alkitab (PA),423,241
PA Pembinaan Dasar,"Bayi yang baru lahir membutuhkan makanan dan pertolongan orang lain untuk proses pertumbuhannya dan juga makanan yang disesuaikan dengan kebutuhan. Demikian juga dengan seseorang yang baru menerima Kristus sebagai Juru Selamat pribadi. Ia membutuhkan makanan rohani yang cukup mendasar dan pertolongan orang lain untuk menuntun dalam proses pertumbuhan. Dengan alasan inilah buku ini disusun.

Buku ini berisi pengajaran-pengajaran dasar  Hidup yang berpusat dan dikuasai Kristus,  Bergaul dengan Allah melalui Firman, Doa, dan Puasa, tepat bagi orang yang baru menerima Kristus sebagai Juru Selamat pribadi. Buku ini sebagai sarana untuk belajar bertumbuh dalam kelompok (KTB) karena diformulasikan dalam bentuk pertenyaan-pertanyaan, bahan diskusi dan pembuatan proyek ketaatan bersama. Kelompok tumbuh bersama tidak hanya mengetahui kebenaran Firman Tuhan, tapi juga mengaplikasikannya dalam kehidupan sehari-hari. Penggunaan buku ini akan lebih efektif jika digunakan sesuai dengan petunjuk yang di jelaskan di awal buku ini.

#pembinaandasar #bukuktb #literaturperkantasjatim",Bahan Pendalaman Alkitab (PA),0,4
PA Tokoh Perempuan Perjanjian Lama,"Mengapa mempelajari para wanita dalam Perjanjian Lama?

Jika pertanyaan ini terbersit dalam benak Anda pada saat memilih bahan PA ini, saya dapat bersimpati. Saya juga memiliki pemikiran yang sama pada saat diminta menuliskannya. Saya berharap bahwa Anda juga senang seperti saya ketika melihat bahan PA ini lebih detail. Walaupun kelihatannya jauh, namun hidup mereka sangat relevan.

Salah satu pelajaran dasar yang terlihat dalam hidup setiap wanita ini adalah konsistensi dari sebab dan akibatnya. Iman yang sederhana menghasilkan pemeliharaan Allah. Menjalankan hidup terpisah dari kebenaran Allah membawa bencana. Lalu para wanita ini, sebagian besar, adalah orang-orang biasa. Mereka tidak akan menjadi tajuk utama berita dalam buku sejarah mana saja kecuali di buku milik Allah. Faktanya adalah Allah mencatat kisah mereka sebagai pembelajaran bagi kita untuk menyatakan apa yang penting bagi-Nya. Pilihan dan keputusan yang dibuat para wanita ini juga dihadapi lagi dalam sejarah umat manusia.
 
Hal-hal terbaik yang saya pelajari, nyatanya datang dari kehidupan batin wanita-wanita ini. Pilihan-pilihan mereka menantang saya; pelajaran-pelajaran yang mereka pelajari telah siap diaplikasikan dalam hidup saya; iman dan pujian mereka menginspirasi saya. Pada saat Anda mengenal mereka, saya berharap Anda akan mengalami kehidupan spiritualitas yang semakin bertumbuh.",Bahan Pendalaman Alkitab (PA),384,142
PA Uncover Yohanes,"Bahan Pemahaman Alkitab Uncover Yohanes akan membawa Anda melalui enam episode utama dalam biografi Yesus yang ditulis oleh Yohanes, yang akan berfokus pada beberapa perjumpaan penting dalam kehidupan Yesus. Setiap bagian akan membantu Anda untuk menyatukan apa yang Yohanes ungkapkan tentang kehidupan dan tujuan Yesus. Bahan ini juga dilengkapi berbagai pertanyaan yang akan menolong teman-teman kita mempelajari tentang kehidupan dan kekristenan. Uncover Yohanes sangat ideal untuk dibaca dan ditelaah bersama teman Anda dalam kelompok kecil.

Gereja-gereja dan kampus-kampus di seluruh Inggris dan Eropa telah banyak menggunakan Uncover dalam berbagai konteks seperti kelompok pemuridan, kelompok pemuda, kelompok penemuan, dan bahan persiapan pembaptisan. Uncover memiliki sasaran untuk memperlengkapi, memampukan, dan menyemangati semua orang Kristen untuk dapat membaca dan mendiskusikan Injil dengan seorang teman.

#uncoveryohanes #literaturperkantasjatim #bookrecommended",Bahan Pendalaman Alkitab (PA),0,1
Perjalanan Menuju Esensi Penyembahan,"Bila Anda ingin belajar mendalami esensi penyembahan untuk melandasi, mengarahkan, dan membentuk praktik penyembahan, baik secara personal maupun komunal di gereja, maka buku ini sangat cocok bagi Anda.

Buku ini... menggunakan bahasa yang sangat sederhana namun memiliki kedalaman yang di beberapa bagiannya mind blowing sekaligus heart warming.

Ps. Christofer Tapiheru

Teaching Pastor, New Wine International Church, Jakarta

Ps. Jimmy ... menuliskan buku ini dengan sangat praktis, disertai dengan bahan diskusi yang sangat aplikatif baik secara personal maupun grup. Banyak pribadi dan komunitas akan mengalami dan menyaksikan Tuhan dalam level yang baru.

Franky Kuncoro

Pendiri, Unlimited Worship

Di tengah berbagai model dan pertanyaan tentang ibadah Kristen, Jimmy Setiawan menghadirkan pemikiran dan refleksi yang ... menekankan bahwa buku ini tidak membahas teknis ibadah, tetapi ingin menunjukkan esensinya.

Pdt. Dr. Hari Soegianto

Ketua, STT SAAT, Malang

Buku ini berharga bagi gereja Tuhan lintas-denominasi karena mengajarkan substansi (bukan sensasi) ibadah yang Trinitaris, biblikal, dan autentik. Highly recommended!

Sen Sendjaya, Ph.D.

Lead Pastor, ICC Melbourne

Professor of Leadership, RMIT University",Gereja dan Ibadah,5,9
Same Sex Attraction and the Church,"Ketika ada orang Kristen yang memiliki ketertarikan pada sesama jenis, bagaimana gereja seharusnya meresponsnya?

Pendeta Ed Shaw adalah seorang Kristen sejati, berpegang teguh pada Alkitab dan mempertahankan kesetiaan pada pengajaran tradisional gereja tentang etika seksualitas. Dalam buku yang jujur ini, dia membagikan pergumulannya sebagai seorang Kristen sejati yang memiliki ketertarikan pada sesama jenis.

Dia menunjukkan bahwa ajaran Alkitab terlihat tidak mungkin dilakukan bukan karena kesulitannya, tapi karena berbagai kesalahan yang dilakukan gereja terkait pemahamannya tentang kehidupan Kristen dan seksualitas yang sehat. Kita telah dibentuk oleh dunia di sekitar kita dan perlu menilai ulang nilai-nilai yang memengaruhi pemuridan kita. Hanya dengan menjalaninya sesuai dengan Alkitab barulah kita bisa melihat panggilan Allah bagi mereka yang memiliki ketertarikan pada sesama jenis sebagai sesuatu yang masuk akal atau mungkin dilakukan dalam mengikut Yesus untuk menjalani hidup secara penuh.",Seksualitas,0,31
The Beauty Of Christian Worship,"Ibadah Kristen adalah suatu respons atas penyingkapan diri Allah dan segala perbuatan-Nya yang ajaib di sepanjang sejarah keselamatan. Respons dari manusia yang sudah ditebus oleh Allah dalam Yesus Kristus menunjukkan pentingnya relasi dalam menghayati peribadahan Kristen. Respons dari komunitas gereja tidak akan pernah sempurna. Namun respons tersebut dapat mencapai keindahan ilahi, karena umat Allah tidak pernah merespons tanpa keterlibatan peran Roh Kudus. Jadi respons berupa aksi-aksi peribadahan menjadi respons yang indah karena Roh Kudus yang mengerti secara akurat apa yang Allah kehendaki. Budianto dan Lucky mengajak pembaca, para penatalayan ibadah gerejawi dan umat Kristen untuk mempertimbangkan aspek-aspek keindahan tersebut berdasarkan sentralitas jati diri Allah. Ibadah kristiani mencapai keindahan sesungguhnya karena subjek utamanya adalah Allah-yang mengundang, menyatukan, mentransformasi, dan mengutus.","Penulis Lokal, Kekudusan, Spiritualias, Bacaan",0,11
The Case for Heaven (Penyelidikan tentang Surga): Seorang Wartawan Memeriksa Bukti dari Kehidupan setelah Kematian,"Kita semua ingin tahu apa yang menanti kita di balik kematian, tetapi adakah bukti yang dapat diandalkan bahwa ada kehidupan setelah kematian? Penulis investigasi Lee Strobel menawarkan studi yang hidup dan menarik tentang salah satu topik paling provokatif di zaman kita. Melalui percakapan yang menarik dengan para cendekiawan dan pakar terkemuka--seorang ahli saraf dari Universitas Cambridge, seorang peneliti yang menganalisis ribuan kisah pengalaman mendekati kematian, dan seorang ateis yang menjadi filsuf Kristen--Strobel menawarkan alasan-alasan kuat mengapa kematian bukanlah akhir dari keberadaan kita, melainkan transisi menuju dunia yang menarik di masa depan. Dengan menilik kisah-kisah Alkitab, Strobel mengungkap apa yang menanti kita setelah kita mengembuskan napas terakhir dan menjawab pertanyaan-pertanyaan seperti: Apakah ada kehidupan setelah kematian? Seperti apa surga itu? Bagaimana kita akan menghabiskan waktu kita di sana? Dan apa artinya bertemu langsung dengan Tuhan? Dengan pendekatan yang seimbang, Strobel mengkaji alternatif Neraka dan logika kutukan, serta memberikan pandangan yang cermat tentang reinkarnasi, universalisme, klaim eksklusivitas Kristus, dan isu-isu lain yang berkaitan dengan topik kehidupan setelah kematian. Dengan penuh keterbukaan, Strobel berbagi pengalaman tentang bagaimana ia hampir meninggal bertahun-tahun yang lalu dan bagaimana realitas kematian dapat membentuk kehidupan dan iman kita. Ikuti Strobel dalam perjalanan penemuan kehidupan mendatang yang sepenuhnya kredibel, dapat dipercaya, dan menggembirakan ini.","Spiritualitas, Doktrin dan Teologi, Misi",0,1
The Glorious Pursuit (Usaha yang Mulia),"Apakah Anda ingin mengalami Kristus dengan cara yang baru tetapi merasa frustrasi ketika tidak ada yang berhasil? Apakah Anda berputus asa dengan sifat-sifat tertentu dalam hidup Anda yang sulit sekali berubah? Apakah Anda merasa bahwa Anda bukanlah orang Kristen yang sejati seperti yang Yesus rindukan?

Ketika kita mempraktikkan kebajikan-kebajikan Kristus, kita akan menjadi pribadi yang Allah kehendaki dan mengalami Kristus dengan cara yang baru. Dalam buku The Glorious Pursuit, penulis buku terlaris Gary Thomas meneliti gaya hidup Yesus yang dicirikan oleh berbagai kebajikan seperti kerendahan hati, keberserahan, kemurahan hati, kasih, dan banyak lagi. Temukan perubahan jangka panjang yang datang dari mengikut Yesus, dan nyatakan kemuliaan-Nya dalam cara Anda menjalani kehidupan sehari-hari yang telah diubahkan.",Psikologi,2,16
The Spirit of the Disciplines,"Kebanyakan kita tidak tahu bagaimana orang lain melihat atau memproses pengalaman mereka. Dan ini sangat menyulitkan dalam menjalin relasi, baik dengan pasangan, sahabat, atau dalam kehidupan profesional. Memahami motivasi dan dinamika dari berbagai tipe kepribadian yang berbeda bisa menjadi kunci untuk memahami perilaku yang terkadang membingungkan pada diri orang lain--dan diri kita sendiri.",Spiritualitas,129,153
Visions of Vocation,"Apakah mungkin untuk mengenal dunia apa adanya dan masih tetap mengasihi dunia?

Dari semua pertanyaan yang kita ajukan tentang panggilan kita, pertanyaan inilah yang paling sulit. Mulai dari pernikahan sampai hubungan internasional, makin banyak kita tahu, makin sulit untuk mengasihi. Kita menjadi sinis atau apatis, melindungi hati kita dari segala implikasi yang kita ketahui. Tetapi bagaimana jika visi akan vokasi bisa dipulihkan--memungkinkan kita melangkah ke dalam luka-luka dunia dan demi cinta kasih mengemban tanggung jawab kita akan keberadaan dunia saat ini?

Selama beberapa dekade, Steve Garber telah mendampingi berbagai jenis orang saat mereka berupaya membuat dunia dan hidup mereka masuk akal. Bersamanya kita berjumpa dengan banyak orang-orang biasa di tempat-tempat yang biasa yang merindukan agar hidup mereka bermakna:

-- Robin yang menghabiskan hidupnya demi keadilan di lingkungan perkotaan
-- Santiago yang bekerja dengan negara-negara dunia ketiga yang membutuhkan modal
-- George yang telah menghabiskan waktu bertahun-tahun untuk mengajar murid-muridnya mengenai hal-hal apa yang paling penting
-- Claudius dan Deirdre yang rumahnya terbuka dan selalu menjadi tempat bagi orang lain 

Vokasi adalah ketika kita mengenal dunia dalam segala sukacita dan sakitnya dan masih tetap mengasihinya. Vokasi adalah mengikuti panggilan kita untuk mengupayakan kesejahteraan dunia tempat kita tinggal. Garber menawarkan suatu buku bagi semua orang di mana saja--bagi para mahasiswa, mereka yang ada di dunia seni, akademis, pelayanan publik, dan berbagai profesi--yang ingin menemukan nilai kebajikan dari vokasi.",Pekerjaan dan Panggilan Hidup,0,22
When I Don't Desire God,"Saya ingin menolong orang-orang percaya yang sedang melihat beberapa perubahan hati yang radikal, yang dituntut oleh Alkitab dalam kehidupan Kristen --- khususnya perintah bahwa kita harus mendambakan Allah melebihi apa pun.... Saya ingin menolong orang-orang yang mulai melihat bahwa keselamatan adalah kebangkitan dahaga yang baru kepada Allah.... Saya ingin menolong orang-orang yang rindu menemukan bahwa bukan hanya keputusan mereka tetapi juga keinginan-keinginan mereka, benar-benar penting ... dan banyak orang, yang dengan cucuran air mata, ingin mengetahui: Apa yang seharusnya saya lakukan ketika saya tidak lagi mendambakan Allah? Dalam kehendak Allah, saya ingin sekali menolong. -- JOHN PIPER

Kita semua ingin mengalami kepuasan dalam Allah yang membebaskan, menghasilkan kasih, dan berani mengambil risiko. Tetapi kenyataannya adalah kita sering kali bergumul untuk menemukan dan berpegang kepada sukacita yang sejati dan kekal tersebut --- bahkan ketika kita telah menerima kabar baik mengenai anugerah Allah. Jadi kita menghadapi sebuah pertanyaan penting: Apa yang seharusnya saya lakukan ketika saya tidak mendambakan Allah?

John Piper ingin menolong kita menemukan sukacita dalam Kristus yang begitu dalam dan kuat sehingga hal itu akan sanggup membebaskan kita dari ikatan kenyamanan dan keamanan dunia, lalu mendorong kita untuk menjalani kehidupan misi yang penuh belas kasih. Ditulis dengan pengharapan yang radikal supaya semua orang Kristen dapat mengalami kepenuhan hidup dalam Kristus. Buku ini akan menolong Anda untuk berjuang demi mendapatkan sukacita yang perlu dialami setiap harinya, melalui membimbing Anda untuk menemukan kembali kemuliaan Allah yang memuaskan jiwa.",Pastoral,0,5