Customer,Recency,Frequency,Monetary
(GRAMI) KEZIA ENDHY,34,1,0.0
(PERKANTAS TORAJA UTARA) UP.NIKI,343,6,1149000.0
(VONNI PERONICA),741,1,32500.0
(YEMIMA),846,1,58000.0
12345MAYKEL 230613A669JJWU,551,1,66990.0
180 CHRISTIAN STORE JAKARTA,13,34,2342650.0
23053167N1URXQ SHARINTRINITA,581,1,33495.0
2305316PYUXUPD EP_PETRUS,581,1,33495.0
2306017E0DYMF6 SHARINTRINITA,581,1,33495.0
23060184A2PD7C CALVINWU27,581,1,33495.0
2306018B6JYA0V SURYA.KWOK,581,1,33495.0
230602BPY86TDU ZEVIEL,581,1,33495.0
230602C376YS10 BOWOCHIE,581,1,53592.0
230603C8EFV3CA HIZ1E9ZWO1,581,1,33495.0
230603DDKT7VR6 DEVITAFEBIANTI,581,1,33495.0
230603DFR7U589 M84DZOUIAR,581,1,669900.0
230603DNU4W1KG SRI_REJEKI170873,581,1,65076.0
230603DWS7W4GH WAHYU_SP17,581,1,62205.0
230603EEE9A8D7 FAIRYBELLE_COLLECTION,581,1,33495.0
230603EGEXT93Q 330XXC4190,581,1,33495.0
230616HTFSV53W WISNU198,551,1,66990.0
230616JAHRX074 NAOMIGUNADI,551,1,66990.0
230617KGDGBM1B HENYPHAN,551,1,66990.0
230617KK1V4XXD MAY_DELIN,551,1,62205.0
230617KSPKG8R6 ANESSSTEFANIE,551,1,66990.0
230618PGPG3TQ5 TSUTSUJIGAOKA301,551,1,66990.0
230618PW7GT40R FITRIMBUNYAMIN,551,1,66990.0
230618Q1Y7WRR3 VINTE7N,551,1,66990.0
230618Q6NK6857 DELFIADU,551,1,36366.0
230618Q9AST7R0 PETRUS.ADITYA,551,1,66990.0
230619RRVHCU9C EKAVANYA,551,1,114840.0
230619SD59VJ4K KEISHAAG,551,1,60291.0
230619SSU43P0U INDAHKAPE15,551,1,66990.0
230620TYGP3GD4 MESRIANAGULTOM123,551,1,23925.0
230620U2S5Q90Q VIESTABAJUSTORE,551,1,105270.0
230620UN05EXFV MILASUARNIII,551,1,71775.0
230620UNJPP8QM JEREMYAS10,551,1,81345.0
230620UP3R4FMM ELLEN_LELE12,551,1,66990.0
2306210DPNB94Y ADORABLE_GIFT,551,1,23925.0
23062118K9J90H DEMITRIPONTO,551,1,43065.0
2306223ASRJ3GW CANDRASINURAYA,551,1,62205.0
2306223BN6UY8W EVERYONES_BEAUTY,551,1,84216.0
2306223FANAS3C CAHAYAHOMBING,551,1,47850.0
2306223FYPKSEA KRISTINSIHITE,551,1,86130.0
2306223P4DTRW7 JEANNIFERVH,551,1,62205.0
23062240GHHQJN ADINDANANCY21,551,1,66990.0
23062357MQ5GNH EVELYN.TYAS,551,1,66990.0
2306235E0EFMGJ I9N2ZPKWFJ,551,1,66990.0
2306235HYB6B76 BUCHANANANDREW,551,1,200970.0
2306235QF9P3MB MEGAH_ALIM,551,1,66990.0
230623638TUU1A MELISAPASARIBU22,551,1,62205.0
23062489E6HFER JOSHUAMARCILIO,551,1,66990.0
2306248RG1K1QQ YESRISAEFATU,551,1,66990.0
23062494N8KA21 KESYA_SINURAT,551,1,47850.0
230625BPB7AQHF ROSNAHNG777,551,1,66990.0
230625BQSGDAM8 RYKATFIRDANATHA,551,1,84216.0
230625BTA43U1H SUTIKNOGO,551,1,66990.0
230627FAGC9SHA FAIRYBELLE_COLLECTION,551,1,66990.0
230628H01YMM3C ROSPINOKTAFIA,551,1,334950.0
230628JA53M8JU SWEETJABAT73,551,1,47600.0
230628JKD3E2QK WAINE.CO,551,1,61880.0
230629MEK4C6G1 GRACEPUTRIINDAHSARI,551,1,65076.0
230629MVCXK8V4 IRAINSANI,551,1,60291.0
230701TP5WHMDS RIFANDOSURYAWAN99,522,1,28560.0
230701TQ4KRVBP WINDA_LOONEYTUN,522,1,31352.0
230701TQ9J2U2U DELIAKRISNASARII,522,1,36087.0
230701TQD2KM01 IMANITAREV,522,1,92820.0
230701TQDA9MFP CHANDRAINDRAWAN93,522,1,29667.0
230701TQPMSAPG SOLAFIDE34,522,1,28710.0
230701TQU8M9TT HOSEAFARDANA,522,1,43316.0
230701TQVKGS67 KEVINANATHANAEL27,522,1,28872.0
230701TQW8EVQ3 JOLIEM10,522,1,16660.0
230701TQY5H1TG REHULINAPERMATA,522,1,35700.0
230701TR0SY3HX BRYANDAVID17,522,1,30940.0
230701TR187W5H TOB_NOBERTH,522,1,31802.0
230701TR5BUASD RIOFUKU,522,1,40460.0
230701TRQ4AA0K BRONDEST79,522,1,32368.0
230701TRU8UDGK STEVANYMARCELLA_,522,1,28897.0
230701TT6CSXEH FANNYTHEODORA2528,522,1,28710.0
230701TTTWVC84 CHANDRAINDRAWAN93,522,1,47600.0
230701TU8V7WX5 MANDARENATAL,522,1,31102.0
230701TUCAUHG3 ROSMAESARIA1,522,1,60000.0
230701TWRM8N7R MARIAGS30,522,1,1205820.0
230702VPCFSMND ANASAREO,522,1,114240.0
2307031DBNNC9M TANTONO51,522,1,66990.0
2307031EBTPF02 BREINHARDTIAN,522,1,180873.0
2307031KPBKW1K KITTYKRISTI,522,1,62205.0
2307031KQE0ETR __NITA__,521,1,257040.0
2307032314QJ51 HENYPHAN,521,1,100485.0
2307043MH3MJFT ERWIENHP,521,1,100485.0
23070441C0VRP5 SHANIAGABRIELAKAPARANG,521,1,99960.0
2307044AU4MSW2 DAVID170898,521,1,93786.0
2307056N565YV9 NOVIANILOLA,521,1,258390.0
2307056YBJRXK1 MIKHA69,521,1,23925.0
2307057JSC7B86 DANIELHARTONO019283,521,1,66990.0
2307057M65KS04 EIMYSUSANTO660,521,1,100485.0
2307057N9T916J NA_ITEZA19,521,1,66990.0
2307068X6B5QTJ SHANS2820,521,1,61880.0
23070690CNW0NA 2QHD5SKBY5,521,1,95700.0
23070696S61713 YOHANTH,522,1,66990.0
23070697BQ4PAE MELISSATJANDRA,522,1,574200.0
23070697W35D1H TOFANDI,522,1,43065.0
230707B2KQW67P JOSHUAJOO98,522,1,66990.0
230707BEXQWARQ HENOKHRORY,522,1,23925.0
230707BFW9DWEK SUZY.WATI89,522,1,100485.0
230707BKA752GD FILECIASHEES,522,1,95200.0
230707BXWRJW72 FRENKYVEN,522,1,66640.0
230707C11TRVFV RENDYEKA86,522,1,100485.0
230707C4GKMMHP TIAR_SHOP1,522,1,71775.0
230707C9NYHRVE HERBERT.JUERGEN,522,1,287100.0
230707CJ1CTBPK STEFANIEANDRIANI,522,1,62205.0
230707CR1VMJ9Q JPHILIA,522,1,322987.0
230708CYCNN30E AUDGUNAWAN,522,1,114840.0
230708E6VVJXVJ DEADENATA1012,522,1,76560.0
230708EMG8RQWT CHRIS07CROSS,522,2,0.0
230708F2PV306P YULIPRABOWO85,522,1,192780.0
230708FD632EEX TPCE7R2I_MHR9WJDBSMRD1IYCIAG,522,1,66990.0
230709GXJQ2EPX PRASTITYNANDA,522,1,62205.0
230709HCHHGNDQ WELLNY20,522,1,62205.0
230710J64CQ3ND KEZIA_SUKAMTI,522,1,133980.0
230710K5TCGTBB 75_DWI,522,1,100485.0
230710KNRS36C8 IVENAOCTAVIAA,522,1,57120.0
230710KNX8J9VN IVENAOCTAVIAA,522,1,71775.0
230710M49NER0G PIGSYLAURA230710M49NER0G PIGSYLAURA,522,1,66990.0
230710MBDYH3T6 WIDIANTOJONG,522,1,100485.0
230711MKDUTEJG AIDYNAA,522,1,100485.0
230711NHGGF5U7 EP_PETRUS,522,1,99960.0
230711NN68EMG5 JUN3.DAMANIK,522,1,200970.0
230711PGRMSAA2 JESIKAMONIASEBAYANG,522,1,76560.0
230712QQ9R1QDM ECHYSARAH,522,1,23925.0
230712SERXMJ92 DECOROLOGY.ID,522,1,62205.0
230713U31GR9FX NATASIA9777,522,3,68904.0
230713UKHHVR70 1LUV73545,522,1,81345.0
230713USHMBBJJ ARTIKARATU01,522,3,-195035.0
230714039BEYEB ANDYSAMUEL575,522,1,23925.0
2307140P520R6F CINTYRANI03,522,1,66990.0
23071410PWT7YD OLDBASICDESIGN,522,1,62205.0
230714VU0CVK6J MAUDONGBEN,522,1,23925.0
230714VYA2UB0E MEYSAMPALI,522,1,143550.0
23071538UYJP67 IRENEJT09,522,1,114840.0
2307165BQQFVYR 27DY0PPD8M,522,1,66990.0
2307165QA9GJGQ EUODIA.LYANA,522,1,47850.0
2307166AKXC62P KEZIACAROLINAHPS,522,1,66990.0
2307189TGDQJ0X LAURASINURAYA,522,1,66990.0
230718A2VF3RVJ MELINDAURA,522,1,95700.0
230718A4VBTSKN CHRISTIANINOVELINA,522,1,66990.0
230718ATNQSU2M DEBO1212,522,1,62205.0
230718AXQE4CS9 JOSHUAAFELIXX,522,1,60291.0
230719DT2S0UCV JESSICAALLO,522,1,66990.0
230720ESKRKDQA RENASHOPPP,522,1,62205.0
230720F2SY9UBA KRISTINASIHITE167,522,1,133980.0
230720FCG8YBHQ MARSEMT,522,1,62205.0
230720G5BMMHED RISCAPOLUAN251,522,1,62205.0
230721HUQRP0EN TRIFOSA90,522,1,287100.0
230722K4PQWD09 JHEOWJHEOW,522,1,81345.0
230722M6RD240E ANGELIN54,522,1,66990.0
230722MYMVXUKA DCHRIS7,522,1,81345.0
230723QTV90DPE PVTSW12AJZ,522,1,41450.0
230724RWCNBP95 DRCYN,522,1,86130.0
230724S3WMFB8U FELITAGUNAWAN,522,1,143550.0
230724SS9Q5EPS CG9A6ZNR8Y,522,1,267960.0
230724TCQKDVD2 ZELINAOEI,522,1,66990.0
230725UST26YET DANIELLANDOTAMBUNAN,522,1,71775.0
230725UTPTG20N EVEM7U,522,1,90915.0
230725UUXQHG8B ALYA050709,522,1,66990.0
230725V4SPMYEE INGEMART0321,522,1,64260.0
230725W0JWE9FE BLANDINA_MOMA20,522,1,81345.0
23072602SH2DCH YOSUASESA18,522,1,105270.0
23072621XT4ARH,524,1,81345.0
2307262ATE8RM1,524,1,100485.0
2307262AUPAKFT,524,1,23925.0
2307262C4JRXQ6,524,1,65076.0
2307285WNS77H7 KIRANAELSHA,519,1,66990.0
2307286GJPU2XN CHRISTIANKANTER198,519,1,143550.0
230728705255D8 FERTY,519,1,66990.0
2307287F43H1PK EVAULINA662,519,1,62205.0
2307299CAJ7KMS YONAKK,519,1,81345.0
230730BN7KP609 DEBORABERNADITA13,519,1,76560.0
230730BNYV0RW2 6CFDHA2Q_R,519,1,114840.0
230730BQMADME8 MELMAYS,519,1,76560.0
230730C3WED552 2CSYBS718E,519,1,287100.0
230731DBH5S90R JMLAGIMPU18,519,1,95700.0
230731F2KQXC21 MIMIT505,519,1,84216.0
230801GC8BJQSA IKA5WIJAYA,519,1,62205.0
230801GCK9JGTV ANGGIPRISILYA,500,1,62205.0
230801GHG4P5R6 NATALIA_GRACE,498,1,206712.0
230801GT7DJ2RG HANAJUANA,500,1,30846.0
230801H3MS4DBX BRIANBARITO,496,1,62205.0
230801H7F40BKD RINADAS,500,1,287100.0
230801H9PKUJG8 P5IV7544Z8,500,1,62205.0
230802JJM59GRB EZRAGLENN,496,1,65957.0
230802JUHX1PH7 ARIEFLUIZSINAGA,500,1,287100.0
230802JV2SSHS7,496,1,100485.0
230802K9CXCA1U RENEESAGALA,496,1,66990.0
230803NHN65921 STAEFANNI,519,1,143550.0
230803P52BMHBV BENNY_ASIA,496,1,62205.0
230803PG8RFR4F NORATAN.,496,1,26796.0
230804QV62YRUF DAIRINAMANIK,496,1,62205.0
230804S01J9MKE TATAKUNA,500,1,71775.0
230805U58HAAN6 ISHAK.DAELI,496,1,81345.0
230805UAJC8SD4 HERLINASS13,500,1,239250.0
2308060Y8TJ0HM PASCHAWIJAYA,500,1,62205.0
23080714V1X22P GERARDINEPATRICIA,496,1,62205.0
23080723NSNY7T BUCHANANANDREW,496,1,53592.0
2308072DNRAWGF 4LRAMBEOH1,500,1,23925.0
2308072MRGSPP5 ANTONIUSDP,500,1,20097.0
23080736FVUU93 KARTIKA1203,500,1,108857.0
2308073AWNFGN3 TRIAAA123,500,1,81345.0
2308083S4R4122 ZEE196,496,1,68904.0
2308084ARU88M5 FRANSISKAKLAUDYA21,500,1,57420.0
2308084H6UXG9M FYLSHATHEOFANNY02,500,1,95700.0
2308084UE3BYKG ESRALAFAU,500,1,62205.0
23080852S076E7 MINERVASIBORO97,500,1,186615.0
2308085EXNGPE2 TRIAYUUS,500,1,191400.0
230808630B0BE2 REFSTE,500,1,81345.0
23080966A6ERKR SIS_9090,500,1,66990.0
23080966C6DYA1 LABELLECLOTHING,500,1,191400.0
23080983TFXGRF PVTSW12AJZ,500,1,62205.0
230811C37GFWGS BD5MWUJYND,500,1,62205.0
230811DGFU59UH PAULINAAPRILIAS,500,1,62205.0
230812DWH3H6CM SERENARERE,500,1,62205.0
230812EATK5JSP DEBORABERNADITA13,500,1,76560.0
230812ERYSNHEW 8RS083UBNK,500,1,124410.0
230812FS2DTJSJ ADENOVIA014,500,1,57420.0
230813H7FSX54Y CLAUDIACLOUD,500,1,64705.0
230813HN2UN7WN REXYVOYKD__,500,1,62205.0
230813J1RF4K2U JKS_SIMANJUNTAK,500,1,124410.0
230813J8PQMHWP KRISTINANOPALITA1,500,1,62205.0
230813J92RXKEY SHANTY.MANRU74,500,1,23925.0
230813JD9WWCRG AYALON29,500,1,40194.0
230814MGHVQUJV WILDASILVANY,500,1,62205.0
230815Q171JFA9 KIANASTANTO,500,1,67516.0
230815QAWFXHEB BELVINNA,500,1,67516.0
230816S0CBK28D NENGSIHIMDBL,500,1,508358.0
230816S59DENC9 HUTAPEACHRISTINA,500,1,63545.0
230816S9RMTXS6 LITTLE_HOME_BJM,500,1,53616.0
230816T3D0K950 NOFITASARIPALAKKANG,500,1,51630.0
230817U84BK8PG DINIARWULANINGSUCI,500,1,47659.0
230817UJ7AHBP4 MEYLYANAL,500,1,79431.0
230817UR9W4R1H EVELIN_SENTOSA,500,1,61631.0
230817UREKR5HW YEFLORIDA,500,1,246523.0
230817UTR3H1EM ELIANASACHIE,500,1,55601.0
230817V0WCUQY8 JOYPRILDO,500,1,119146.0
230817VBSV6CY5 REINER4793,500,1,90713.0
230817VHCU14KR FILKYGERARD,500,1,47659.0
230817VJRF6EPN ADYTIAHANDOYO,500,1,54013.0
230817VQBDQXWT RODE_110188,500,1,63545.0
2308180KP0VY50 SHAMOLLISA,500,1,22010.0
2308180Q3PDARN JOKEZIA,500,1,59574.0
2308180SJVAPKA DESPHADIANA,500,1,51630.0
2308181BNC2N5U GLORY.VALMAY,500,1,51630.0
2308181EUN51AX RACHELLILIS226,500,1,55601.0
2308181WN45UG5 ELITAHUTABARAT22,500,1,51630.0
23081937ACQ4P8 JENENGKU_TINA,500,1,47659.0
2308193E2ETA3G VINDJAFRII,496,1,166860.8
2308193JY497AY INDAPORMES,500,1,49247.0
2308193MHHVGK5 INDAPORMES,500,1,59573.0
2308193RNFRTK2 VANYAVAGANZA,500,1,55601.0
2308193TK41KYD PASCHAWIJAYA,500,1,51630.0
2308193VGJFR1H C.A.R.S,496,1,50087.5
2308204YASGWTY INTANANGELIE12,500,2,0.0
2308206MMMU93J GINANJARPUJO,500,1,47659.0
23082175H1SVGU DULCETPETRICHOR,496,1,67720.0
2308218BCKH1BF ANDRE4611,496,1,21951.25
2308218M8K40TC RUDI_PRASETYO99,496,1,52691.0
2308218XG4262D FRANKY_SAMPONO21,500,1,92446.0
23082190R7W55C REMINISIMANJUNTAK,500,1,79431.0
23082192BDD3TF RYOTENG,496,1,61186.5
23082198YBVY2A VIA_SUTEDJA,500,1,47659.0
2308219EXKN6S8 SHINE_LIKESTAR,496,1,64059.0
2308229UJ76H3D ESRALAFAU,500,1,51630.0
230822AEJS78QY CHRISTIANIPRABOWO,500,1,23772.0
230822AFAVRUPN RAPOLOMANULLANG,500,1,59573.0
230822AKBPHJ6N 1FT57AIC0M,496,1,51013.0
230822AQVYQCCH ALLVIN_SEB,500,1,35744.0
230822B1H8GQ4U LB34747,496,1,26481.0
230822BFPF3C0M MINULL_20,500,1,57229.0
230822BVCGWA02 DEVSIMANJUNTAK,496,1,22011.0
230822BVRK2UY5 YESSYMGDLN70,496,1,74763.5
230822C4SA3SKB KEVINFJMANALU05,500,1,214463.04
230823D3MDPPYF MELITASSI,500,1,160848.0
230823D7X6F14Q EL.ESTELITA,500,1,44022.0
230823DAFE82BE BELLA.ANGELLA,500,1,77842.0
230823DPJKEJ3H ARIPANJAITAN_,497,1,357439.2
230823DU59BF4G SUMIATIRUTH,497,1,1290753.0
230824FHK8KFWS DEASYELLAKOPLAN,489,1,70435.0
230824G045VF8R FERLIFS,496,1,43545.0
230824GMDJG0DK WIRI17,489,3,74837.0
230824H72394HB R2YMY5T3R10,489,1,51630.0
230825HFY72H8C ARVELIABEAUTYOUTFIT,489,1,47659.0
230825HQ111TN5 XKONSCAPT7,489,1,47659.0
230825HSB6Q12G STEFANII1,489,1,51630.0
230825J6NWCERC TABITAMARTINAS,489,1,50089.0
230825JAK0YH82 GINTING.MITHA15,489,1,50087.5
230825JFNBK870 MANJATEHNIK,489,1,55601.5
230825JHSJJ6VU IRMA.30_,489,1,32095.0
230825JKVT2M54 VICRIA.RARA,489,1,74837.0
230825JNAWDR1D CK.STTAA,489,1,51630.0
230825KF5HEH1W BRIGIDA99,489,1,52144.0
230825KJFB0RC7 USHIMARANATHA,489,1,77842.0
230825KMGA105R EMBIM12,489,1,56391.0
230825KPN5YRQ8 SRY_ZILIWU25,489,1,50087.5
230826MN9D9ABK OYE4OU8NL3,489,1,526350.0
230826N1MC8TYQ JEREMYSARATOGA,489,1,36366.0
230826P2H6Q31Q CRIOSWASTAKEN,489,1,62205.0
230827QXDVDGX1 ALVINUSSUTENDY,489,1,62205.0
230827R2VYY5YU Q2A1U_O1_N,489,1,76560.0
230828STK5Q0D8 THIA_MOLANZA,489,1,81345.0
230828SW6VKAKS KASMAWICAKSONO,489,1,62205.0
230828TTE0YSFC MOON11CRAFT,489,1,60291.0
230828TUKMF54T MATHENPRA,489,1,62205.0
2308290KBJ6W61 ISHAK.DAELI,489,1,62205.0
230829VQQ5G357 THERESABRITANIA,489,1,57420.0
23083029CW2AB6 JANRIMARBUN,489,1,57420.0
2308302EYBM7JE YUNIKECHRISTINA,489,1,74646.0
230830325KU590 YEMIMAARK,489,1,57420.0
2308314DDYX4EP ITSVIVIAN16,489,1,62205.0
2308314M82UCH1 RIMA_SIHITE,489,1,133980.0
2308315081187N TOKOSELALUDISKON,489,1,66990.0
23083159DUA10E MITASOPIE,489,1,32095.0
2309016YWA6QYS HALOTULLE,473,1,60291.0
2309029CXUNMCK RUBYWU2021,473,1,66990.0
230902AACD41VF NOVIANTISMG,473,1,66990.0
230903CMWJJE55 VIENCHE,473,1,26796.0
230903CYSNH1PG SWASTYANACINTYA,473,1,64597.0
230904D9E9PT8Q TINAPANGKEY,473,1,28710.0
230904EYD2HNG4 MARIAARDHATINA,473,1,26796.0
230904FA0XAE3V JULIECHRISTIE,473,1,62205.0
230905FSRU0U59 ARGAS7,473,1,57420.0
230905HSRTJMD9 AGUNGDEWA3103,473,1,23925.0
230906KCBHBP5H NICKOA_,473,1,66990.0
230906KWCN2G0A BERNIKE.IMANUEL,473,1,19140.0
230907P335S7FH F4XNBYHJUP,473,1,62205.0
230907P5BM7VW2 MARMAR85,473,1,76560.0
230907PAEABJT1 AELISASIAHAAN18,473,1,93786.0
230907PDA7ENYS DEVANTITARIGAN,473,1,95700.0
230908RFVXCXA7 JELYYYYYYTA,473,1,66990.0
230908RP6RN4QY PISKAWANG,473,1,62905.0
230908RSPC6EPT SAYANGNCTZEN168,473,1,36366.0
230908RYBMDGE2 NUELGUNNERTAMBUNAN,473,1,129195.0
230908S2Y3VNYP KEZIANADELLA0,473,1,59334.0
230908SBGPP8QD SRY_ZILIWU25,473,1,26796.0
230909SY38NE7C CLEMENT12_,473,1,95700.0
230909TP3DD2WY SANDYEPAFRAS,473,1,57420.0
230909TUD3MTM1 RITANOVITASITIO,473,1,62205.0
230909U986V32R MIMINHERMIN391,473,1,95700.0
230909UCHH5GK3 CHRISTINAEVYDAINAANAKAMPUN,473,1,62205.0
230909UHEF5KXR KARINAHEND,473,1,23925.0
230909UQKQH5C9 JAMESDOHONA,473,1,62205.0
230909V2XYVG95 IRAIMELIA,473,1,62205.0
2309112YFW0BM4 SORIAAMOREIZA,473,1,66990.0
2309112YN5VBXJ SORIAAMOREIZA,473,1,66990.0
230911373142AT OKTIRETNANINGRUM,473,1,51678.0
2309113BGQVDX4 AYYOHA,473,1,62205.0
2309113G2CFPMD LIEDYAHKENCANASARI,473,1,66990.0
2309113HK1SCW2 84P8HQUAE5RXPB5ST_NH0YZABLF9,473,1,172260.0
2309113N7DW0E3 NN.NUGRAENI,473,1,76560.0
23091268G3TCX8 MAYA.LATU,473,1,81345.0
2309138462WS89 LUSIIII.MMMM,473,1,62205.0
230914B6UGW7XA BONAHUTAPEA11,459,1,62205.0
230915DCG3NVK9 JULIA_CLARA,471,1,66990.0
230916GT8D273Q DERILNATHALIAA,459,1,81345.0
230917K34XAFSY GERDAMATHILDA,459,1,66990.0
230918MVVR1M08 IKE151102,459,1,95700.0
230919PWBR87GS THEVALA,459,1,95700.0
230919QAR0GH02 POPPY_FEBRINA,470,1,23925.0
230919QXNP9SJC BERTINA201,459,1,57420.0
230920RCTK9Q90 TABITAKARISMA,459,1,95700.0
230920SS9JA3M7 CHERRY_YURIKA,459,1,62205.0
230920T9GYWGH2 RITA.TRIANA.P,459,1,28710.0
230920TV0Q5NH0 RILLA110893,459,1,77517.0
230921V31XBB0C MELINDASULISTIANI,459,1,76560.0
230921VS44HXN7 LINFRIDA,459,1,20097.0
23092220TP9XGU DESIANDREIAS,459,1,23925.0
2309222N4H4ANU SUSANNAERIKA,459,1,107184.0
2309222P86PRGS ANDERIASLALOMERE,459,1,66990.0
2309232XTYJ6F8 JATINENDRAYS,459,1,62205.0
2309246PEKQF73 EKA_DINAR,459,1,62205.0
2309247GH8CP93 RILLY2830,459,1,60291.0
2309247NK8JXGS MILOPOLAROID,459,1,66990.0
2309258UND2N3D ARIMDT,459,1,143550.0
230925A3T6U4U9 IVANASUGIARTO,459,1,26796.0
230925A9EGM8T4 BRONDEST79,459,1,71775.0
230926BNF151YD K***Y,459,1,71775.0
230926C1TT08S0 KANG_TEGUH.H,459,1,66990.0
230926C2TMEY29 PAULACHRIST03,459,1,69597.5
230926CAWRPFYP ZELINAOEI,459,1,66990.0
230927D8M94C47 FANNISIAWANDA,459,1,66990.0
230927E7AM5S9P PAMEILYAAA,459,1,95700.0
230927EWR9KQ1D MIKHA_JAYA,459,1,52635.0
230927F2PX1GXD MOUDYSARUMPAET,459,1,102399.0
230928G4MP8T2V JOEALBERTIAN_,459,2,0.0
230928GMF43NMJ DHANS_ARIANA,459,1,119625.0
230929JSU90JXE FELINA13,459,1,25839.0
230929KABW83XH ADEASTALIA,459,1,57420.0
230930NXN1SG3E TIMDARREL.,459,1,84216.0
230930P16H22PH HANESTYAYULILININGTYAS,459,1,57420.0
231002STWWXJAJ,437,1,62205.0
231002UWPRCF9T,437,1,76560.0
231002UXU4VB66,437,1,114840.0
23100308KD5FW2,437,1,62205.0
23100317GBTEYD,437,1,66990.0
2310041CYXXBUP,437,1,62205.0
2310042A4SUQFW,437,1,23925.0
2310043NA8G9E6,437,1,20097.0
2310043TK236G6 TIMOTAMPU16,437,1,70000.0
23100554WPCH6J,437,1,62205.0
23100556N0DG99,437,1,71775.0
23100670GQ1SC5,437,1,71775.0
2310067B01TQEP,437,1,71775.0
2310067SAYFMS8,437,1,71775.0
2310067VFKYXF8,437,1,26796.0
2310068WH1A58X,437,1,71775.0
2310079MBTDAEW,437,1,23925.0
231007AE8QU294,437,1,62205.0
231007AJS79ATP,437,1,71775.0
231007B6CF9SUU,437,1,1794375.0
231008C9HHEK7D,437,1,114840.0
231008CQNVA6GM,437,1,62205.0
231008DF4GFMSN,437,1,71775.0
231008DKPU0WH9,437,1,71775.0
231008DS9K4JRQ,437,1,71775.0
231009EX77DTEE,437,1,62205.0
231010HKTVRVUQ,437,1,57420.0
231010HMSH65D2,437,1,57420.0
231010HU4X00S4,437,1,25839.0
231010J0GBJ7W9,437,1,23925.0
231010J3VCMKHB,437,1,114840.0
231010J7K0867J,437,1,66990.0
231010J849B5NU,437,1,93786.0
231010JWVBAU07,437,1,66990.0
231011K2EMWR62,437,1,51678.0
231011NA5YY663,437,1,26796.0
231011NE1UDQB4,437,1,71775.0
231012NH7N67FG,437,1,191400.0
231012QP2PQ6YP,437,1,66990.0
231012QXNT1RSK,437,1,155034.0
231013RYU0FR02,437,1,62205.0
231013S3Q6G3KD,437,1,187572.0
231013S8QH7BY9,437,1,133980.0
231014VBSDUVV2,437,1,71775.0
2310150RFEEQMX,437,1,26796.0
23101523PBQXSM,437,1,229680.0
2310163R2RWW6W,437,1,66990.0
2310163T39JHR3,437,1,62205.0
231016493G4T6W,437,1,76560.0
2310164QA4FDS5,437,1,47850.0
231017687SR3NB,437,1,76560.0
2310176M8ESYUV,437,1,76560.0
2310176M9WHMGV,437,1,76560.0
2310176METUV6P,437,1,76560.0
2310176P11TU2S,437,1,62205.0
2310176VD5JJ4P,437,1,186615.0
231017713NKK46,437,1,62205.0
23101776MRAKK8,437,1,62205.0
2310177C5PB2UR,437,1,62205.0
2310187G4WH821,437,1,62205.0
2310188E7QX86S,437,1,186615.0
2310188EFRF02V,437,1,62205.0
2310188QB7TN2E,437,1,62205.0
2310188R04BYR8,437,1,62205.0
2310188TX62H76,437,1,62205.0
2310188WT461DT,437,1,62205.0
2310188XYD879X,437,1,62205.0
23101896K2FTQT,437,1,62205.0
23101896RTJ7QV,437,1,62205.0
23101896Y4QF6N,437,1,62205.0
2310189K0T80SU,437,1,62205.0
2310189QTCGCU2,437,1,62205.0
2310189W1RC8QD,437,1,93786.0
2310189XXW9PMJ,437,1,62205.0
231018A02SFUAU,437,1,62205.0
231019BBEQ3MWX,437,1,124410.0
231019BPNXPH0P,437,1,62205.0
231019BQ2QSYEP,437,1,62205.0
231019BR6TP8FB,437,1,62205.0
231019BVVF3GY3,437,1,124410.0
231019CAHSAQ4H,437,1,62205.0
231019CG6TUG9W,437,1,62205.0
231020DEXRCW13,437,1,62205.0
231020DGX4WBP3,437,1,62205.0
231020DK2DT6ER,437,1,62205.0
231020DM6A1F3W,437,1,124410.0
231020DNPAAKEP,437,1,62205.0
231020DVW0RM4N,437,1,62205.0
231020E9MUTD95,437,1,62205.0
231020ECTB0WDT,437,1,62205.0
231020EN4N49GU,437,1,62205.0
231020EPNTKDTR,437,1,62205.0
231020EQAR5534,437,1,62205.0
231020ESTCAC96,437,1,62205.0
231021GVJ79WSC,437,1,62205.0
231021GY9477KX,437,1,62205.0
231021H7HG81UR,437,1,62205.0
231021H9KEQQFG,437,1,62205.0
231022JC5XRY86,437,1,65000.0
231022KXME4YS0,437,1,62205.0
231023N0RV1EE1,437,1,62205.0
231023NDY7HFM7,437,1,62205.0
231023NVT3DHQT,437,1,62205.0
231023NVTB1YC0,437,1,47850.0
231024RCSRKVC9,417,1,62205.0
231024RUUY1YNW SHOPEE,436,1,62205.0
231025S4EVPXHD,417,1,62205.0
231025S65DVJ6G,417,1,62205.0
231025S7EKW2N7,417,1,62205.0
231025SCBB94TC,417,1,62205.0
231025SVPE5S52,417,1,62205.0
231025T3EBFEK7,436,1,124410.0
231025T5KSGSVW,417,1,62205.0
231025T6NPVEJH,417,1,62205.0
231025TG1TCB87,417,1,23925.0
231025TJYPFAQ9,436,1,62205.0
231025U2N9Q2NE,429,1,62205.0
231025UHKAPFVS,429,1,81345.0
23102606H9U2W7,417,1,93786.0
2310260U6PS04C,413,1,62205.0
2310260V32QEQY,417,1,186615.0
231026UNDGR5AG,417,1,27000.0
231026UPSRX5HB,417,1,62205.0
231026VEDG61H8,436,1,62205.0
231026W1K86HHY,417,1,62205.0
2310272KCJ6CF0,417,1,62205.0
2310284EA46K4B,417,1,64598.0
2310284KHFXHHG,417,1,311025.0
2310284S7UGCCE,417,1,62205.0
2310284TSWR46T,417,1,62205.0
2310285HFHRT66,417,1,62205.0
2310285NFX5EWP,417,1,23925.0
2310297XSNUN23,417,1,26796.0
2310309HU8NEK0,417,1,62205.0
2310309TGR7AGP,417,1,40194.0
231030A2DUUPAK,417,1,62205.0
231030A6M9U223,417,1,57420.0
231030AQDNGJ6S,417,1,93786.0
231030AS927BRY,417,1,62205.0
231030B07352S7,417,1,38280.0
231031D2742QW4,417,1,84216.0
231031D57M3YSQ,417,1,124410.0
231031DDQM7H16,417,1,62205.0
231031DHP4NJMA,417,1,114840.0
231031DJYSTCUF,417,1,57420.0
231101EV0BHMQ6,409,1,51678.0
231101F4Y103U2,409,1,40194.0
231102GUUQBEK5 YOSKANAAN,405,1,76560.0
231102H4BQH2HQ NATASHAWINATA96,405,1,76560.0
231102HA919FDT ROMYIM,405,1,76160.0
231102HH12D578 SRY_ZILIWU25,405,1,71775.0
231102HRA6Y4B7 ERNA_OSIR,405,1,62205.0
231103KBCWWKH2 ROHANITAMBUNAN,405,1,71775.0
231104Q05MF91G SUSIANA.11,405,1,62205.0
231105SD4UHJBC SEMI9_JOH,405,1,114840.0
231105SJPRYK38 WUT_SUP,405,1,62205.0
231106VAF4JX4J SURYA.KWOK,405,1,28710.0
2311070BV86XDH DUNIACERMIN_,405,1,66990.0
23110714U58PVP CK.STTAA,405,1,76710.0
23110833DPG4G3 DEARSTANLY,405,1,66990.0
23110833YQDW89 DEARSTANLY,405,1,23925.0
2311083HPWR5GC JOSEPHKA2019,405,1,60291.0
2311095WAMJ7H5 VALENTINARISNAWATI,405,1,81345.0
2311109874HB6M HEINTJESONY12,405,1,19992.0
2311109DFY5QCC SARAPIAYII,405,1,76560.0
2311109DKV3SKU U7UZIVKS58,405,1,76560.0
2311109JR3PWAH BENTIMOTHY909,405,1,114840.0
2311119RCDHR5S FEBRUARIJUSTIO,405,1,28710.0
231111A9QQAFHU S.GEETIN,405,1,76560.0
231111AEABDQB3 ARISAFP,405,1,28710.0
231111AGV3A92M EUNIKEATARA,405,1,57420.0
231111AHCA3FBS PSAGUSWAHYUDI,405,1,28710.0
231111AM5MANDM YENASURJANA,405,1,133980.0
231111AW8F4EUB JENNZENN,405,1,62205.0
231111B57RB4HG ANWARRUS1017,405,1,133980.0
231111BCQ9XN9J MERCYFERDY,405,1,62205.0
231111BNRSXCUH YAKOBUSKRISTIYONO,405,1,76560.0
231111BTGMWH38 FEBRUARIJUSTIO,405,1,38280.0
231111BY76XFK4 AOVIA_011,405,1,61880.0
231112D8U5ECF7 DEWISANTA27,405,1,62205.0
231112DF7DYJCT SUSAN101274,405,1,76560.0
231112DFWGNH1F VANIACHRST,405,1,361760.0
231112E0TR8YCC SELALU1212,405,1,62205.0
231112EFC209C5 DAO.QIANG,405,1,76560.0
231113G8EHV3MC ERNA_OSIR,405,1,124410.0
231113GX3KGVAU BENTIMOTHY909,405,1,28710.0
231114J5B136UA CAROLINEFY,405,1,95700.0
231114JHF1XPY5 LYDIATAGOR,405,1,28710.0
231116QP7M34Y2 NATALIASUSETIO,405,1,23800.0
231116QQDK41W0 RANISIANIPAR_,405,1,81345.0
231116QWTVW43J TIRTAANGELA,405,1,71400.0
231117RWN44RHS,409,1,95700.0
231117SD1QDBVH,409,1,28710.0
231117SFAYHMGD,409,1,28710.0
231117T3WD3PG8,409,1,153120.0
231117T44MVKJW,409,1,373230.0
231117T60V80YS,409,1,28710.0
231117T846KYFF,409,1,64690.0
231117TUB7HRB6,409,1,143550.0
2311191Y22AX7T,409,2,0.0
2311192944KT0J,409,1,81345.0
2311192JPAPUAA,409,1,71775.0
2311192S6XDMTU,409,1,43065.0
23112049SKTPHH,409,1,38280.0
23112049X6KYPY,409,1,84216.0
2311204NDYYW9G,409,1,76560.0
2311204UKKS156,409,1,62205.0
23112054HEFJPV,409,1,64597.0
231120561PEDBY,409,2,-30464.0
2311205JH4JRMD,409,1,76560.0
2311215P7VVYD8,409,1,114840.0
2311215TVC4HJ8,409,1,62205.0
2311229BFEDB4J,398,1,57420.0
2311229CSC7S4K,398,1,76560.0
231122A0E3UXBW,398,1,26796.0
231122A1PTJYAH,398,1,62205.0
231122A9H3MAQG,398,1,84215.0
231123BKQ60P3G,398,1,153120.0
231123CQV5FXDS,398,1,93786.0
231123CVGJTEM9,398,1,26796.0
231124EWQMNR31,398,1,23925.0
231124EYYC3WNU,398,1,57420.0
231125HRMGY228,398,1,57420.0
231125HTMQ57BE,398,1,23925.0
231125HW538XAB,398,1,23925.0
231125J4MBA34Y,398,1,26317.0
231126JK6BY11H,398,1,57420.0
231127NT9CU1CR,398,1,57420.0
231127NYB86FBQ,398,1,36366.0
231128RMTAPYFG,398,1,62205.0
231128RPSXU2TK,398,1,95700.0
231128S69281PX,398,1,315804.0
231129TXMD2KE1,398,1,62205.0
231129V3CY57EJ,398,1,46893.0
23113002D3DC3D,398,1,26317.0
23113011R651HF,398,1,57420.0
2311301DR1H42S,398,1,26796.0
2311301HFU7EXB,398,1,95700.0
23120135V4K8KY,375,1,38280.0
23120146S8JUFB,375,1,38280.0
231202480T1XD2,375,1,23925.0
231202538TKBCK,375,1,23925.0
2312025N1PCD1X,375,1,38280.0
2312025P41X9P7,375,1,62205.0
2312026MJVK1G0,375,1,71775.0
2312036R3HFKPJ,395,1,62205.0
23120394HN4TCG,375,1,25839.0
231204A3ATT5TQ,375,1,114840.0
231204AB7Y98HM,375,1,59334.0
231204AHBRX71T,375,1,52635.0
231204AHPQWDGU,375,1,71775.0
231204AQHFJND3,375,1,71775.0
231204B8S8W72T,375,1,2612610.0
231205CTH6B50T,375,1,62205.0
231205CTPXCEGP,375,1,38280.0
231205D1GQVFUQ,375,1,62205.0
231208KGTRP6BW,375,1,26796.0
231208M8NVGG2R,375,1,76560.0
231208MEKMHCWQ SHOPEE,367,1,574200.0
231210SWAX8MJ7,375,1,90915.0
2312120D30UVEC,375,1,64597.0
2312120G8XE0YK,375,1,49764.0
2312120XKDT3CH,375,1,49764.0
23121212TJNVXC,375,1,49764.0
23121214EA86YY,375,1,91872.0
23121215XH9GSE,375,1,16269.0
2312121BPBKJ0B,375,1,49764.0
2312121U2EMUVQ,375,1,49764.0
2312122ESGP8HQ,375,1,49764.0
2312122MNAQ9VR,375,1,19140.0
2312122PKJ2NF1,375,1,61248.0
2312122Q8BPH9P,375,1,53831.0
23121345P54654,375,1,90915.0
23121346DC10C1,375,1,62205.0
23121348QGSK3M,375,1,90915.0
231213492RB7JQ,375,1,90915.0
2312134EFW4QUW,375,1,66990.0
2312134HT41VTK,375,1,90915.0
2312146A7CVYJJ,375,1,90915.0
23121599YSHCXP,375,1,545490.0
231216BTB99G4V,375,1,545490.0
231217D06AT06W,375,1,57420.0
231217E8E4WTVR,375,1,42061.0
231217EW0WXHXR,375,1,84216.0
231218FDU934MW,375,1,382800.0
231218GVYGM07A,375,1,95700.0
231218H898BQ3X,375,1,57420.0
231218HCCVRD6U,375,1,95700.0
231218HRE03417,375,1,26796.0
231219JTUX7KH9 VALENTINARISNAWATI,367,1,26796.0
231219KDQ4JT8U YUSTINNAHIDAYAT,367,1,76600.0
231219KHPDQQYC SYLVIATELEHALA,367,1,76600.0
231219KM8AEMCD 73IWANH,367,1,76600.0
231219KP521M78 VD3J1T26TJ,367,1,459600.0
231219KRE5D34G SURYA.KWOK,367,1,76600.0
231219M6FJSV8T TAN_CHRISTIN,367,1,153200.0
231219M88P16AR JANFRIDOSIAHAAN,367,1,19100.0
231220NHP8GKEJ LESTARIKOLEKSI,367,1,81345.0
231220NXKBDPVJ NG_ELLEN22,367,1,76600.0
231221RB5DW1VU I9N2ZPKWFJ,367,1,76600.0
231222TAA4VJM7 SHADYAPELES,367,1,76560.0
231222UUPK41UC IRENEINGECH,367,1,76600.0
231223082R1JYP JENIFER.L,367,1,62205.0
231223V0UEVY77 GLORIAPAPENE15,367,1,71775.0
2312242H529G16 JOSH1901,367,1,76600.0
2312242T18HK68 RICKABARUS,375,1,71775.0
2312242TX9DK2C JOJO1208,367,1,76600.0
2312243059S0PN PUTRIINEANDALIA,367,1,19140.0
23122558NJ46HM EUNIKE.SAN,367,1,76600.0
231226770JWUHG VALEN_VN,367,1,47850.0
2312268PQR223F HAD3RRQU1W,367,1,76600.0
2312268QV5EU0M VANLANDAOFFICIAL,367,1,84216.0
2312279TYJ8SY1 BUNNIE.TO.RABBIT,367,1,76600.0
231227A5J217HN DESRITAANDELINA,367,1,81345.0
231227A6JHHNYG ELVINAACC,367,1,81345.0
231227BCJWU1K6 KASWADISETYABUDI,367,1,57420.0
231228BE1EFYW9 KASWADISETYABUDI,367,1,57420.0
231228BG0WUCR9 KASWADISETYABUDI,367,1,114840.0
231228DER0VV1Y MEILANYD,367,1,153200.0
231228DT2VTHGJ ELLIENZY,367,1,19100.0
231229F4B13B3G HORASMANMUNTHE,367,1,71775.0
231229FAT62SD6 ELLEN_LELE12,367,1,76600.0
231229GAAAXUYM ANGELAR88,367,1,76600.0
231229GB7JH0PQ JETROARCHENIUS,367,1,114840.0
231230HPM352E7 ERVIBEDANDBATH,367,1,62205.0
231230HS1U8PNG TASYADEBORASIMANJUNTAK,367,1,62205.0
231230HTUR8HQT NWIDIADA,367,1,76600.0
231230JKEM4A3Y XKONSCAPT7,367,1,19100.0
231230JU4KS7WP HADASA82,367,1,76600.0
231231KQG08CSQ E90MXGLY5G,367,1,71775.0
231231M2B5KUY5 CJOHANDI,367,1,76600.0
231231MX2XNN6D BMASTER7,367,1,76600.0
231231N2RBDDX6 WS5120,367,1,66990.0
240101PQ5Q2Q3G,346,1,76200.0
240101QPDNMXBY,346,1,61230.0
240101QR44XUEC,346,1,18000.0
240101QWAWRH0C HAVILLA20,346,1,122460.0
240102R7W06PN9 JOE_141076,346,1,77200.0
240102RSV2AG8F POWERPUFFGALZ,346,1,76200.0
240102S1GHB97E SANDINGANROSO,346,1,19100.0
240102S89D80TH FANG2FANNY,346,1,263760.0
240102S8SCC727 MAAHURY.NN,346,1,62205.0
240102SHR0T81X DEVIRAYULISIAHAAN,346,1,79128.0
240102SRRX6T8Y MARLENSEBA,346,1,78000.0
240102STD190CD NOVIANANURTANIO,346,1,18000.0
240103TG391U5S TABITAKARISMA,346,1,113040.0
240103UM2S54B4 MAYLANI_CUTE,346,1,56520.0
240103V28973FH TERIMAKEJORA,346,1,76200.0
240103V4X8JYTK DIANKANSIL,346,1,18000.0
2401040YXW79AH DANIELSETIAWANLAY,346,1,94200.0
24010418G96RBE BETHZAM13,346,1,75360.0
24010418QF3C8E AIRINVALEDA,346,1,18000.0
2401041WMK0454 CHRISTINMARSELA,346,1,70650.0
240104W0B7B6UW RICKYPSPERMANASUGIARTO,346,1,152400.0
240104W23B5T7E LEXDRM,346,1,61230.0
2401053VM8RV9R GLORIADANIELAPASARIBU88,346,1,113040.0
2401054VYFKKDF CAROLINAGITAP7,346,1,61230.0
2401065VMTCASR SARPINSIMSON,346,1,47100.0
24010666PAMST6 JWANG123,346,1,94200.0
240106688NBXNG EVISITORUS10,346,1,94200.0
24010670XS86M5 RNINTYAS,346,1,94200.0
2401078CN3N64S INDAHATIKASARI,346,1,94200.0
240108A5WED851 ALIET_ARIOLIETHA,346,1,61230.0
240108C3RYBR73 ALEXANDMELIALA,346,1,56520.0
240109DXQ2FUT6 JOEBAPTISIAARIEL,346,1,113040.0
240110FWKJ8UMB BRAVOAEZEREEL,346,1,61230.0
240110GJXS63FX 5QZGVLKZQ3,346,1,98910.0
240110H5QCMVSM TOMMYSETIAWANNT,346,1,113040.0
240110H8SNUM5H ARTBYSISCA,346,1,80070.0
240111JS7NER53 NOFRAPURBA,346,1,23550.0
240111K3326VV6 PRISKILIAN,346,1,94200.0
240111KGUJGT2V BROFREECSS,346,1,61230.0
240111KT5CGJRS GMGM07,346,1,61230.0
240112MWHX1WCB OENY07,346,1,61230.0
240112NG2D3N9E SAMDUPO,346,1,84780.0
240112P17MC6RQ YUDISUHANDRA,346,1,84780.0
240112P3RR87S4 SIMON_CHANDRA.24HO,346,1,86130.0
240112PCARCH25 FLAUDIE,346,1,94200.0
240113QQWUS0NG RAINBOU,346,1,63076.0
240114T81SA88V ARGAS7,346,1,84780.0
240114U655TW24 GISELLABELLA14,346,1,70650.0
2401150A3K7NUH ALBERTACINDYCG,346,1,61230.0
2401150R957FDJ BUDIMANCHANG459,346,1,84780.0
2401150WUY6J3S PRIATNOKEVIN,346,1,95000.0
240115VHAJFFC2 FERNANDOTULUS,346,1,84780.0
240115VYN2U3UT PEDET_25,346,1,75360.0
24011625GVRNCH EVELYN_PXQ,346,1,94200.0
2401162FSD4C8C CHRIS_HARI,346,1,188400.0
2401162M4E2EQ2 HENRY.MONGKAU,346,1,84780.0
2401163DAC85H3 VALENCIAAGATHAN,346,1,84780.0
2401174WM7BQA9 SHOPEE,346,1,80070.0
24011758VCFPG4 SHOPEE,346,1,80070.0
2401175HV5410M VALENCIAAGATHAN,336,1,94200.0
2401175RVHBDYN SHOPEE,348,1,61230.0
2401175XFE8HF2 SHOPEE,346,1,94200.0
240118775DEVJT FILECIASHEES,336,1,23550.0
2401188DBA38DC SHOPEE,346,1,94200.0
240119A1BUNF37 ANGELONTOH,336,1,70650.0
240121EG157MPD ZMC1206,336,1,61230.0
240121F0WQWHRY SHELEN0409,336,1,61230.0
240122J3UD4RF7 YOSUAMASSARO,336,1,35796.0
240122J7S1RYQ5 YOSUAMASSARO,336,1,61230.0
240122JBS1UN5W HIZKA12,336,1,94200.0
240122JDGYUF7V IVANDWIGHT,336,1,61230.0
240123JNARNKP4 GRACEPUTRIINDAHSARI,336,1,94200.0
240123KP62FW1N SHELEN0409,336,1,75360.0
240123KS4DSY19 MIKHASTUTI15,336,1,25434.0
240123MJ0AKDE9 MIKHASTUTI15,336,1,25434.0
240123MPBXH681 MARTHASIMAMORA23,336,1,61230.0
240123MUYP5HKS RUBYBEARR,336,1,56520.0
240124P0KGNTHP MEDIKAAA_GRAHAYANI11,336,1,244920.0
240124PBW3JU08 JOJO1208,336,1,70650.0
240125RJ2M3SAP JEJE10293,336,1,94200.0
240125S85YH3KN LUCIA_SIANIPAR,336,1,61230.0
240125SCMWB8S4 TV_SPE9MP5,336,1,122460.0
240125SM98JBB9 SHARISIANTURI,336,1,61230.0
240125SVKV33R1 LYDIA_AAY,336,1,80070.0
240126U9QNSM3T PRISKILIAN,336,1,94200.0
240126UNJ8ACDA MIKHASTUTI15,336,1,25434.0
2401270SPV4976 LOISANGELINA,336,1,70650.0
2401271J9M5RMM JOHNHUT204,336,1,87000.0
2401283EEWDYNE LOISANGELINA,336,1,75360.0
2401283EVDF00F JOHNHUT204,336,1,23550.0
24012847CBUQ0R SHANGKOT_MARBUN,336,1,64056.0
24012848KKUDJX MAYLINMARPAUNG,336,1,23550.0
2401295KKG3R40 EP_PETRUS,336,1,80540.0
2401295RV4282A RUBYWU2021,336,1,73476.0
2401295WADUAPQ CURATED.BY.LING,336,1,53900.0
24012962J9VJEX ERNA_OSIR,336,1,61230.0
2401296M1JHQ7R W7OP1HB67_,336,1,25434.0
240130814KE3B4 NATALSITORUS24,336,1,23550.0
24013086P8A7E1 NA11GUSTINA,336,1,61230.0
240130897TFTKH HERMANTOBUN29,336,1,87000.0
2401308X4WERVA CHRISTZEFANYA,336,1,80540.0
2401309GSUHF8Y YUDITHAAAA,336,1,80070.0
240131AY4C32FF SYLVIEJUKIMAN,336,1,65940.0
240131B3UMWAY6 AGNES_INDRIYANI12 AGNES_INDRIYANI12,336,1,61230.0
240131B6S2P6QB HARRISWIBISONO,336,1,22550.0
240131BJKSX2QD KARMILAMANATAR,336,1,61230.0
240131BP9UF2QT TO_MANGLAA,336,1,113040.0
240201C4V3PC8B KEZIAGABRIELLAY_,336,1,46000.0
240201D92PQBJN IMMA_KRST698,311,1,56520.0
240202FG1PM8SA CHAROLINAPETRONELASARI,311,1,51100.0
240202FNUX5F5E 1FT57AIC0M,311,1,75360.0
240202FYF7FDAU I9N2ZPKWFJ,311,1,80540.0
240202FYNMHGB1 BONDANSATRIA,311,1,56520.0
240202G65CKTGM ATHIKATIPAPANGEDONGANPOHAN,311,1,87000.0
240202G9R2BAHG SCLRSYIFA,311,1,56520.0
240202GUHMXNJB WS5120,311,1,56520.0
240202H1CP6XHW THEEVARHESANDREA,311,1,122460.0
240203J5UK9XHU PRISCILLAESTHER529,311,1,56520.0
240203JCVY1KA9 VONNYEVELYNJINGGA,311,1,75360.0
240203JJGQKC2X SUPRIYANTOFREDDY,311,1,61230.0
240203JPMBWW4D HEFTYJUWITABUTAR_BUTAR,311,1,61230.0
240203K1BGJT9X BENTIMOTHY909,311,1,87000.0
240203K1S1HBKT ELISABETTT,311,1,47100.0
240203K7B4QSH0 ROMULUSARJUNA,311,1,61230.0
240203KBCFP0C8 ZIPPERZONE,311,1,55306.0
240204MTY2TFQM ELISABETKURNIAWATIBBM,311,1,87000.0
240205Q5M38G5M PALMPROJECT04,311,1,75360.0
240206SN4NVJ1R ABRAHAMWELLY,311,1,61230.0
240206TSAKYPJC ERICK1975RINALDI,311,1,24550.0
240208255FFS98 KRISTIANTYHOVA,311,1,63414.0
2402082TY185QW CHRISDAAM672,311,1,158256.0
2402082W23YK5B NATASIA9777,311,1,61230.0
2402082WV6DTQ1 DNYEL12,311,1,61230.0
24020936QNSQD8 ROSELINSIANTURI,311,1,51230.0
2402093796HHKH ENJELITASAMOSIR_08,311,1,61230.0
2402093RN77AT9 LEODANIELP,311,1,61230.0
2402094AJ4NV84 SETIAJIYOGA,311,1,61230.0
2402094GJGKPC6 IRENEWAHYUDI,311,1,61230.0
2402094KCB07AX GABRIELTIFF,311,1,94200.0
2402094V6EGX5V TERESAJUANDA24,311,1,61230.0
2402094WPW3X85 CATHALIAKG,311,1,122460.0
2402106RP2P2DA IRMA.30_,311,1,61230.0
2402107B5K6QAB RAMADANIARTO,311,1,61230.0
2402107M68HNU0 CASABLANCA24,311,1,61230.0
2402107N1RQE07 RICKYALEXANDERM,311,1,61230.0
2402107T7RR2HH LA.GRACESCENTS,311,1,61230.0
24021192FNPUGX TIAR_SHOP1,311,1,60230.0
240211A0CR2QBT CELSICELSI933,311,1,92316.0
240211AJP189XK EIMYSUSANTO660,311,1,61230.0
240211AKFWXEB9 ALLENSAPARI,311,1,61230.0
240212AP605WNC ZURISADAY,311,1,55520.0
240212BKPVEHM5 MELLYANA0310,311,1,61230.0
240212BWT4XB22 MARLENAARITAHANU,311,1,61230.0
240212CF9T0RWM AN7UHUT,311,1,61230.0
240213ED34DQ9A 7ESQDTTYYG,311,1,64056.0
240213FG70C446 RIAANASTASIA78,311,1,61230.0
240214H05KW6Q0 RIAANASTASIA78,311,1,26376.0
240214H2DJ4URF DANIEL.CHRISTIANTO.S,311,1,122460.0
240214H3AE7TTA MERSYSAKAN845,311,1,26376.0
240214H9Q08EMF DEVITAFEBIANTI,311,1,84780.0
240215JCH9632S RICKHANSEL,311,1,61230.0
240216MU0PAN9J DENNYFERNANDEZARYON,311,1,82896.0
240216NF3NUQPD INPU55,311,1,56520.0
240216NRWRMA8G FRITSJOHAN,311,1,61230.0
240216PAJA4R71 SURINI_ANG,311,1,59430.0
240216Q66DRP8Q BELLATOREH,311,1,65940.0
240217RW4QM6KB GILBERTCHRISTIAN501,311,1,66230.0
240217SN0R0G69 CHRISTINA_REZA,311,1,61230.0
240218TW1CDKRM DIAN_MAILINA,311,1,1130400.0
240218U8A2QPHA SILVANOY1807,311,1,61230.0
240218UEG8MQP9 SABETH29,311,1,56520.0
240218V3N4EU5R MWRNZEA,311,1,75360.0
240218V43M07GY DHUTAA.,311,1,61230.0
2402190GUU2CPQ YESSY_SAPUTRA,311,1,75360.0
2402190TKBSSMA TIRZA14.,311,1,70650.0
2402191GUW8CC4 MYCLYNJUNEDI,311,1,61230.0
2402191K414AE9 EP_PETRUS,311,1,80540.0
2402202K2GS0BX GABE1012,311,1,61230.0
2402202YD5AD1V SUSAN101274,311,1,61230.0
2402203CCHKGFX HERIPASALLI,311,1,61230.0
2402203DRJ6311 NORAVERAWATYSARAGIH,311,1,61230.0
2402203KUKXPMG SAN_FT,311,1,122460.0
2402203N1NU7GV WARANEYDIRKSIAHAAN,311,1,61230.0
2402203YFD2MRY EBIGAELJOVANKA,311,1,61230.0
24022146CS0PP7 HELENA_99,311,1,61230.0
24022149AN0NGH LORD_REED,311,1,61230.0
2402215XX4FPSK PASCALKURNIA54,311,1,70650.0
2402216E72D66G VICTORIATIO909,311,1,150720.0
2402227KT3BGA8 OMPALEDI,311,1,64056.0
24022290094037 LOISANGELINA,311,1,70650.0
240223BCAX5H1E MARIAASONDANGTS,311,1,65940.0
240223BDQB4PG3 HENNYHADI07,311,1,65940.0
240224DTRXJ6F1 ANISANTIKA74,311,1,61230.0
240225EEKTND3J BOENS.COMP,311,1,56520.0
240225F9AVK0BV ENOHDANANG,311,1,70650.0
240225FQVCXMAW ESTHERYUNICHA,311,1,70650.0
240225G5XAHS94 HANNAGRACIA_,311,1,61230.0
240225GA9H6YEX JOSH1901,311,1,94200.0
240225GN38SUDM DNYEL12,311,1,65940.0
240226J5YK3JR3 ANISANTIKA74,311,1,65940.0
240226K17TATMU KETIKDONG,311,1,70650.0
240226K20PNDMX NADIANATASHAGNW21,311,1,61230.0
240226K2310QV6 EP_PETRUS,311,1,70650.0
240227MHEWPENA JOSH1901,311,1,94200.0
240227N520WP3T 5QZGVLKZQ3,311,1,70650.0
240228PHF8NP1G DEBORATIUR,311,1,56520.0
240228QHGVC25Q GRACEMEELIANA,308,1,70650.0
240229S6P5UN0D FLORENCIAVONIKE,307,1,65940.0
240229SGR85TT2 JAYASILALAHI602,307,1,75360.0
24030103F97QN5 NE89CDW1CG,283,1,65940.0
240301TW6AP3B0 DAO.QIANG,307,1,70650.0
240301V0Y55367 WILLYG7,283,1,65940.0
240301VBSET1PJ GURNING_SANTRI,283,1,65940.0
240301VY9ETYT8 JOUBERTKOROH64,283,1,42390.0
2403021AMTQKX3 HUANGSOMAH,283,1,131880.0
2403021AW4S0EB 8HRGF8AE8AN3WS4STTPG96TULP83,283,1,65940.0
2403021CJCYSWP ROVALDO97,283,1,65940.0
2403021E6UEK3N KEZIAROSIANA14,283,1,56520.0
240302222R1BQ0 4CIAKOOBV6,283,1,56520.0
24030223VUN69P MARTARIA07,283,1,94200.0
2403022K8P4TWT SARANSIHOMBING,283,1,65940.0
2403033KCKCKCU I9N2ZPKWFJ,283,1,65940.0
2403033MADXPN1 VIANTY1203,283,1,84780.0
2403033P9JTGQ1 BERTONSIAHAAN91,283,1,65940.0
2403033QT4AV0P PHELARIESSA,283,1,94200.0
2403033RHF3CHT XCIFBKLAXB,283,1,61230.0
240303406BEPM9 KARTIKAWULANDARI8,283,1,56520.0
2403034QXU7KQT EZRAAP2304,283,1,61230.0
2403034XNW04E3 ALBERTLI75,283,1,65940.0
2403034YU090W6 EVANBUTAR01,283,1,70650.0
24030353QA40TD SISKAHYUN94,283,1,75360.0
24030353Y22S0F ANNA_M_P,283,1,47100.0
24030459D2J198 SHARRENTEOPHANIE,283,1,56520.0
2403045CG0Q23Y ZYR7TLD7E6,283,1,70650.0
24030467W58WJ4 LEEANNECRUZTA,283,1,65940.0
24030469Y5PBD5 STEFANNYLOIS,283,1,131880.0
2403046MXVW7T5 REGINADMK,283,1,70650.0
2403046P53G9XP A0IFAZSKPG,283,1,65940.0
24030476W68GWW MAGDALENAKAPU,283,1,65940.0
2403047HU82KSR CAROLINAEIRENE,283,1,65940.0
24030594UV88JB HARRISWIBISONO,283,1,70650.0
24030598Y560MR RNY89,178,2,146010.0
2403059A25R99B A0IFAZSKPG,283,1,80070.0
2403059BKC9BXC FERRY_AGAVE,283,1,25550.0
2403059BRJ7Q1R AGNESDENTIST,283,1,70650.0
2403059DVGMV9S KALALOGLADYS,283,1,197820.0
240305A370PQ85 TUKANGKERANG,283,1,113040.0
240305A3KG8HU6 LISBETSINAGA01,283,1,65940.0
240306ADBRWTA4 ERISCACA654,283,1,61230.0
240306BQHV7C1A PARAPATRONI,283,1,26376.0
240307E4RPGNEM FIDS22STORE,283,1,70650.0
240308GCRHDB3F RONALDTADISAYU,283,1,70650.0
240308GUPN5SKD YULIYBK,283,1,70650.0
240308HFN6J8EN RANIMANALU969,283,1,94200.0
240309KJAHERCD MAG.HUTAPEA,283,1,395640.0
240309M5RKF65P YOHANCHARLOTTE,283,1,70650.0
240310PACNW85P ALICELIO,283,1,51810.0
240311R7XTCX2G MON.PERFUME,283,1,103620.0
240312TGBH6W94 MARCELLIANO_KALITOUW,283,1,61230.0
240312TTWTDC6T CHRISTIAN1398,283,1,56520.0
240312UAVNBQ1Q RARRAS,283,1,26376.0
24031301P4237E EUNIKE.SAN,283,1,23550.0
24031305EGYT7X FENNIDWI3,283,1,92316.0
240313075351T7 YONATHAN_SITORUS,283,1,19782.0
24031316NS5HE3 YUSRISILAMBI123,283,1,84780.0
2403142C54T3FH HANASC98,283,1,61230.0
2403142E579BPE BERTAPANGGABEAN97,283,1,56520.0
2403142PE2GRSR TITUSTAILELEU,283,1,26376.0
2403143KXGG5P1 LOPHIA,283,1,25376.0
2403178UWBP5H8 REYNALDO1405,283,1,58404.0
2403179X38AE0X DNYEL12,283,1,94200.0
240317A9PPTQPY TASIASIRAMBAAA,283,1,141300.0
240317AS0VWCVS YENIHERY03,283,1,23550.0
240317B96AKEDT TEGARTAMTAMA,283,1,35796.0
240318DCBEXMJ2 ARTHAANAINGGOLAN,283,1,23550.0
240318DJBYNH3A NNAYOL,283,1,80070.0
240318DU3UJD64 LIVIADIFYANTY,283,1,131880.0
240319DYVP0GFP INTAN97PANGRIB,283,1,80070.0
240319E771QNG0 SINTYASANTIKA12,283,1,80070.0
240319EQH6304K ALANANAPITUPULU,283,1,80070.0
240319F4TD56JC S170992,283,1,107388.0
240319FE3RUTHT AGNESSH11_,283,1,80070.0
240319FEC8Q3RC GERARDTANIA,283,1,80070.0
240319FGB414BJ SINTHIAMSS,283,1,80070.0
240319FJF75H0F YANETHAHARIMISA,283,1,80070.0
240319FTB8BPG8 KEYYYAPRL,283,1,80070.0
240319G0TTP7MV FENNESSA,283,1,80070.0
240319G2T74FT2 EMACTPH0N,283,1,80070.0
240319G6YNP74M SAMSYAH,283,1,80070.0
240319G7AKPTXS ITAPAKASI,283,1,94200.0
240319G8KAEYEP WIN_DA297,283,1,80070.0
240320HKF6XTQ6 RINDYJUNEDI,283,1,127170.0
240320J238BJ40 RAYHOEMA,283,1,70650.0
240320J3JE28JG ESTERPUTRIDS,283,1,105504.0
240320J5VC51VT AYALON29,283,1,84780.0
240320J61E93D7 AYALON29,283,1,84780.0
240320J89EAPQ4 GISELAVELLY,283,1,80070.0
240320JAR32XXP ADEL3185,283,1,80070.0
240321KS5RPMCF PAULACHRIST03,283,1,70650.0
240321KSHEJQFN LOIS.A,283,1,51810.0
240321KU7U0SXN ANDREGLUCK,283,1,70650.0
240321M24MSKM3 JOCELINBELINDA,283,1,56520.0
240321MJD5KMBN RERIMNA07,283,1,92316.0
240321MPQ9X77M DIANRAHSYAM,283,1,80070.0
240321MRN3US6G ANGGRAENI_12,283,1,80070.0
240321MY18GXQ8 YUBELITADS,283,1,54636.0
240321N1EQ4HUD HAELYNNO,283,1,80070.0
240321N9UECCH8 ALEXAACALZ,283,1,80070.0
240322P1V2KCMT CHEYA_02,283,1,80070.0
240322PFUJ05K3 88_WQ2B2O9,283,1,56520.0
240322Q4CNKURW EBAGINTING,283,1,80070.0
240322QHEB9JN1 NOT4KNOWN,283,1,65940.0
240322QHVP28NT RICHELLE_LIANA24,283,1,80070.0
240323SBVDERY0 ANISANTIKA74,283,1,18840.0
240323T1QRBB40 SAPUTRASILITONGA499,283,1,54636.0
240324TFD4HFJ4 0ER3EI1SOJ,283,1,17782.0
240324TMAEVXGU A9WB1XN98Y,283,1,42390.0
240324UBQ374RK NATALIANGELA,283,1,23550.0
240324VRDKJCK7 NUELEVAN,283,1,70650.0
2403250T1T4TF8 CAROLSETIADI,283,1,54636.0
2403250TQJAE6P BELLSHECLOTH_ID,283,1,80070.0
24032514AK2JAS ILSMPLOVED,283,1,80070.0
240325161V4JUT FIONALINPEI,283,1,70650.0
24032519JABVJD LISBETSINAGA01,283,1,26376.0
2403251D9TJAFK YOHANESYOGI241,283,1,63114.0
2403251JK94E43 KSHOP.MANDU,283,1,80070.0
2403251PRUGET6 LIDYAESIMANJUNTAK150,283,1,56520.0
24032521C61M8Q BONITASITOHANG,283,1,85000.0
240325W06ERK5T JONATHANARLS,283,1,92316.0
2403262DYF5X92 NEW_NENNY,283,1,75360.0
2403262F2KJMD2 PATRICIAOPS07,283,1,80070.0
2403263RSFKQES SITORUS22,281,1,75360.0
2403264FM10AUU FRIRI.RUMINTJAP,277,1,80070.0
2403288D652PS5 100816AGUSTUS,276,1,54636.0
24032892GUWQ5M NILAWIYAN,276,1,80070.0
2403289CQXEFPV EIRENE22,276,1,80070.0
240329BBRX6GRX DNLIA,276,1,70650.0
240329BY5YRQPM VICTORIAFURNICENTERSPRINGBED,276,1,63114.0
240329C8UYW0UB SEPNITARUSSELL,276,1,56520.0
240330DNSHBDH5 HARDINADIVAANANDA,276,1,80070.0
240330EGGDGH55 TYASESTERLILYBELLE,276,1,113040.0
240331GTHWAT2S MARAJOSE513,276,1,51810.0
240331GYF5VAK8 AYYCHUU,275,1,54636.0
240331H163EMJE YOHANESANDIKURNIAWAN,277,1,47100.0
240331H41J8YJ7 DENNYTAN2019,249,1,47100.0
240331H55Q372M 7S7D_E6LQ8,276,1,70650.0
240331H9WD9M2B CH0C0HAZELNUT3,276,1,70650.0
240401HF0DWG6S DUMARIAMOYDE,249,1,80070.0
240401HFGX6U0B FRANSI_,276,1,54636.0
240401JKKXTKUM DEEE_SPHARM,271,1,23550.0
240401JPP0CQB2 A0IFAZSKPG,267,1,47100.0
240401JU4A6A7F CHANDRAHENRY67,249,1,47100.0
240401JX111PGY LINDAORMECEN,249,1,65940.0
240401K2M7AQBU EZRAGLENN,249,1,61230.0
240401K7WF5NJD ERNESTINSIANIPAR,249,1,56520.0
240401KGGAY7F5 ALDOJER,249,1,113040.0
240401KNK214JB LETTISIAAJOOBA,249,1,61230.0
240401KTS4V8PS GILBERTCHRISTIAN501,249,1,47100.0
240401KV0W1DA6 BUDIMANCHANG459,249,1,47100.0
240402MUPS0RUQ 23HRNY,249,1,75360.0
240402P15NDBVT NOVA02GINTING,249,1,70650.0
240402PCDWE5UQ ANTONIUSDP,240,2,53820.0
240403QFFKUY1K NATHANDANNY,249,1,329700.0
240403QT2RNNMJ RICKHANSEL,249,1,47100.0
240403R5YMN5A6 JENNIFEN13,249,1,94200.0
240403RGGX9TEH POPOROPO,249,1,47100.0
240403RPMDDSAF EWN30,249,1,70650.0
240403RWT3D2E5 HANNAHARIANJA07,249,1,61230.0
240404S40KUY6A OWENRS,249,1,94200.0
240404T4SVT2AN DEEE_SPHARM,249,1,73476.0
240404T9TRQ2GF PUTRISAGALA.PS3,249,1,70650.0
240404TE3BDQBU HINGO1,249,1,26550.0
240404TGG7XK61 VEBYPRIANDANI,249,1,47100.0
240404TJ8YPTN7 GITAKERINATARIGAN,249,1,56520.0
240404TQ711XXR DOHOT90,249,1,47100.0
240404U0B6VTPH BEAUTYSTORE16,249,1,47100.0
240404U3VRC968 9KK12PVD1Z,249,2,47100.0
240404U64W5VT4 DHYTATERESA20,249,1,70650.0
240404UA45BUP5 TALITAPADANG,249,1,47100.0
240404UBFTHG4V TILVANTI_NTORE,249,1,188400.0
240404UCCSGHWU CIPTODIWIKO051,249,1,47100.0
240404UD24CEFR WTSS1899,249,1,47100.0
240404UEF0JAUA EP_PETRUS,249,1,141300.0
240404UF2DDDUT RONALDDANIELLUWIS,249,1,47100.0
240404UG1ACNFR DANIELPW65,249,1,141300.0
2404050FJEDSPE ELZAMARLINA230301_,249,1,47100.0
2404050M33JQSN EMMA10,249,1,84780.0
240405VWWWGN6H YUNIKE921,249,1,56520.0
2404061B4TS7J4 MEGAH_ALIM,249,1,70650.0
240406217N43T6 JULIVESIANIA2902,249,1,94200.0
2404062D2VKWCQ ARGAMARSELT15,249,1,61230.0
2404062ENKT276 SONSONYA,249,1,80070.0
2404074R39CCJA KARINAHEND,249,1,23550.0
2404087V6PTNHJ GRACEAGAVE,249,1,23550.0
24040889V5VPDH FIDEK9898,249,1,94200.0
240409A701M2U4 DEBORADEBORA567,249,1,65940.0
240409AD8SGKVE TANIAVERONIKA99,249,1,61230.0
240410B2WW5W2A TABITAKARISMA,249,1,47100.0
240410BUVQENRR PKKKRISTY,249,1,47100.0
240410CMVVMSQY YUJUNG14,249,1,80070.0
240410CP381JVW CHRISTOPHER.CEJE,249,1,94200.0
240411F0ENAVEX GABRIELM.W.732001,249,1,94200.0
240412HASVYR5S HORASMANMUNTHE,249,1,47100.0
240412HVAXTX2Y CLARISSA_JEONGWOO0428,249,1,80070.0
240413JHWTXX33 HARLIANTI.HUTAURUK070205,249,1,80070.0
240414NAPP1QCK DESCAANATALIA,249,1,80070.0
240414PDE69F48 NANANA11_,249,1,80070.0
240414PDQCXU8Y WBW_FARM,249,1,80070.0
240414PQ5XP8N8 YULISARI_123,249,1,84780.0
240414QG7QC0C8 I_AGD8X5XM,249,1,80070.0
240415RMUGV8S2 ANSELAS,249,1,80070.0
240415RTX4BCX1 INTHALICE,249,1,26376.0
240416UJPVBARF PRISKACIPTANINGSIH,249,1,353250.0
240416UY1RKGM8 ITHAS19,249,1,61630.0
240416V857EKYS WINDI_AK,249,1,70650.0
240416VF1CB0G2 RANKET22,249,1,47100.0
2404170UXTABMW ANGELAEVANIA637,249,1,56520.0
2404182P0QBJD8 DESMALIAPUTRI03,249,1,80070.0
2404183G2H65DA IMANUELHUDA,249,1,70650.0
2404183K9JYDXE PHILOSOPHYBEAUTY,249,1,47100.0
2404196R5DK0CQ KEZIABRENDA.N.G,249,1,113040.0
240420943G5NQB KERENSIMBOLON_,249,1,80070.0
2404209477CAY0 BLESSEDCLOTH,249,1,64056.0
24042098UTCEFD MARCELLARPH,249,1,80070.0
240421BDKVHTR5 BONITASITOHANG,249,1,80070.0
240421BQ6C64WS MAURAA05,249,1,80070.0
240423GBB3YB62 ANGELAEVANIA637,249,1,61230.0
240423GRAPXKK1 XCASSON,249,1,59346.0
240425MBP2YY3B EVELLIN.D,249,1,56520.0
240425MK6YJAF2 ANDREASHUTAPEA112,249,1,61230.0
240425N75MT1DW DEEE_SPHARM,249,1,24434.0
240425NPMT2E3Q WINONAMELVA,249,1,80070.0
240425P2FK7M5R RIKA.IRA,249,1,25434.0
240426PDKY8PED REGINATANUJAYA,249,1,61230.0
240426QMP6WRGN TIRTAANGELA,249,1,58404.0
240426QS458P0V DANIELEKOSKRISTANTO,249,1,61230.0
240427SJ6G9J9V ELISA.SIAGIAN,249,1,56520.0
240427SYKS2GM6 CIPTODIWIKO051,249,1,61230.0
240428UBB4TW8E MW5EG5HSLI,249,1,61230.0
240428V7JV2530 OVINSZB,249,1,75360.0
240428VEX5A7Q9 SARINTUA,249,1,65940.0
2404292MK7Y6T3 NAOMYCINDYHERMINA,249,1,80070.0
2405016NR6KC0Q ROTUAMEISARA17,220,1,23550.0
24050173CBM8BB VINA.HARI,220,1,58404.0
2405017T6FPXXJ BUCINCTYY,220,1,80070.0
24050291PHR43H ANNITAERUNGAN,220,1,92316.0
240502954TDPKV SAMUELUDAU,220,1,65940.0
2405029GSYCQ77 ELLAREKSA_,220,1,94200.0
240503CB1B3YNS JESSICAFERISA,220,1,80070.0
240504EE0W2BVY YOYORINS,220,1,61230.0
240504EE4FGYJM TITANIAPUTRI,220,1,61230.0
240505FSGKT1SP CHRISTYNATHASYA,220,1,80070.0
240505FT1536T9 VETRISIAOS,220,1,80070.0
240505FT9F6D8A ESTERNINGRUM,220,1,94200.0
240505GJ07NQP0 MAYAWIPASARIBU,220,1,26376.0
240505GXE82EM5 VYOELVIONASITEPU,220,1,80070.0
240505J3M95RT3 NOFE_MNLG,220,1,80070.0
240506J6RM7U01 ANDREESG,220,1,80070.0
240506J89K2DV1 RSTEPHANI,220,1,61230.0
240506K2NP0K0R GERALDOMALVINE,220,1,80070.0
240506K530SHMX BLESSEDCLOTH,220,1,103620.0
240506M3XSCPMH NEW_NENNY,220,1,70650.0
240506M4TTRQG8 CARLENA.K,220,1,207240.0
240507NS06U0Y1 OCHY_BORNEO88,220,1,61230.0
240508SH0VRVDX RINIPATRICIA1,220,1,103620.0
240509UBT3K3VG PAULINPHILLABERTHA,220,1,64056.0
240509UXPKVBY2 XAOITDR2_7,220,1,58404.0
240510127M493N PRISKACIPTANINGSIH,220,1,353250.0
240510W1W1WWPM CINDY_HARYANTO,220,1,141300.0
2405111Q73EB1A SRIYUNIPAKIDING170897,220,1,26376.0
2405125P1TCWME TIURMADEBORASIMATUPANG,220,1,58404.0
2405126BKHAM9R GRACIA_S,220,1,103620.0
2405126FVP4HAN MIRAELISABETH04,220,1,103620.0
240513852PCUPX REN1606,220,1,80070.0
2405138A4HSFEE LIVIADIFYANTY,220,1,56520.0
2405138F4M05PP ZAIXIE251,220,1,80070.0
24051392BH6PP5 PUTRISAGALA.PS3,219,1,56520.0
240513957H6460 ESTERNINGRUM,219,1,35796.0
240514A4CYP12T TAMARO33,219,1,56520.0
240514AG1XX73Y VANIA.RISKIYANTI,219,1,70650.0
240516F1UPCJ3S HARYONODR,219,1,71775.0
240516F30YC9C9 HARYONODR,219,1,94200.0
240516FKDNUG1N NATUREREPUBLICALOE.ID,219,1,61230.0
240516GKFSQ8BP ERAWATI_78,219,1,75360.0
240517HF7VBEC0 HENDRAMUS1707,220,1,26376.0
240517JGVDUJ9G LOISANGELINA,220,1,56520.0
240517JY7VPDFD JOHNHUT204,220,1,47100.0
240517JYF7AD39 ELISABETLATUMAERISSA,220,1,37680.0
240517JYX26XK4 04TITAPURBA,220,1,37680.0
240517K003YP4V AYU_WINAYA,220,1,47100.0
240517K082MTAT IVANA_MARLOANTO,220,1,37680.0
240517K20E291M LOVELYJASMINE_1976,220,1,37680.0
240517K2CFAY7R LISYEJ29,220,1,47100.0
240517K3SM3PQD TIKAPHEBE,220,1,37680.0
240517K4MTTGSM ELIZABETHMOOUW,224,1,48934.0
240518K9EJV8F3 LONIRA,219,1,37680.0
240518K9RHBVHU MARINASANARKOPUTRI,219,1,73790.0
240518M536T9KH IRMA.30_,219,1,37680.0
240518M5GK0AKR KHUMIX,219,1,56520.0
240518MC4N959R DEAMILLADHARMAWAN,219,1,51810.0
240518ME4VH409 BRANDONRL,219,1,37680.0
240518MUBV0R1N SIMON_CHANDRA.24HO,219,1,37680.0
240518MXN4CCCP ASHLEYCHRISTA,219,1,37680.0
240518N0AP4TXE MEGASILABANPUTRI,219,1,61230.0
240518N65573H4 LYDIA_AAY,219,1,47100.0
240518NB1QTFEC EUNIKE.SAN,219,1,51810.0
240518NC8GJPA3 APINASARI,219,1,37680.0
240518NJYTVXQM UTAMIU,219,1,47100.0
240518NP1VGAYF TRESIACHALISTA,219,1,37680.0
240519R0JCUY6P CHRISTOPHER.CEJE,219,1,94200.0
240520T3FV5BC6 YUNN.1223,219,1,26376.0
240520T77VJXWQ CHLARALALA,219,1,80070.0
240521UUW23CA9 RANIEMARGARETHA,219,1,103620.0
24052216KT731Y PATRICKOWEN474,219,1,61230.0
24052216X71J8S NAMELESSKEY,219,1,61230.0
2405221MTS0RF8 A0IFAZSKPG,219,1,47100.0
2405221PA5DKVJ YENZZOE,219,1,47100.0
2405221R4HNGN8 STASYARIRI,219,1,80070.0
2405222MV8Y7QR ELLENJUNIAS,219,1,94200.0
2405246B5D6R27 DEDEARIANI1,220,1,56520.0
2405246T0U6SSQ 7ZUL5DAU0B,220,1,70650.0
2405247767870W L.I.A.N,220,1,56520.0
2405258E8S95NY ABDIELHAREFA,220,1,47100.0
2405258WHFP4W7 YMBFEWZY1T,220,1,47100.0
240525940HSVCY RIKACHAIRANI97,220,1,80070.0
240527CTYQRKMS TABITAKARISMA,220,1,70650.0
240527DSA3D77P SURINI_ANG,220,1,23550.0
240527DTHXG3T3 KAYENA123_,220,1,80070.0
240527E0XJCYYE H6S3XHE5SV,220,1,80070.0
240527EAMWW8A6 JV6REWW17L,220,1,80070.0
240527EDM6SNQS THEEVARHESANDREA,220,1,56520.0
240527F2CQVX64 HANLOIS1,220,1,75360.0
240528GP3PCG1H LUKAS_KUSUMA,220,1,56520.0
240529JFJYBWGT NOOR.1960.,220,1,141300.0
240529KTA18Y1R IVANADIELABEDNEGO,220,1,47100.0
240529KURKUW70 EP_PETRUS,220,1,103620.0
240529M02HFK2R NATHANDANNY,220,1,211950.0
240529M2JAG2UF CATHALIAKG,220,1,51810.0
240529M3VWB6FU CLARA.ABIGALE,220,1,80070.0
240529M8HTSK2A HTANZIL,220,1,51810.0
240530N5U11SJ5 JOJO1208,220,1,51810.0
240530NB69RUP5 HENYPHAN,220,1,103620.0
240530NDM4SKB7 MARNIHERLINA3003,220,1,47100.0
240530NKXDCQTC ASABOOKSTORE,220,1,75360.0
240530NS96TWCT FEBRIANICLARA,220,1,51810.0
240530NWBGBMGN OWENRS,220,1,103620.0
240530P14EA0MX FEBRIANICLARA,220,1,84780.0
240530PF9JYQXB FIRDIANOVEL,220,1,47100.0
240531QNSABP1A CHARMINGSUN,220,1,47100.0
240531RYJNHB3E SHERLYANGELIKA,212,2,0.0
240531S4XSV8XK WELNIAL,220,1,94200.0
240531S9G07FU0 NORAVERAWATYSARAGIH,220,1,47100.0
240601T24YRCUC ANTONIUSDP,207,1,58404.0
240601TVVX98U0 SIAHAANHASIAN,202,2,122460.0
240601UJ79JC5J DEUNIKE,202,2,461580.0
240601UKG7WFS3 MENDROFARIN,202,2,126880.0
24060200JVUF4K IMANITAREV,202,2,113040.0
240602VPGMC5TT JEREMYSARATOGA,203,2,188400.0
240604596B03PJ ASHLEYCHRISTA,206,1,51810.0
2406045F7JK6UT WOLFY87,206,1,103620.0
2406045TRRSN1U VIONNYDS,206,1,80070.0
2406045USD1DMD YOHANESD2278,206,1,51810.0
2406045V2VAXUK YEHESKIAL09,207,1,51810.0
2406056B3NVXQ4 RURULAST,207,1,39564.0
2406056UW5F66S NOVITATHE21,207,1,51810.0
2406057CHXABRS STEFANNYLOIS,207,1,64056.0
2406068WGUMU85 MICHELLEPATRICIA331,207,1,80070.0
2406069JH2PC2S VENSALAU20,207,1,39564.0
2406069QM9WR8Y VIKARABA,207,1,80070.0
2406069S9CEV5B OBETHMUSABANI,207,1,51810.0
2406069TY6TC9C DINSACCOUNT,207,1,94200.0
2406069VT64FXN BOENS.COMP,207,1,51810.0
240606A9F9BVB3 AYAHCAHAYA5513,206,1,51810.0
240606AAAMWDXD ROSERE,207,1,51810.0
240606AEWNBK0S TANLINA1206,207,1,51810.0
240606AFN9N5E3 RACHEL_MICHELINE,207,1,61230.0
240606AJYGFD4X KETTINGTETI,207,1,1295250.0
240606AM3KC8D8 NITA_GOTIB,207,1,58404.0
240606ATQE5JA2 OKTAVIANANUBATONISNUBATONIS,207,1,70650.0
240607BYAJN3HH HINGO1,207,1,51810.0
240607C7NA0NBK TAN_NUT,207,1,103620.0
240607CR3UHQ73 KETIKDONG,207,1,51810.0
240607CSHKEAK7 KRISTIANWONGSO,207,1,70650.0
240607CWDRFSBG SAPUTRA129ST,207,1,56520.0
240607D47B8KR8 CHRISTIANJW6,207,1,169560.0
240608DUDNAN5S TABITAKARISMA,207,1,94200.0
240608E19VTEFY ANDINESS21,207,1,122460.0
240608EDC1JBPH 7ZUL5DAU0B,207,1,51810.0
240608EESFVPGD XARAYOUNG,207,1,51810.0
240608ER7FFC9M S4NDR4W154N,207,1,51810.0
240608ETKCGU44 ELISAISTIANTO,207,1,103620.0
240608F4SDQ9PW M1IQ5D1611,207,1,56520.0
240608FG25W3J8 LANNYENGGALWATI,207,1,51810.0
240609GXA4CYDN CA4HAIOW_1,207,1,155430.0
240609H5DPPFFB AULIA.BUDIKARTIKA,207,1,61230.0
240609JQHHJN2G ANDINATANAEL,207,1,51810.0
240609JQUD8A9G EMBIM12,207,1,80070.0
240610KH85U7VA ELLYKIEM,207,1,51810.0
240610KS1P13T8 KIRANA26.PUTRI,207,1,56520.0
240610KXMWE4NA YULIANUSGAYAR,207,1,51810.0
240610M1Q4RW1U YEACHIENG303,207,1,51810.0
240610MGH6UTDY NYINYA31,207,1,94200.0
240610MUW0CKRT TANTONO51,207,1,70650.0
240610N5HV866V DNYEL12,207,1,51810.0
240611NX02D8MN FAITHYTRIFOSA,207,1,56520.0
240611PVVSDQ2R DJOHAN85,207,1,70650.0
240611Q1QXA6RJ ENOHDANANG,207,1,84780.0
240612SJJV1JYM NONANDRINI,207,1,80070.0
240612SUEPVJD9 CINDYPH_,207,1,56520.0
240613VMU4H5TV PRISKA0895,200,1,21666.0
240613VNCU015M A0IFAZSKPG,200,1,21666.0
240613VV25D3TF BOENS.COMP,200,1,21666.0
24061405K1XDYE HANATARML,200,1,80070.0
2406140VA6JMND _U7Z9YP0KX,200,1,75360.0
2406140XJUNTGT CRISTINE.THERESIA,200,1,21666.0
240614125KAF6B DWIPUTRIMN,200,1,21666.0
24061418DHH3U9 TIURMADEBORASIMATUPANG,200,1,21666.0
2406141FNNPCNP ELLGIRL,200,1,103620.0
2406141YSPJTNS SURINI_ANG,200,1,19782.0
24061533V6VSWA SRIWANINGSIHMENDROFA,200,1,80070.0
2406153ACWHNC0 NAOMIGUNADI,200,1,65940.0
2406153KP4GP93 ERICSON_76EN,200,1,80070.0
240616726AR8TW RUTHRN,200,1,56520.0
2406177GQQBJH1 TITUSTAILELEU,200,1,82896.0
2406178UVWBB7V ARNOLUSLANI,200,1,61230.0
24061795W4K74V LIDYAESIMANJUNTAK150,200,1,84780.0
2406179MCSUEMR MEGAH_ALIM,200,1,21666.0
240618AQ7E6BB6 KALALOGLADYS,200,1,51810.0
240618BB8X1C9R GRACE_ALONE,200,1,80070.0
240618BGEGN8MY VINRARIA94,200,1,150720.0
240619D668G8TP SHERLYANGELIKA,200,1,80070.0
240619DJJTY4U8 GRACE.WIRADI,200,1,65940.0
240619EJ50S5AT GRAYCELASIMAMORA,200,1,21666.0
240619EPNSPRGA LOVELYJASMINE_1976,200,1,43332.0
240620F17U85NU ANGELINAAPRILIA165,200,1,21666.0
240620F6XGAD6R ROSACANINA_,200,1,94200.0
240620F7JJ58KW CHENNYTHENDERAN,200,1,150720.0
240620G7HMTGU6 AULIASIB,200,1,103620.0
240620G9GJYF18 LESTARIRUMAPEA,200,1,80070.0
240620GT2M2U75 CASSIE.STORE,200,1,197820.0
240620GVRXUDU5 _PUTRISABRINAA_,200,1,103620.0
240621JCN55GTS CHOLIN671,200,1,21666.0
240621JJG0Q1XY NONANDRINI,200,1,94200.0
240621JMRH0Y6K DEVITAFEBIANTI,200,1,56520.0
240621JR6JV56U TANTONO51,200,1,108330.0
240622M50UER4S IVANADIELABEDNEGO,200,1,43332.0
240622MKC4FAKS DANIELPUTRAPOLOWIJO,200,1,61230.0
240622N3EWB31W NDE2_KURNIAWAN,200,1,65940.0
240622N97AN4DP RITHASEMBIRING,200,1,25434.0
240622NBT6SUR4 TERESIATESA,200,1,86664.0
240622NMA0ADJ2 ANDRESEPTIANSARAGIH,200,1,21666.0
240622NQCUP9CF SELLY_NOVIANA,200,1,94200.0
240622NRA0D8UX DIAN.MAHARANI86,200,1,94200.0
240623QYH9DMPC EVELYN.TYAS,200,1,21666.0
240624T413CPM4 RAFIKAEXAUDYSAMOSIR,200,1,80070.0
240624T58G5APT ROHANICS,200,1,51810.0
240624TBH65VPR FENTYVR,200,1,103620.0
240626307Q1GMB JUSTINESUTIONO,192,1,61230.0
2406274CR8M96H JANFRIDOSIAHAAN,192,1,26376.0
2406274T165F36 KURNIAVENYPURNAMASARI,192,1,82896.0
2406274TAHMDGN ERNIEERNIAWATI058,192,1,26376.0
2406274WDSBV36 VICTORIAFURNICENTERSPRINGBED,192,1,70650.0
2406275HTW3RP8 ELIZABETHDOLOKSARIBU,192,1,80070.0
2406275JXSAEU7 TAMBUNAN753,192,1,113040.0
240628631XG8ST ANGELMO76,192,1,65940.0
24062866F002QW JESICAWAHONGAN,192,1,94200.0
2406286WBXQ01E ID2843_34316,192,1,75360.0
240629A9K3FJS9 XJY0P9FFX8,192,1,94200.0
240630B2W943JE THEESSENSI,192,1,70650.0
240630CMFCM0DY 3VENA,192,1,103620.0
240630D6ET4UG5 VERONICAGITA,192,1,26376.0
240701E6BP8DSQ NOVIASNY,178,1,58630.0
240701FPXUUHQ0 DWIRAHAYU2374,178,1,90200.0
240701FQ2H59BF DWIRAHAYU2374,178,1,63140.0
240702FYW3URNE VERAJENIVER972,178,1,90200.0
240702GQ019S0V VIESTABAJUSTORE,178,1,63140.0
240703KPKXV7VP SARIPAH_HARAHAP,178,1,76670.0
240703M734DBF5 JEREMIAHVHW,178,1,63140.0
240703MM3WJ1X7 IVANKWAN88,178,1,270600.0
240703MU67SDER,153,1,65000.0
240704PF3WSYGV NATHANDANNY,178,1,58630.0
240704PM98S9Y6 PRISKA_29,178,1,58630.0
240704Q0H4KFBE ZV0DW5NI8J,178,1,58630.0
240704Q9WS9T8S HTANZIL,178,1,58630.0
240705RCHRXA31 DOMYMAUASSA,178,1,58630.0
240705RK35H0D9 LA.GRACESCENTS,178,1,54140.0
240705RTN4BAVM ADILAU,178,1,63140.0
240705RYW80S0Q ARGAS7,178,1,70650.0
240705S1T0K9PM VIONTINE,178,1,90200.0
240705SMYFY09E GRACE.ARIYANA,178,1,85690.0
240706U4YBJCDJ VONNYEVELYNJINGGA,178,1,58630.0
2407070HNF8W3F STEVENWIN15,178,1,58630.0
2407070XJDBQAW SRIHARTS,178,1,67650.0
2407071D72V2TA FERDILATUAN,178,1,135300.0
2407071HXN8QGW DESYDINAVIANNEY,178,1,58530.0
240707VMW0M149 RED1_SINAGA,178,1,48708.0
2407081YKRSDUY BERRY.FO,178,1,25256.0
2407082TCD64PX VIONTINE,178,1,90200.0
2407082USAB93M XJUCCL2VIH,178,1,97416.0
24070833JD5RSM NONATS.SHOP,178,1,22856.0
240708341A19C1 CINTHIAJUNITA,178,1,58630.0
2407083D9YSWT6 MOCAENHA_NJEL,178,1,76670.0
2407094T9BDYB7 STEPHANIE_LIM,178,1,58630.0
2407095UWR7C08 ARIELOBADYAH,178,1,49610.0
2407096JNG0HGN AMEL_SRG,178,1,65940.0
2407096M51454Q EUNIKECANTIKA,178,1,25256.0
2407096Q74NGPN LOISANGELINA,178,1,61230.0
2407096RTT9XDB F8UBI4A0EU,178,1,54120.0
24071071RQWC61 TJBATUBARA,178,1,58630.0
24071075UBTWH8 SJULIONATAN,178,1,58630.0
2407108JX0BG39 RANKET22,178,1,58630.0
2407108TEKBNNX NITAKWARTA,178,1,90200.0
2407109EW03335 U3QL9YL_R0,178,1,58530.0
240711B7JCC9SR EP_PETRUS,178,1,117260.0
240711BD0DT0SE JIMMYLINE716,178,1,67650.0
240711BQ2D9DX0 ZV0DW5NI8J,178,1,410410.0
240711BSJY4BYG SARINTUA,178,1,20350.0
240712DE7EPR0B HAWILAOSBAGARIANG,178,1,58630.0
240712DYVCG9DE RICKHANSEL,178,1,58630.0
240712E57DMM7E SITOMPULELVIN98,178,1,63140.0
240713FGSQA2SE FENNIDWI3,178,1,39147.0
240713FN1QWDUY RYANTIONO456,178,1,29766.0
240713FS9Y4TM2 RED1_SINAGA,178,1,40590.0
240713FWPNC87U MISCHABABYSHOP,178,1,37069.0
240713G14QAS34 VIANNYDHARMAWAN29,178,1,37352.0
240713G19986MR ELISABETTYAS01,178,1,37884.0
240713G2KKE4QJ ANDREASFEBRIAN92,178,1,19095.0
240713G2PHVG56 CASE221,178,1,80816.0
240713G4SMK94K ALICELIO,178,1,62121.0
240713G54QB9NV PRISKAMAHARANI,178,1,50534.0
240713G592KAH0 DENNYXIONG,178,1,52752.0
240713G5G1S2SM RUBABALIK_08,178,1,50512.0
240713G5H8TK63 MURATOKO,178,1,58670.0
240713G76E8KG5 MARSAULIVERONIKA,178,1,42935.0
240713G969X8XF AIDYNAA,178,1,39564.0
240713G9DPDU0B USHIMARANATHA,178,1,29315.0
240713GEB4NTXF NOVHI.PAEM,178,1,47353.0
240713GEKFRDCV MARIALENY_P,178,1,47412.0
240713GFPSTRR2 HERMANTOBUN29,178,1,41636.0
240713GGKMYV5Q RIASINAGA_2,178,1,47355.0
240713GK052VT2 PRISILIADINDA03,178,1,44198.0
240713GMHM6H8D DIANAPRIANTO9,178,1,43922.0
240713GMJKN9S0 WIDATISANTOSO,178,1,63861.0
240713GPHDYCWR ANDREAGIDEON,178,1,70452.0
240713GSJC9TCX NURANIST151,178,1,39883.0
240713GU1SJHYD NURANIST151,178,1,63775.0
240713GU7ES2PE NURANIST151,178,1,37955.0
240713GU9AWPN5 NURANIST151,178,1,38378.0
240713GV17QWPT RALPHYCHRISTIAN429,178,1,44198.0
240713GVA20MGV MELISABET1923,178,1,60830.0
240713GVNTPK1B E.YNATALIA,178,1,56826.0
240713GX5V28TV 44JM_JTNMC,178,1,98910.0
240713GXHSFP6W MARCELLIANO_KALITOUW,178,1,32737.0
240713GXNB0HDE A0IFAZSKPG,178,1,58530.0
240713GY5GTS41 WUNNTA,178,1,45922.0
240713GY792UJ7 JOHNHUT204,178,1,58430.0
240713GYUDTNEQ SICILIABEKTI,178,1,39136.0
240713H07A8KU4 STEFYHERNAWATI,178,1,75768.0
240713H10H4XXA TANIA_EVANS,178,1,44434.0
240714H1HPF64C DOUBLEE2014,178,1,123754.0
240714H1WRNMS9 HENRY.MONGKAU,178,1,56826.0
240714H1Y5HGQJ ELTI.MANISS,178,1,37884.0
240714H2QKG65V SERLLYLIMORTY,178,1,44268.0
240714H3VUJYHF NJODIANATHEODORUS,178,1,58630.0
240714H3YBQ5D2 BAJUFORKIDS,178,1,41041.0
240714H4D3AR2Y RURULAST,178,1,25695.0
240714H4GH02A2 1FT57AIC0M,178,1,38883.0
240715NR61GH6N LIVI.LUMENTA,178,1,76670.0
240715NV62HSGP DHARMAYANTI18,178,1,81180.0
240716P2CE53FF BATARACALVINLG,178,1,54120.0
240716P8KGQ6KT RNY89,178,1,80070.0
240716Q4MRXP85 MARLYNLOVE88,178,1,72160.0
240716QDSW9W4K FAMASUANMUI,178,1,76670.0
240716R4QRJSHW VINARAY,178,1,63140.0
240717SV6W82MU CLAYLOO,178,1,67650.0
240717T4YVHT7M IRAIMELIA,178,1,25256.0
240717TUP1S02S ESTERSARISILITONGA,178,1,57280.0
2407180E8AWS6A 19263HANNAGPANDIANGAN,157,1,108240.0
2407180EPV8TT6 MAAHURY.NN,157,1,58630.0
240718V8H24QE2 VANIADERYANI,178,1,76670.0
240718VSJ7M5R9 JOCELINBELINDA,157,1,70650.0
240718VSNCSU8R JOCELINBELINDA,157,1,65940.0
240718VSRX7NS3 JOCELINBELINDA,157,1,94200.0
2407191SME6GJ7 RIFHATBRIA,157,1,18942.0
24072041CWFAH8 A2VINYLQQ5,157,1,54120.0
2407204SUSH57A ENOHDANANG,157,1,54120.0
24072050WPBY3T LAMTARIDA,157,1,72160.0
24072058W0J3EC SAMUELBOLIVAR90,157,1,67650.0
2407216M7H7RKN TASYADEBORASIMANJUNTAK,157,1,99220.0
24072172NXGJSY ERLANGGALUMOWA,157,1,130100.0
2407217UM6NJQ4 FIRMANPBUTARBUTAR,157,1,80070.0
240722939FKRQD FANG2FANNY,157,1,432960.0
24072296TB6MAF BUTET21,157,1,54120.0
2407229CR4612X PRIELA.KITCHEN,157,1,55924.0
2407229E27QDJH AULIARTY,157,1,67650.0
2407229G0NPAFA GRACEREF,157,1,67650.0
2407229P907J7C VICTORIANGANTUNG,157,1,67650.0
240723BQGDGWVV ERISNAWATISAOIAGO,157,1,67650.0
240723C7MQY6DW PRICILIA8882,157,1,58630.0
240723CM7X6CG5 TOMMYMS,157,1,49610.0
240723CRSGX1XM TARAMMARIO11,157,1,49610.0
240723CSU7G4G8 LUCKYSTP,157,1,49610.0
240723CWQEDTFR OKTHALS,157,1,76670.0
240724DVEN3W47 GRACEEEW,157,1,76670.0
240724DWNRAC7H RETA009,157,1,49610.0
240724E2D7TUVY DNYEL12,157,1,49610.0
240724E9UGEXKB NAOMIGUNADI,157,1,49610.0
240724EBMPJVAE KEVINNOKA,157,1,49610.0
240724EHM0716E INTHALICE,157,1,49610.0
240724EWHVJUDT APPLEPAVILLION,157,1,51810.0
240724F03MGJEH SISILWAHONGAN,157,1,58630.0
240724F1KE5HFF DIAN.MAHARANI86,157,1,90200.0
240724FBK3AR4B FENNIDWI3,157,1,63140.0
240724FH6N5FP8 DNYEL12,157,1,49610.0
240725GGHPYMKH BOENS.COMP,157,1,49610.0
240725GNKMB10U LALAGABINSLA,157,1,67650.0
240725GS7SRC3W BING2ELLY,157,1,49610.0
240725GTA1HBHY MARINIP,157,1,63140.0
240725H1CTY9RC ELSA_VERONICA,157,1,49610.0
240725HPHVGJD9 GHINADEBORA,157,1,150720.0
240725HRTA0W8N DAUDSUMARI,157,1,48720.0
240726J6KDBAJA YUNIARTI.YOEN,157,1,90200.0
240726KCRM26GU NOVINERA07,157,1,25256.0
240726KE9C7PHE ENOHDANANG,157,1,49610.0
240726M6ES1GFP TIAR_SHOP1,157,1,58630.0
240727NFJC23QS BIMOADJIPRASETYO,157,1,49610.0
240727NPP078T2 LINDA_CHRISTINA,157,1,90200.0
240727NX5D2WA4 PRISKACIPTANINGSIH,157,1,135300.0
240727P1WFCM20 ERNIPUDJIHASTUTI,157,1,49610.0
240727Q08AC0NX INTHALICE,157,1,61230.0
240728QA1359N0 QNIIU,157,1,55230.0
240728QP6W7JD0 ANDISTEFANUSTJONG,157,1,49610.0
240728QW466JKG ELLENJUNIAS,157,1,15840.0
240728RANX0RQF SHERLLYAK,157,1,49610.0
240728RJ70863E _WINDAKRIS_,157,1,135300.0
240728RMNP0JFE ANDI_PRASASTI28,157,1,67650.0
240728RQX1QTUD ERLYSARAGIH99,157,1,68960.0
240728S4WSH570 IMELDADEMAK,157,1,56520.0
240729TY4G161J IRTADEA,157,1,49610.0
240729U151QAT0 EEW711,157,1,99220.0
240729UCQ87MJD KINASIHH,157,1,49610.0
240729UMNJVC9H WUNNTA,157,1,76670.0
240729UPGCFR65 GRACELAMARISA,157,1,49610.0
2407300207CY6B RUTH_MARLINA,157,1,121770.0
24073002EKYMPW SIMON_CHANDRA.24HO,157,1,49610.0
24073018NG4EUB NILAUINA,157,1,70650.0
2407301AVV5M9K ROYKENGONGOLOY,157,1,67650.0
240730VEE56JVB BEIIIIIII18,157,1,76670.0
240730VVAAPG7Y CANDRASINURAYA,157,1,49610.0
240730VYF9RXP3 YULIESOE,157,1,90200.0
2407311R4KH813 CYUNITASS,157,1,33110.0
24073126XGUYCW _KHPQKRMG9,157,1,25256.0
2407312CKR3VAF TITINLAIN123,157,1,49610.0
2407312MUD9WN1 JHEOWJHEOW,157,1,49610.0
2407313UR1N0VX EP_PETRUS,157,1,49610.0
2408015HEXNFMV IYOSSIBARANI17,136,1,63140.0
24080160H0BAXU VIRGILIAZEPHANYA947,136,1,67650.0
24080161A93J30 PETTI.HUTAGALUNG,136,1,51810.0
24080166GHK8KX ALWINECHRISTINESIANTURI,136,1,63140.0
2408016F14WMWQ 3T4C7BR2FO,136,1,56826.0
2408026MVCTYGT CANTIQUE7,136,1,22016.0
2408027QTQF6AY DEEE_SPHARM,136,1,63140.0
2408027YR2M1UW ZELAHFEHATTTT,136,1,76670.0
24080280VNRJEP G.KARWUR01,136,1,70650.0
24080396N74Y5W KARMILAMANATAR,136,1,58630.0
2408039A51C74P NAYCENDANA,136,1,76670.0
240803AQA1616N STEVENWIN15,136,1,45100.0
240803B6XPW1AX IVANATOKEDE21,136,1,72160.0
240803B7TBWVC6 BERPIKIR,136,1,45100.0
240803B91H2363 BERPIKIR,136,1,49610.0
240803BGVPN9QC EVELYNYULIANI,136,1,90200.0
240803BH5QJP35 EVELYNYULIANI,136,1,135300.0
240803BJ0PNYM5 EP_PETRUS,136,1,180400.0
240804C0KRP694 MARIAHANNAKRISTINA,136,1,54120.0
240804CMXJ0J6U IVANA.GOUTAMA,136,1,45100.0
240804CNJUH0Y3 AFUNGMINAH,136,1,61336.0
240804CQCNMSNJ OTNIELL22,136,1,54120.0
240804CYMTY4NQ MIMA1005,136,1,49610.0
240804E0CDM6NB A0IFAZSKPG,136,1,42900.0
240804E2DTW2K6 ARIELOBADYAH,136,1,45100.0
240805E9PEC7HN ARRIHUANG,136,1,45100.0
240805F10AVJUQ DYOTACHAYU,136,1,49610.0
240805FH4UYHBU PATRICKOWEN474,136,1,58630.0
240806GSD8A80M HERTI_SIANIPAR,136,1,22256.0
240806J29U5M1J MARWO683,136,1,53190.0
240806J3U6D327 DENNYTAN2019,136,1,45100.0
240806J4QXPTTE SAMUELPETRICKPRADANA,136,1,56520.0
240806J6VCAY0M BELLAKRISTABELLA,136,1,49610.0
240806JQRGQYPW HTANZIL,136,1,99220.0
240807K9QTG6XH LEONARITAHUTAMA,136,1,67650.0
240807KB1926P2 HOSEAFARDANA,136,1,144320.0
240807M1QDBJJE SEPNITARUSSELL,136,1,56520.0
240807M2AX16DD IRENESTEVANI321,136,1,49610.0
240807M5CG9QHA DUMDUM.29,136,1,79376.0
240807ME7P3AQH YESICA1209,136,1,49610.0
240807MJQJGM2T SELVIANURIANA,136,1,126280.0
240807MSTW4M4W NOVASAPUTRO82,136,1,99220.0
240807MUAPS1MK RYANALFRDO,136,1,90200.0
240808NQAK7GER ULIARUAN,136,1,101024.0
240808NSHVBCCY HARCHRIST,136,1,58630.0
240808NVTCXB41 VLINEE08,136,1,76670.0
240808PHSKKG19 BOENS.COMP,136,1,45100.0
240808PMC84VUR CITRACICI26,136,1,46210.0
240808Q0MN67J0 ANDRIIADE23,136,1,25256.0
240808Q3SK8KRA BELLAMARESTUDIO,136,1,67650.0
240808Q3SM5EV8 GLOWKRIS22,136,1,47100.0
240808QUXSC0HP CAROLINAEIRENE,136,1,72160.0
240808R2R1N1F5 THEEVARHESANDREA,136,1,58630.0
240809S2KJUDW6 MARIAKRISTIANIPASARIBU,136,1,26376.0
240809SGA8X9SR EVELYNYULIANI,136,1,45100.0
240809SJ2GGWJX EVELYNYULIANI,136,1,45100.0
240809SUJWBMU4 EVELYNYULIANI,136,1,45100.0
240809TDMKBH7M IVANAAIMEE,136,1,58630.0
24081120S4NJPR SANDRAPRISKILA,136,1,117260.0
2408112D4TJQ93 FHERLITASITANGGANG,136,1,25256.0
2408112EVE7165 JOYMANWARUWU,136,1,63140.0
2408112EW60YVS PAULUSADIWAU,136,1,76776.0
2408124EVDQNGV X65RU67UOS,136,1,24354.0
2408124G73DA1H DUMDUM.29,136,1,63140.0
2408124HRMBG2V SILAEN2810,136,1,63140.0
2408136FUFYRRW ANGELHUTABARAT35,136,1,54120.0
2408136G5BMEK6 ANGELHUTABARAT35,136,1,25256.0
2408136P6YKS18 ANDI_PRASASTI28,136,1,67650.0
2408137DCNP9UG NABEETH24,136,1,72160.0
2408148QHRPFJP INDAHMAPPAPA,136,1,108240.0
24081498S9C1GG TASYADEBORASIMANJUNTAK,136,1,25256.0
2408149FKE9GMR HENNYS20,136,1,45100.0
2408149NWH2QPT BERPIKIR,136,1,45100.0
2408149U1BDG74 ANGELINAAPRILIA165,136,1,54120.0
240814A447BWT0 IMANUEL_TAMBUNAN2106,136,1,45100.0
240815B0A3CYM9 LIMKIMYIN723,136,1,45100.0
240815C4XF2PH8 ASTRID_JH,136,1,45100.0
240815C9483P3B HTANZIL,136,1,45100.0
240815CCV7JXXR 7K_G3UC1G9,136,1,45100.0
240815CKGV2BK3 FTU1_Z_G91,136,1,65940.0
240815CN5F9V4U FELICIASANJAYA,136,1,54120.0
240816DS5T2JW2 RUDINALKRISONMAURUH,136,1,61230.0
240816DWF5H07B MICHELLECHIVINVERSIA,136,1,86800.0
240816DXAXBP28 NATHANIA.HUANRDY,136,1,90200.0
240816DYUPHV67 LEO.TAMBUNAN,136,1,90200.0
240816E5QGM886 MISSTRINITA,136,1,65940.0
240816EKH9VA2D KOLPRIEVA,136,1,90200.0
240816F2EMW5YB CASABLANCA24,136,1,65956.0
240817GCDQ74RV CHRISTIANKANTER198,136,1,67650.0
240817HFYU2YSB I9N2ZPKWFJ,136,1,45100.0
240818HW6VE05W HIMAWANNICKO,136,1,23560.0
240818JM1A1THF FIKA.MUTIHA,136,1,102296.0
240818JXB5CHHK ANISANTIKA74,136,1,25256.0
240818KAAXR4B3 BUCHANANANDREW,136,1,51100.0
240818KGK2NU59 JEINLOMBOGIA954,136,1,50512.0
240818KKKJQ5BN DESTRI86,136,1,55630.0
240818M1GG1MY4 SILVAYANTISIRENDEN,136,1,46100.0
240818M5EEA0MU HERLINASS13,136,1,25256.0
240819NCCGBWTE DINYO.STUDIO,136,1,67650.0
240819ND9135E3 FEBEGLOSAELLORA,136,1,64056.0
240819NMK1ANB0 KARMILAMANATAR,136,1,158256.0
240820QHSTFD0R EMBIM12,136,1,61230.0
240820QWWA4HX1 MICUU2807,136,1,58630.0
240820RDQM69TY FEBEGLOSAELLORA,136,1,72160.0
240820RDRW6H46 FEBEGLOSAELLORA,136,1,54120.0
240820REG16GP0 MYBABY_PHOEBE,136,1,99220.0
240820S7YS7AP1 TABITAKARISMA,136,1,153340.0
240821SEM453MM REPROLOVED,136,1,51100.0
240821U96429P4 GABYVALSSSS,129,1,67650.0
240821UN41DX1U MARLONGUMABO,129,1,63140.0
2408220H2JMM75 YATATIKKARTIKA,129,1,17736.0
2408220MEDX1Q2 ONALISAPATASIK,129,1,56520.0
2408220VWU44MX KARINAGRACIAEVANGELICA,129,1,58630.0
240822UVWW2PDY DANIELWONGSO17,129,1,36080.0
240822UWK8T6JG ECHALARASTIA,129,1,58630.0
240822VWNV37P9 HENDRIKUS5775,129,1,87600.0
240822W2N0MWF1 ECHALARASTIA,129,1,61230.0
24082326D10VBV QWDQ5YQ6PE,129,1,51420.0
240823283J8FQR ADP4FUN,129,1,73476.0
2408232EPSXABT SHUIASINRAWR,129,1,60340.0
2408232MQ7TD3T DEVANA_9B10,129,1,135300.0
2408233KBE3DY4 ESTIE.SIMON,129,1,90200.0
2408243R7S2SDV AD3NILAM,129,1,26376.0
2408244YWXR4U3 DWITAVANESSA,129,1,90200.0
24082568HBVF44 HENDRI_WK,129,1,58630.0
2408256CB2P9EN FCCY2OE7P1,129,1,80070.0
240825774A4DX9 JESSICAMSRG,117,1,25256.0
2408257DQNNQY6 NOVENAGISELA,129,1,198440.0
2408269YUX6140 ANGGREPASARIBU,129,1,90200.0
240826A5WYJJWR VIVIEN2405,129,1,54120.0
240826A829D7BX LINDA.CS,129,1,70650.0
240826ADTE34B5 SATRIAK0903,129,1,82896.0
240826AFMC0USB NADIVA6,129,1,76670.0
240826ASEFSEQC NANCHYMAMANGKEY,129,1,54120.0
240827C92V80VJ RAAAIB,129,1,67650.0
240827CBX7771J PARAPATRONI,117,2,25256.0
240827D4KWPA4V YULIAACHR,129,1,126280.0
240827DDSTTSAJ EVELYNESH15,129,1,481100.0
240827DDVCUVA0 EVELYNESH15,129,1,71976.0
240828F12P6AD3 RACHELSS_,129,1,25256.0
240828FJCFCFNH SRY_ZILIWU25,129,1,85690.0
240829GRF701RE RGO6GWQOI7,129,1,58630.0
240829HFVYGSR7 CARMIAMARGARET,129,1,58630.0
240830MCUC1VR9 GERALDYNEMARCEL,129,1,21430.0
240830MWF87V3D BRAMWIBISONO4,129,1,76670.0
240831P6085FXE RIFHATBRIA,129,1,24136.0
240831P6D43T64 LAURENT09,129,1,72160.0
240831QQHRJBX9 THERESABRITANIA,129,1,72160.0
240831QSFJGT5U MARSULINA271,129,1,25256.0
240901RT5W3AW0,118,1,58630.0
240901RT5W3AW0 WILLYACHIUNG,115,1,58630.0
240901SVH94CQB,114,1,76670.0
240901SVH94CQB STANNY150881,115,1,76670.0
240901T00SSASF,115,1,90200.0
240901T00SSASF JENNIFERMANIK,115,1,90200.0
240902TM359WME,118,1,24354.0
240902TM359WME MARCELLIUSLUMINTANG592,115,1,24354.0
240902UE9WGJA3 EUGENIAPRISCATANIA,115,1,54120.0
240902URQTEDGY,118,1,90200.0
240902URQTEDGY NADIVA6,115,1,90200.0
240902V53J9QHG REBECCASHELBY,115,2,101024.0
240902VD9KYXYN SHANIAGABRIELAKAPARANG,115,1,202950.0
240902VQK4SAJJ,116,1,70000.0
240902VQK4SAJJ ARGAS7,115,1,72160.0
240902VQUGRKYY LINDA.CS,115,1,270600.0
2409030QPXFCY3,115,1,86592.0
2409030QPXFCY3 REISSA08,115,1,86592.0
2409030UVUBJ10 DESITHEO,115,1,72160.0
240903121BVDUJ,116,1,72160.0
240903121BVDUJ I1YIZIJEZ9,115,1,72160.0
24090313V3KVKC,118,1,63140.0
24090313V3KVKC STEPHGRACIA,115,1,58140.0
2409031PW5S377 SAMANTHA.GLADIOLA,115,1,90200.0
24090328A9TFXU CRISTIAGATHA,115,1,46904.0
240904370F4T2R MARLONGUMABO,115,2,180400.0
2409043E53NC63 TTESALONIKA,115,1,24354.0
2409043EBMGNAJ STEVANIE.VANIE,115,1,90200.0
2409043QSYJ4XE BRMSP80,115,1,54120.0
2409043UJH6C6H,117,1,58630.0
2409043UJH6C6H JAHARIARI586,115,1,58630.0
2409044AP78YFU STEFFISENDUK,115,1,46904.0
24090557UEMNSK IKHTHUSMANSA,115,1,63140.0
24090560N30SXN YOHANESD2278,115,1,112570.0
2409068M71GNGU MILOOK_93,115,1,46904.0
2409068P2YB8JG,115,1,60000.0
2409068P2YB8JG SARITAKRISTIANI,115,1,54120.0
2409068QFH3X0P,115,1,76670.0
2409068QFH3X0P TOKOATA,115,1,76670.0
2409068VNE8SKQ ADELA_LASTASIA,115,1,54120.0
240908EQYC23US JEJEAXEL,115,1,58630.0
240909EXW93GWN MEILISHA_LIE,115,1,76670.0
240909GVEACE4B NEW_VICTORY,115,1,90200.0
240909H0EPTU73 BUNGAXARISA,115,1,25256.0
240909H1HRBF9P BELLINISIMANGUNSONG,115,1,76670.0
240910JP4EQDU3 36REVSIN,115,1,58630.0
240910KGEY31Y1 GRACEEEW,115,1,54120.0
240910KUH5FYW0 RENSUSJONATHAN,115,1,72160.0
240911KW0D2BAP FN7VV96J7T,115,1,72160.0
240911MUS5AQSG ITA.28,115,1,126280.0
240911ND7TX346 FAJARPERDAMAIAN175,115,1,25256.0
240912QDF6XYT0 CURATEDBYLINS,115,1,90200.0
240912QS7VDQ3J GERALDYNEMARCEL,115,1,63140.0
240912RRKCKUKJ LENORAMARBUN_17,115,1,76670.0
240913S2CMM22U ELVIASAMOSIR,115,1,28000.0
240913TJENUSXT A0IFAZSKPG,115,1,54120.0
240913TMF8ERUF FLORENCIAVONIKE,115,1,72160.0
2409140795TF0B BABYBABY24,115,1,67650.0
240914VDYC5PA4 NOVIANALEE,115,1,75768.0
2409150W7XDAAF RINASINAGA96,115,1,75768.0
2409152AWR2W6P CYNTHIAWABIA,115,1,25256.0
2409152XHQXYN5 NADGRCIA,115,1,67650.0
24091533TEQ9FM TRIADIPALADAN,115,1,58630.0
2409163GYF7153 BELLAKRISTABELLA,115,1,54120.0
2409163H1AD0V8 NINIMIRANDA99,115,1,25256.0
24091651JQQ7YE NUSANTARABOOK2021,115,1,54120.0
24091781VEDC87 MARIAKAPITAPURBA,115,1,90200.0
240919AWJ61SS2 ROSNANI1SAGALA,115,1,49610.0
240919BVT6KX23 MERIRR,115,1,54120.0
240919C0VMUSU3 BERPIKIR,115,1,49610.0
240919CKT8EGPP EP_PETRUS,115,1,198440.0
240919CUJATYGR ANDREASFEBRIAN92,115,1,49610.0
240919D2W6SMUG PALUPI23,115,1,49610.0
240919D85JYYF0 GRACETIATIAA,115,1,50512.0
240920EEVTN7D3 JOOPY200,115,1,49610.0
240920EH8D67DK MARIAMETTA56,115,1,198440.0
240920FCD7NDYB,115,1,49610.0
240920FSN9J5FA,115,1,49610.0
240921GV66XXEB,115,1,67650.0
240921HS3S9103,115,1,90200.0
240922JN2508RN,115,1,135300.0
240922M58WVQ25,115,1,76670.0
240922M7ET77NW,115,1,54120.0
240923N3T02WY1,115,1,75768.0
240923N85AH14J,115,1,49610.0
240923PEAWMMYF,115,1,49610.0
240923Q8W5YGG1,115,1,49610.0
240923QBMDBEC1,115,1,49610.0
240924REEN9YAH,115,1,70356.0
240924RF0U29TB,115,1,54120.0
240924RTVHT343,115,1,67650.0
240924S51JN456 OLIVIAESTRN97,94,1,49610.0
240924SQ0NM4KQ FIDELISPHN,94,1,58630.0
240925TYSSVQU4 BRONDEST79,94,1,49610.0
240925U0V0RJ35 ANTHONY_FM,94,1,67650.0
240925U99TC819 GRACE70.,94,1,24354.0
240925U9E3QGEX RETTAUSAGI,94,1,67650.0
240925UHJ1NGAF RINAGRESIA,94,1,24354.0
240925UNRS6PH2 LYDIA_AAY,94,1,67650.0
240925V084VHM7 NAAULIE,94,1,67650.0
240925V12GWPE6 44JM_JTNMC,94,1,49610.0
240925V84T3JBM PATRICIA0617,94,1,49610.0
240925VCUTEV33 LADYBIRD08,94,1,90200.0
240925VE8W9R9B USHIMARANATHA,94,1,49610.0
24092609HTV4HF NOVIANALEE,94,1,49610.0
24092609K7N9AD INGELYAFELINA,94,1,67650.0
2409260FYF4SHC DESI_CHUINI,94,1,25256.0
2409260G12QR23 WINZEE1717,94,1,90200.0
2409260KR6GPCQ PUPULDUT,94,1,49610.0
2409260PH66DHC HANLOIS1,94,1,55924.0
2409261F2BPJYK ARIFTEO21,94,1,54120.0
2409261FRQWNEB INTHALICE,94,1,49610.0
2409261J5AV9UV RURYSILITONGA,94,1,72160.0
2409261K86NVXC GILBERTCHRISTIAN501,94,1,49610.0
2409261KPN7EJV SUSAN101274,94,1,49610.0
2409272W13GYAY NIUSIJATITANOJO,94,1,81180.0
2409272Y468SE2 7VTQN5S7H1,94,1,154260.0
240927301XX4QK PRICILLIA849,94,1,58630.0
24092731MBN4Q4 DESLANIPURBA,94,1,49610.0
24092738KC0RKC EDM_EDMUND,94,1,49610.0
2409273PAGAMMJ ZMG5A8GG50,94,1,49610.0
2409273RXT8VW0 ADYHANING,94,1,49610.0
2409273SXYB6VS FRIS01234,94,1,25256.0
2409273TSNSBE1 ICHIGAKI,94,1,76670.0
24092747CT4TWV TIURMADEBORASIMATUPANG,94,1,49610.0
2409284FVSD8Y2 ARTIWINATA,94,1,47355.0
24092857PBJ10P VWQ2HM7AK7,94,1,49610.0
2409285EAC1T3K HARRYSALEH,94,1,49610.0
2409285PRVGKNF ZV0DW5NI8J,94,1,49610.0
2409286C7J5WFH HTANZIL,94,1,49610.0
2409286D3W26VN ERICSON_76EN,94,1,49610.0
2409286DPCBQPR AULIA.BUDIKARTIKA,94,1,39147.0
24092987GXT2ST APRIL7NAGA,94,1,54120.0
2409298E0K10AC NADIVA6,94,1,67650.0
2409298R8BHDQE MARIAMETTA56,94,1,99220.0
24092995JNTJB1 Q0SMO,94,1,67650.0
24092999BE3F48 BOENS.COMP,94,1,49610.0
2409299BRK7B1X RICKHANSEL,94,1,49610.0
240930A0126YPK LILY_AGUSTIN,94,1,49610.0
240930A8U6M9PE TOMMYTOM28,94,1,90200.0
240930ABRYTB0U IMELDARINDA14,94,1,54120.0
240930AF5TPU5V CYUNITASS,94,1,76670.0
240930AY6MH400 DENNYTAN2019,94,1,49610.0
240930B2WETFK2 TH.WELLY,94,1,49610.0
240930B3P89RQ0 VITASARI_,94,1,25256.0
240930B6MPG227 JJEKA19,94,1,76670.0
240930BSJV6QBB MARCELLIANO_KALITOUW,94,1,49610.0
240930BTXEF9DY JENTA0312,94,1,49610.0
240930BVTE769N BRYANDAVID17,94,1,49610.0
240930BW3MXTW8 IRMAWANIPURBA108,94,1,58630.0
241001C481UM51 KEZIAKHO,88,1,54120.0
241001CV9U8MNU NATHANDANNY,88,1,108240.0
241001D315KQGG IYESSEBAYANG,88,1,36080.0
241001D62FB3M7 MOMANDJRSHOP,88,1,90200.0
241001D67BR55U AGENDAIBURUMAHTANGGA,79,1,54120.0
241001DAFRPX2K SILVANA.CHRISTY,88,1,79376.0
241001DN3BSGME GLORIA_PRATIWI,88,1,63140.0
241001E4NCNYP8 LARASAMARIA9,88,1,25256.0
241001E57BQTN7 KRISTIN_T,88,1,67650.0
241001EBFS838J ELVIASAMOSIR,88,1,25256.0
241002FJT64606 CINDYCHINTIA0364,88,1,67650.0
241002FP0MTEV3 HANLOIS1,88,1,55924.0
241002FQGJA27X MKANSDNJEX,88,1,76670.0
241002FTE8PQHK MEILIANAEVITA,88,1,54120.0
241002FW5RNDUW SURYANIDJAMI,88,1,25256.0
241002FY8HUGKA SURYANIDJAMI,88,1,55924.0
241002G1FGK8PS MARIAGS30,88,1,76670.0
241002G47Y3YS9 EUNIKELLA,88,1,67650.0
241002GH6YXEWR FLORENCIAVONIKE,88,1,58630.0
241002GK1C7HNM TASYADEBORASIMANJUNTAK,88,1,63140.0
241003J319PJ66 ADENOVIA014,88,1,67650.0
241003J3XWNCB5 MEILIANAEVITA,88,1,25256.0
241004MJMN03U8 ANTHONY_FM,88,1,230010.0
241004MT3KK8AJ WS5120,88,1,58630.0
241004MV1HB63Y PAO2_COLLECTION,88,1,76670.0
241004N0AVTH5E BELLAKRISTABELLA,88,1,40590.0
241004N64XJVY5 RIANAASTRINDA,88,1,72160.0
241004NH2MYQQM JOYYEUNIKE,88,1,54120.0
241005REF8BVX2 VEYE01,88,1,63140.0
241006TQ7CH08S EVI.NADIA.EVI,88,1,76670.0
241006U04FCEMM CSACAROL,88,1,67650.0
241007V3CVANE3 HANAWOWOR.HW,88,1,58630.0
241007VCYCV20X LISASRI19,88,1,68630.0
241007VT4CE51J RIRISSITORUS288,88,1,25256.0
2410081F1NR3VH TUMORANGAGUS28,88,1,117260.0
2410081MUMQ9HB MONIKADHARMA38,88,1,58630.0
24100944KF39EP WILLYACHIUNG,88,2,117260.0
241009562YEPJ6 CINCI2017,88,1,22550.0
241010689SMD3E JOVITA1711,88,1,63140.0
2410106FSKTJE7 JUANFREDRICK_88,88,1,25256.0
2410106YXBMN55 CINTYRANI03,88,1,72160.0
24101071K9APRB ANGELAFC27,88,1,99220.0
2410107EAN3MX3 ANGELISTAAA,88,1,72160.0
2410107F9F8EV5 GABRIELLANAYLA485,88,1,70356.0
2410107R7Q8W78 LE_MARIKITA,88,1,22550.0
2410107SR6X4CG AYU_WINAYA,88,1,63140.0
2410107XKARHWD SRIYELTIKA_03,88,1,58630.0
2410107XX15X41 LEONYSALIMAN,88,1,76670.0
241011940V9RVT BAYUSHOPE9,88,1,54120.0
241012CRRVUT35 ISMAELLIMBONG,66,1,25256.0
241012D11S3AV2 MEBI90YUXM,66,1,58630.0
241014FK76VBGK ESTERNINGRUM,66,1,67650.0
241014GP98P7FP ESTERPUTRIDS,66,1,25256.0
241014H8NTSBEC CYNTHIANABABAN454,66,1,50512.0
241014HPUGMRKN LGD6_FYP04,66,1,72160.0
241014HTM52QME MENANGRASA,66,1,22550.0
241015KSGQMNRF MIKISUSHI,66,1,72160.0
241015KYP5S3XJ TAMARO33,66,1,67650.0
241015M7JAS90X RENNYALIENNALEOPARD,66,1,319700.0
241016NY35TX2N ANGELWING08,66,1,25256.0
241017RMQ0VY32 TRIMITHAARTASINURAT,66,1,58630.0
241018TVCA3XGA VIRAMEYRALIA1405,66,1,67650.0
241018U5SJTY05 026A3JYG0K,66,1,24354.0
241019086WJQ6C YEMIMAPRILIA,66,1,62238.0
24101908PED419 U60ASFZ_WJ,66,1,50512.0
24101909PU27MH DESRINOVELASIRAIT,66,1,54120.0
2410190C9GH9HS 1508AGUSTINA,66,1,319700.0
2410191FVBAQ5T ERNEST_ES,66,1,58630.0
2410191G7KRR8Q LOPHIA,66,1,63140.0
241019V4XPU4Q5 BELLAKRISTABELLA,66,1,62238.0
241019VXC796C3 ALFREDJO,66,1,50512.0
241019VY2PDPA3 SANDRAKARTIKASUPARNO,66,1,62238.0
241019W0H71Y5N JONGMUINA,66,1,50512.0
2410203KWJWV9W TIAR_SHOP1,66,1,58630.0
2410203Q514PKH DNYEL12,66,1,50512.0
2410215AYDA6DF CHENNYTHENDERAN,66,1,50512.0
2410215B2DMAV5 O3O3EEHGFE,66,1,50512.0
2410215GFCRGK3 ARTIKAIS,66,1,126280.0
2410215KV2TB8H HINGO1,66,1,62238.0
2410215P2GBUYD ZV0DW5NI8J,66,1,50512.0
2410215P6C8QT9 TANTONO51,66,1,62238.0
2410215WNXWGW4 MIMA1005,66,1,63140.0
24102161YHYCNV FRANKY_TAMBUH,66,1,50512.0
24102169GS38SS 2ZL3ZGV1_H,66,1,24354.0
2410216A12PKPD HIZ1E9ZWO1,66,1,50512.0
2410216CRDWUGE G1F_HR4GS5,66,1,63140.0
2410216GP4J58V LOLA.NOVITA,66,1,18942.0
2410226J6QYXW4 ANDRA06051998,66,1,72160.0
2410227VFM06SD JOSCELINVANIA,66,1,50512.0
2410227YJXKG0H HTANZIL,66,1,50512.0
24102280U37SA6 EP_PETRUS,66,1,124476.0
24102288P30SAA ANGEL.SAVITRIE,66,1,50512.0
2410228JGYH78P HANSVERNANDO,66,1,94710.0
2410239S344XJQ YULISARI_123,66,1,62238.0
241023A4TQB2TV _HAULIAAA,66,1,90200.0
241023ADT4JRTT GANDAOTN,66,1,50512.0
241023AE4BN842 GOLDASIANTURI1511,66,1,101024.0
241023AE6FD2SG YIPPHIE,66,1,50512.0
241023AEXTJWTH SIMONPANANGIAN,66,1,144320.0
241023AP9HPE0K SICILIABEKTI,66,1,63140.0
241023AS13HTHT MISATI123,66,1,50512.0
241023B52VVJRY JUNESYA_THO,66,1,50512.0
241024BKTB2PQ6 RNY89,67,1,319700.0
241024CN6Y0MF7 CRISTINE.THERESIA,67,1,55924.0
241024DD4Y830B 63L912FF_6,67,1,67650.0
241024DTYJ8MFY EDCHRON_,67,1,50512.0
241024E1K3E78M CAROLSETIADI,67,1,50512.0
241025ESU460P2 TIKATOBS1627,67,1,50512.0
241025EWR10XME JJT1407,67,1,62238.0
241025FF66DUQ7 DEVIRACHELIA,67,1,50512.0
241025FGNJS14K FCCY2OE7P1,67,1,67650.0
241025FUS33XKS IVANATVENUE,67,1,67650.0
241025G70APUGR WIHIDYTRI,67,1,126280.0
241026GP2TQJGR ELLEN_LELE12,67,1,62238.0
241026H69FFRG7 MIMA1005,67,1,81180.0
241026HR5P0A5R FCSHCP81KJ,67,1,50512.0
241026HYDT61NR MEIWATY1231,67,1,55924.0
241026J4138SAT HERMANSENTOSA,67,2,106436.0
241026JPP90YUM DEPRI_SETIAWAN,67,1,50512.0
241026JVFH1GK0 SYLVIA1716,67,1,101024.0
241027KJKKDJQ0 BELLAKRISTABELLA,67,1,58630.0
241027KYP0XDFP HJMVARIASIMAKASSAR,67,1,50512.0
241027MB4124PW ANGGREYANIDEBORASIAHAAN,67,1,36080.0
241027MHFFSYCR WMBX9TFFEY,67,1,50512.0
241027MWB5JFFV MARGARETSCB,67,1,186714.0
241027N02696T3 EP_PETRUS,67,1,252560.0
241027NAQ0J99A MARGARETSCB,67,1,186714.0
241027NFTR0W52 YEMIMACAROL,67,1,117260.0
241027NFWY16AM I9N2ZPKWFJ,67,1,50512.0
241027NGCYN0KB AGUSJOENTONO,67,1,63140.0
241028PE83022Y PETRANDUDJU32,67,1,58630.0
241028PK5SVUKA 94WZ9AXXGF,67,1,37884.0
241028PV7KC4JP APRILIAKERORO,67,1,189420.0
241028QPF94DVP CHRISTINAWATI98,67,1,216480.0
241029RW7Q1YPJ WELLYHART90,67,1,90200.0
241029S1Q08E6B ARDIANICIKASARI,67,1,90200.0
241029S774GGW0 LAURA_SINULINGGA,67,1,63140.0
241029SRB0SVYX ELLAREKSA_,67,1,58630.0
241029STUKHKT6 JOSEPNATA15,67,1,54120.0
241030UMGGS4YD ELYSABETPERMATA,59,1,140000.0
241030UNU0NUH4 THE_BAJUKU,59,1,319700.0
241030UU9704D4 ALLMART.COM02,59,1,67650.0
241030UX58U61D RIFHATBRIA,59,1,81180.0
241030V6QN9CT4 SONDANGSIMANJUNTAK98,59,1,25256.0
241030VARWCT3R STEFANNYLOIS,59,1,69810.0
24103104RBC9W3 RUTH_MARLINA,59,1,67650.0
2410311R71RWG8 GALLERY_DESMERS,59,2,99220.0
2410311RWEWCQP JACQUELINEAM,59,2,180400.0
2411013ME741BD STEPHANIE_88.,59,1,54120.0
2411013P6V2AS7 CHYAPRILIA1498,59,1,58630.0
2411013VKUDYTT HARDINADIVAANANDA,59,1,70356.0
24110148MGDT28 RYANALFRDO,59,1,67650.0
2411026DTQJ8KW ROMYIM,59,1,63140.0
2411026UY76X0M ORELSTTJ,59,1,198440.0
241102755DV4W2 SRI.0904,59,1,54120.0
2411027EV06MJT MAUDONGBEN,59,2,239030.0
2411027FVBVPP0 KUKUKAKAKAKIKU,38,1,144320.0
2411037THR4R4Y DAVIDMGERUNGAN,59,1,63140.0
241103932UW20P IVANADIELABEDNEGO,59,1,25256.0
24110397MYTE70 THRESSYE.NN,59,1,76670.0
2411039JR8HD9Q GANDUM63,59,1,63140.0
2411039KS2J57B KRISTIN_T,59,1,63140.0
241104BG1B52GA AHWATI.MT,59,1,72160.0
241104BQ0H7Q2V YUNNIW,59,1,216480.0
241104BQH87Q7C JEREMYSARATOGA,59,1,36080.0
241104BY518U1C 7ERWIN21,59,1,135300.0
241105DNFD3U01 CORAMDEO91,59,1,63140.0
241105E4D7AXDF NERAZZURRI21,59,1,90200.0
241105EGMG5PEP ANDIKA_DARMAWAN_WAHONO,59,1,25256.0
241105EHCRDYMK ABRAHAMWELLY,59,1,90200.0
241105EHT4P3T5 ABRAHAMWELLY,59,1,25256.0
241105F2PPD7DA MESALINASITEPU,59,1,25256.0
241106HBUPG4QY LEWISIDABUTAR257,59,1,25256.0
241107HQ55HUTS IRENESENDUK,59,1,90200.0
241107K20FYMMD LUV333_2024,59,1,76670.0
241107K7GTSRMS VIVIEN2405,59,1,19844.0
241107KBMQT9KY SANTIPHUNG,59,1,63140.0
241108NKE2RCAK ETERNAL7G,59,1,63140.0
241108P2BPARR0 HENNYS20,59,1,36080.0
241108PJWMHBAK WIJAYABARU999,52,1,54120.0
241109QF2K2EQF MG7906,52,1,36080.0
241109R1J2MSQV SUSANTI376,52,1,72160.0
241109RF4GC3C4 HTANZIL,52,2,73964.0
241109RHS7PDVX RB0X2EJRME,38,1,37884.0
241110S8CYMWP5 MARIA_LMBNTRN,52,1,54120.0
241110TR9YRA55 NENGSIHIMDBL,52,1,649440.0
241110UQ5PC63T LIENGL,52,1,25256.0
24111107BSP64Q MRTPRUL,52,1,76670.0
2411110YR5NG7N ELENRFM,52,1,25256.0
24111112FFXN3Y MYFAVORITE.JASTIPKU,52,1,54120.0
241111UUWR1C7Y PRISKILAFEDORA03,52,1,63140.0
241112171RGR9W HANSVERNANDO,52,1,22550.0
2411122EMT0932 SURINI_ANG,52,1,63140.0
2411122MMVFXW2 HANARMD__,52,1,58630.0
2411122PCE4CXE DEE1919,52,1,67650.0
2411123ED0EENV HANLOIS1,52,1,54120.0
2411134FR6H7E0 FSSINAGA,52,1,36080.0
2411134V3HYMSH BELLAKRISTABELLA,52,1,90200.0
241113559D7GGJ KA.REN_12,52,1,135300.0
2411135X69HS4A SHINDYYYYY,52,1,76670.0
24111360UF30A4 YOTAM301202,52,1,54120.0
24111362NNKJ18 SILVIAWI0404,52,1,88396.0
241113646JJJY8 INGEJANUAR,52,1,54120.0
24111467EC9E30 BILLYPARULIANLUBIS,52,1,63140.0
241114733UTR16 DAMBARISMA,52,1,36080.0
2411147QC451C4 HERNA2007,46,1,694540.0
24111489N0WPVU TASYADEBORASIMANJUNTAK,38,1,36080.0
2411159E1VAMX8 CISCAFELICIA,38,1,36080.0
241115AEBYSP3S ISAURAPUTRI26,38,1,76670.0
241115AYKWUNHR JANIMEIL,38,1,76670.0
241116B9B62AV5 BOENS.COMP,38,1,55924.0
241116C3X1EPVN ASTIPADN,38,1,63140.0
241116CBMK7JUD PAULACHRIST03,38,1,54120.0
241116CDE5Q99V JESSICAMVT,38,1,54120.0
241116CKH7FQNF CAHAYA_FANTASI,38,1,58630.0
241116DF4WTKGX DEM_S,38,1,67650.0
241117FKW4RW1U WENIFRED_,38,1,90200.0
241117FM2BNX37 WENIFRED_,38,1,54120.0
241118HQK9KBHG STENNYGRACEARITONANG,38,1,72160.0
241118HUBHPQ70 MARTIN_AXA05,38,1,76670.0
241118JDSPB07V LIDYASUMBAYAK85,38,1,25256.0
241119M60H77M2 YUSIZOE,38,1,58630.0
241119MXUFFMRQ MARISION,38,1,36080.0
241120P6RBN8FE MARIACIND,38,1,67650.0
241120PA1SRAEU CAHAYA_FANTASI,38,1,811800.0
241120PC2CBJ5J NOVANATHALIEBUDHIHARJO,38,1,90200.0
241120Q8JU1KEM LIMYANTISYLVICAHYAN,38,2,112750.0
241121RQX0R8VF MEIWATY1231,38,1,54120.0
241121T2GHT0HM HENYPHAN,38,1,36080.0
241122VSAXYHDK GIFTDAY05,38,1,58630.0
2411230UAUB56R DECOROLOGY.ID,38,1,99220.0
2411230Y2N4P57 DIKATANAYA26,38,1,79376.0
2411231CN4PKA6 LUV333_2024,38,1,49610.0
2411243BK9V3AS KU2R6H2YTK,38,1,90200.0
2411243DRFC3MU LIDIASANTOSO17,38,1,54120.0
24112449D818X2 DEBORAHSITINJAK,38,1,90200.0
2411244HE9FBTE VANDA_AMANDA,38,1,58630.0
24112560NTUVWR ERNISIMANJUNTAK012,38,1,75768.0
2411256K68WF55 RUTH_MARLINA,38,1,24354.0
2411256S1GW9RN SHOPALICIOUS3,38,1,63140.0
241125769MM9A7 NOVIYANTIL.S,38,1,63140.0
24112576W2E2NW IRENYOOO,38,1,36080.0
241126892NH50U Q2A1U_O1_N,38,1,178792.0
2411268SEN039C NOVENAGISELA,38,1,0.0
2411268X3EPTT8 ARNELIA31,38,1,58630.0
241126923U5CGQ USAGI_T,38,1,55924.0
2411269HS3WJTM JANICEEM,38,1,36080.0
2411279T65PKWV ALFAIMANNUEL,38,1,36080.0
2411279XFCEKS5 KEZIAKHO,38,1,90200.0
241127ANUT2DNK AMANDALORENZA_,38,1,72160.0
241127B5SMJREM LISPASINAGA,38,1,58630.0
241127BBUPWCGK FIKA.MUTIHA,38,1,58630.0
241128CJGQYXRE NOVIANALEE,38,1,22550.0
241128D48T0WED NONA_MAUBOY,38,1,108240.0
241128DCGWFTTB 100816AGUSTUS,38,1,36080.0
241128DV9ABSPC IHOETAMI,38,1,36080.0
241128E06X37FF AGUS_MARBUN,38,1,63140.0
241128EK3M4GFV DESY.V,38,1,67650.0
241129GUMHEH63 ERICSAN26,38,1,90200.0
241129GYY34BBT PETROSLUMBANTORUAN,38,1,25256.0
241130J3AYNJJU XCEZZR8Z_0,38,1,36080.0
241130K5612X0X REZA_ALVIONETA,46,1,36080.0
241201P7J5JETE ELYNINGSIH_06,25,1,63140.0
241202QYEX0YHC ABRAHAM_ALEXANDER97,25,1,99220.0
241202R9NWRER3 HTANZIL,25,1,81180.0
241202RCTN6AVC RAHELFRIDANG,25,1,27256.0
241202RDD2J3CK VALENCIAAGATHAN,25,1,81180.0
241202REC492MR HERYSUGIYANTO28,25,1,81180.0
241202RES50GBK KATRINASIMANGUNSONG,25,1,72160.0
241202RF0YT0NW DIPAADI,25,1,81180.0
241202RFTH5V47 DESWITA.DEAR,25,1,63140.0
241202RN4NPJR4 NATHANDANNY,25,1,81180.0
241202RPWYMEQF CHRISTOPHER.CEJE,25,1,243540.0
241202RQ6EEX8W RENCY91,25,1,56826.0
241202RT2CFCNF RICHPTL,25,1,45100.0
241202RUAYCWKN SAMMYSOUISA,25,1,81180.0
241203SW63R1E2 ABEDNEGOIA_,25,1,81180.0
241203T094TYFQ RIKE.WAN.JULY,25,1,676500.0
241203T0KYXMK2 STEPHANUSA,25,1,81180.0
241203T5WBNQVM MARIAELI84,25,1,25256.0
241203T93RGAD5 PALUPI23,25,1,81180.0
241203TK0YDNKJ EVERLYSHOP77,25,1,54120.0
241203TXAJAQ8R GERALDYNEMARCEL,25,1,81180.0
241203U35R4PNY HELNICA12,25,1,81180.0
241203U851J1H8 YEDIJABELLA,25,1,54120.0
241203U87NDAV8 GABY_BUD,25,1,81180.0
24120403BF6UJ5 OKTIRETNANINGRUM,25,1,58630.0
24120406A8TWW8 LASSS_,25,1,58630.0
24120408E940A8 MULIYANTOS,25,1,81180.0
24120409NDA37F MELDATESSY,25,1,81180.0
24120409PBRGCX EMBIM12,25,1,81180.0
2412040MEDYJJ3 TIURMADEBORASIMATUPANG,25,1,81180.0
241204VB6J5Q8M HIZ1E9ZWO1,25,1,81180.0
241204VCHDJFAR PONCO_HANDOKO,25,1,81180.0
241204VQN1TBFU YONGKIRS,25,1,126280.0
241204VVRRAP71 IVAN060520,25,1,81180.0
24120523MDSA66 RYAN_IBRANI,25,1,324720.0
2412052CYDXM29 JESICAWAHONGAN,25,1,0.0
2412052JGX2H7H ASHLEYCHRISTA,25,1,81180.0
2412052NEJFX4A GLORIANA0695,25,1,81180.0
2412052SQAYKCB MOMUNYU,25,1,324720.0
2412052WKHTXMT JULIEWIJAYA1985,25,1,81180.0
2412064FK6BAHB JEEESSY,25,1,108240.0
2412064PUTQMCX JEJESICAANGELA,25,1,81180.0
241206507FWFJU PETTI.HUTAGALUNG,25,1,72160.0
241206510NS5X3 MERIRR,25,1,76670.0
2412065C2KMGA7 MEEQ594YLR,25,1,63140.0
24120771NEX446 RALPHYCHRISTIAN429,25,1,90200.0
24120774F8B46U JANE.CHENDRA,25,1,81180.0
24120777RU7N9A MAYLANI_CUTE,25,1,67650.0
2412077VYRWBQ1 FRANCISCAAYU_K,25,1,63140.0
24120787QGM7KX HI19SHOP,25,1,324720.0
2412089ERH3KB3 VICTORIAFURNICENTERSPRINGBED,25,1,72160.0
2412089F0T7G6E AYU_WINAYA,25,1,81180.0
2412089F5QHPNQ YANNYCANESSYA,25,1,81180.0
241208A4PGUHU1 HELLEN_LUSIANA,25,1,324720.0
241208A6UCT7GQ ARGAS7,25,1,76670.0
241209B25G1FHK CHRISTINAULI17,25,1,54120.0
241209BJN2XYBG VENNOSAAA10,25,1,72160.0
241209BQ5UX7NN ANTONIUSBAHO,25,1,81180.0
241209BUUN4CXP JULEECHAN,25,1,25256.0
241209C7FRP7G6 APINASARI,25,1,81180.0
241209CFRRQV4N YMSITEPU,25,1,81180.0
241209CJ0XJY3K MYSPANE,25,1,90200.0
241209CKJKDBCT HERDI371,25,1,81180.0
241209CQST749B JEEAYN,25,1,63140.0
241209CSKYQBU2 KU2R6H2YTK,25,1,90200.0
241209CSWF2G8X GLORIADAVITA,25,1,81180.0
241209CUW430UT SIMON_CHANDRA.24HO,25,1,81180.0
241209D4DMEFPX YEANNE82,25,1,81180.0
241210E84GWSWY IMAITASIMBOLON_79,25,1,81180.0
241210EHHF5831 HANSGO85,25,1,81180.0
241210EKKCP7H3 DENNYYAN374,25,1,81180.0
241210EQR1F92C MARCHNIET,25,1,487080.0
241210ET78A6QH MYSPANE,25,1,58630.0
241210ET8R1124 MYSPANE,25,1,54120.0
241210FKS6WQY2 HORISON96,25,1,135300.0
241211FV6SSA71 MAWARTI170,25,1,45100.0
241211GHJ4KGTG MIYOMI0302,25,1,55924.0
241211HH7BMJHR BEARYCAN,25,1,54120.0
241211HKHJ7TK8 FERIIRAW0815,25,1,81180.0
241211HMKCR25M HA_LUMI,25,1,24354.0
241211HMN067US JANE.CHENDRA,25,1,81180.0
241211HQU97RKB JIMMYCAHYADI825,25,1,81180.0
241212JG1MGS7C ALEXANDRA75,25,1,54120.0
241212JPX5RT5W TASYADANASHTA,25,1,81180.0
241212K5B1AK29 BELLAKRISTABELLA,25,1,81180.0
241212KFFNR419 HOSEAFARDANA,25,1,81180.0
241212KGXRJ1S0 BOENS.COMP,25,1,81180.0
241212KY9T0EHN KATHREENNATALIA,3,1,67650.0
241212MPEGKXBQ BENNYPEACEMAKER,3,1,81180.0
241213MW4GX3RK DESIANDREIAS,3,1,25256.0
241213MWSST8HM ELLAREKSA_,3,1,81180.0
241213MY6EF4H4 ROBERTKP,3,1,81180.0
241213NN05WJK4 DNYEL12,3,1,81180.0
241213NRNBPS07 NIKHOFNL,3,1,81180.0
241213P5BN6USV YOHANIONG,3,1,81180.0
241213P8HQGK1N KINGAURO,3,1,54120.0
241213PKX42WNX MIKACU.ID,3,1,45100.0
241213PRUWSGCN ABIGAEL23.,3,1,81180.0
241213PTE0V9CQ FRANSIENTAMUSA,3,1,90200.0
241213PVPJ43TB NOVALANTU,3,1,81180.0
241214QDVXK25K RACHGABRIELLA,3,1,81180.0
241214QK8PN5JX MEMEI.RA,3,1,81180.0
241214SFYQAWXX SHELVISOFIA,3,1,81180.0
241214STRWQAAK LUSY132,3,1,81180.0
241215TTQG61SW SICILIABEKTI,3,1,81180.0
241215UPJ4TDCS DEBORADEWI11,3,1,58630.0
241215UR11UP4E SAMITON,3,1,58630.0
241215V902QKQQ SEJADI,3,1,1691250.0
2412160JN08KEV GIANIAMIDA,3,1,101024.0
2412160W94HTNB DANZ_CH,3,1,54120.0
2412172Q23F33G ELISAWU07,3,1,63140.0
2412172YAQ4R7E KXGR24UEJZ,3,1,58630.0
2412173722JKFR BELLESHOP92,3,1,99220.0
2412173RSCPJV3 KVNKRS,3,1,67650.0
24121741JV7E8F NENCI25,3,1,25256.0
24121748QCYPBT MAGDALENABENING,3,1,49610.0
2412174BYNVBP6 AN7UHUT,3,1,88396.0
2412185EDQU1WH STEFANIEWONG2994,3,1,45100.0
2412185RC03S81 FSSINAGA,3,1,54120.0
2412186B01K5B4 DEAPONDAAG14,3,1,58630.0
2412197W9686KJ BOENS.COMP,3,1,99220.0
24121987T4GN6V CHRISTIANKANTER198,3,1,36080.0
24121994X1VGBD MARWITA97,3,1,81180.0
2412209DFA3FD4 AARONGERNARD,3,1,99220.0
241220AF31YW9H DANIELWONGSO17,3,1,40000.0
241220BAHBQWYW TAMARAAPRIDITTASIMAMORA,3,1,99220.0
241220BP53U968 LINDAFEBRIANA808,3,1,25256.0
241220BQA3BUBM RESKIADHI,3,1,99220.0
241221D9327BF1 G47WUA33G6,3,1,24640.0
241221E53MJQ4Y YEMIPH,3,1,90200.0
241222FW4CRURK GUNARTI_UNA,3,2,81080.0
241222GFA3JFEM RAMBUKAPITA,3,1,58630.0
241222GWD8AU9Y MEGAH_ALIM,3,1,25256.0
241223JAPV0VE5 STEPHCO59,3,1,25256.0
241223JD9DP4WN TINIWINARTO,3,1,198440.0
241223JGP1U7CM LINDA.CS,3,1,25256.0
241223JJKWKQK2 SYLVIA1716,3,1,99220.0
241224ME2J3S43 POLLA_JENNY0808,3,1,25256.0
241224MTDG65PH MELLYNDAYULIANTI,3,1,126280.0
241225Q92R9BC6 PETROSLUMBANTORUAN,3,1,58630.0
241225Q9XUKFJF K.DEWI.PS,3,1,63140.0
241225QAXDHPS6 AN7UHUT,3,1,81180.0
241225R4TEDVNK PATRICIAVALERIE,3,1,99220.0
241226SMWPR9YX SYANTIN,3,1,110000.0
241226TP098ER2 DESTRIYANI03,3,1,31080.0
24122707X80C0T DBYYY,3,1,70000.0
241227UC1MVBJF IDAROYANI259,3,1,24354.0
241227V3G38V68 ELVIBOIMAU_,3,1,72160.0
241227V8R17S92 _AND.10,3,1,76670.0
241227V8X0WKCE _AND.10,3,1,63140.0
241227W1ARBA5Q ANNA_ELEVEN_SHOP,3,1,25256.0
2412280MF21240 CHARVINA16,3,1,99220.0
24122815TKD0NQ AIDYNAA,3,1,25256.0
2412281FV7FM1M TSUTSUJIGAOKA301,3,1,50512.0
24122826UTYV95 PUTRIRL04,3,1,25256.0
2412282D4WEPEB PATRICIAVALERIE,3,1,90200.0
2412282P2HG7TE 2KJSG1R4HT,3,1,99220.0
24122944739FKV JULISANTOSA15,3,1,126280.0
24122944UJDHAD 28.CO_QUARTERLIFE,3,1,63140.0
241229477K8GV8 DIANAER,3,1,99220.0
241229562J4WCU LIGYAMRLN,3,1,198440.0
24123067X4RK2H MEILANYD,3,1,198440.0
2412306P3F3WNB CHRISTIANCHANDRADINATA,3,1,99220.0
2412306RC8X3PX BATHOZAI_86,3,1,58630.0
2412306YJE4FE8 SHAFEEID,3,1,67650.0
2412307NRRXKXY SUSANTIMARIA,2,1,99220.0
330BOOKSTORE,1218,4,184500.0
330BOOKSTOREPREMIUM,1295,3,175500.0
3QVWMI6G_C 230701T9TM118V,522,1,57120.0
423A350R3R 2304144MUHN27Y,612,1,95700.0
4T4M4 230408JFPQGTGT,612,2,0.0
4T4M4 SHOPEE,640,1,95700.0
4UNYQPUTPZ 230607RM8CNG5Y,551,1,33495.0
6B00F0I9LO 230606P3X03MFK,551,1,33495.0
73IWANH 230606N3C6JT7W,551,3,-33320.0
73IWANH 230606N3K1U7B9,551,1,33495.0
98DAVID_STAK. 230701TH3MQ5VY,522,1,41888.0
9ZFGY_OQWQ 230607PBAHDD73,551,1,33495.0
A. SUSANTO,904,1,60264.0
A.E. SIHOMBING,1325,1,65000.0
A/N: ROSINHA DAMANIK,2283,1,50000.0
ABDI KRISTIANTO,2539,4,175800.0
ABDI ZEBUA,453,4,333000.0
ABDIEL,2484,2,128700.0
ABDIEL CHRIS TANTO,302,1,60000.0
ABDIEL JEREMY,1456,1,65000.0
ABDIELHAREFA 230607Q5W568R9,551,1,33495.0
ABDIMAN GULO,1016,2,95376.0
ABE,2707,1,108000.0
ABE FFB LOUPATTY,1616,2,79946.0
ABE LOUPATTY,815,1,51570.0
ABE P,1979,1,29000.0
ABEDNEGO TOGATOROP,2185,1,25000.0
"ABEDNEGO TOGATOROP,",1638,2,0.0
ABEL,2079,3,98100.0
ABEL K. ARUAN,2434,1,420000.0
ABEL SHOPEE,934,1,97200.0
"ABEL,",1072,1,73125.0
ABEL.,1429,1,24750.0
ABETA CHRISTIANI,1052,1,54600.0
ABETH DESIKA SIMBOLON,1941,1,35000.0
ABI TANDISERU,2634,1,37500.0
ABIGAIL,1615,1,42400.0
ABIGAIL AMADEA,1615,1,45050.0
ABIGAIL ERICKSON,777,1,0.0
ABIGAIL KRISTIANTI,2602,1,54000.0
"ABIGAIL MARISCA CHRISTY,",2212,1,13500.0
ABIGAIL MC,1616,1,43350.0
ABIGAIL NATALIA,1889,2,125000.0
ABIGAIL SOPHIA,1405,1,24750.0
ABRAHAM A.S.,878,1,49660.0
ABRAHAM ADITYA,2490,1,54000.0
ABRAHAM ADIWIDJAJA SUTJIONO,352,2,155000.0
ABRAHAM KARUBABA,1377,1,24750.0
ABRAHAM LIANDO,1056,1,40740.0
ABRAHAM NUGROHO,1400,1,58000.0
ABRAHAM PARDAMENTA BARUS,538,1,65000.0
ABRAHAM SATYA GRAHA,1075,1,43650.0
ABRAHAM VINCENT GAVRIEL,1695,2,133000.0
ABY KYLIE,1192,1,63050.0
ACE,1528,1,51480.0
ACEN,1318,1,0.0
ACEN/VINA,1300,1,30000.0
ACHA,1930,3,147500.0
ACHA LUTUTMAS,1231,1,26325.0
ACHTUS DAMERIA,2463,2,114000.0
ACI,796,1,65000.0
ACSI,246,2,776000.0
ACUAN,771,1,36000.0
ADAM KURNIA (REFORMED MILLENNIUM CENTER INDONESIA),1608,1,1999200.0
ADAM KURNIA - CALVIN INSTITUTE TECHNOLOGY (2019),884,3,29925.0
ADE,2710,1,480000.0
ADE ASLINA S,2498,1,47700.0
ADE ASTALIA PRATIWI,2014,1,85000.0
ADE BERLIANI,1531,1,48000.0
ADE D,1427,1,62370.0
ADE ELTRESIA,1960,1,68000.0
ADE FRISKILLA HARIANJA,1050,1,70000.0
ADE MAHARANI,1285,1,35490.0
ADE NOVIA SIMAMORA,979,1,63180.0
ADE PUTRA WIBOWO,1478,1,54450.0
ADE RIANI DORKAS KEDOH,1221,1,56901.0
ADE ROCK,1419,1,0.0
ADE RUT FEBIMESRIA,1687,1,171000.0
ADE S. BUSTANI,1615,2,69360.0
"ADE,",1877,2,83850.0
"ADE,,",569,3,2310000.0
ADE. A1,960,1,24300.0
ADE..,952,1,24300.0
ADEL,1911,3,166200.0
ADEL SORONG,324,1,54000.0
ADELIA INTAN,993,1,70000.0
ADELIA SURYANI JONATHA,1614,1,63000.0
ADELIA TESA,1217,2,107100.0
ADELIN TASYA,1615,1,34450.0
ADELINA,2647,1,45000.0
ADELINA TAMPUBOLON,1313,1,63375.0
"ADELINE AMASTAFORA,",2266,1,80000.0
ADELINE DELINDA ISAAK (DELA),1304,1,50700.0
ADELINE WIDJAYA,1749,1,70000.0
ADELLA TJONG,853,3,50544.0
ADELLIA JESSICA / DAVID WAHYU,1510,1,40000.0
ADEMIR ANTONIO DA SILVA JUNIOR,517,2,300000.0
ADEN,1615,1,26500.0
ADESINTIA MERLIN,367,2,0.0
ADESINTIA.M 2304047YU6STQ5,612,1,62205.0
"ADHEL CHRISTY TOWINANGKU,",1877,1,50700.0
ADHI WIBOWO,2550,4,535500.0
ADHI WIJAYA,2641,1,522000.0
"ADHI WIJAYA,",414,1,750000.0
ADHI WIJAYA.,987,3,456450.1
ADHITYA HERLAMBANG,915,1,20655.0
ADHYAN LIDIA DANIEL,1065,1,63375.0
ADI,1051,1,58200.0
ADI GUNAWAN,1045,1,50440.0
ADI KUNCORO,1485,1,64350.0
ADI LAUHATTA,949,1,106700.0
ADI PERMANA,1465,1,24750.0
ADI PUTRA,904,4,291125.0
ADI SANTOSA SOETRISNO,1192,1,66980.0
ADI SETIADI,1571,1,105000.0
ADI SETYAWAN,1615,1,30740.0
ADI YOSEP,983,2,197600.0
ADIAN,2722,1,54000.0
ADIB WIJAYANTA,1443,1,64350.0
ADIGUNA SUNYOTO,2042,1,85000.0
ADINDA CHRISTINA,2339,1,45000.0
ADINDA NATALIA CHRYSTANTI,908,2,89914.0
ADISTAGITA,1377,1,24750.0
"ADISTYA,",1875,1,25000.0
ADISUPUTRA RADJATADOE,1343,2,113800.0
"ADITA NOVALINA,",2211,1,18750.0
ADITYA C,1614,1,31800.0
ADITYA INV/20231114/MPL/3565057379,414,1,73200.0
ADITYA NATANAEL INV/20231018/MPL/3516591950,440,1,59475.0
ADITYA PRATAMA HINDRAWAN,2658,1,162000.0
ADITYA RAMA MITRA,1075,1,130950.0
ADITYA RAMA MITRA INV/20230825/MPL/3420769030,495,1,91134.0
"ADITYA RIO FANSDANA,",1877,1,45240.0
ADITYA WIJAYA,1146,1,50000.0
ADIWASONO MATHEUS BUDHI,1300,1,68250.0
ADIWIJAYA,2499,1,72000.0
ADJIE,2226,1,34000.0
ADNJANA BASUKI/BP JAP SETIAWAN,698,1,960000.0
ADOLFINA SARTIKA,1329,2,150000.0
ADOLFINA SARTIKA..,1034,1,52250.0
ADRE YUNIUS,316,6,243500.0
ADRI KALIGIS,1304,1,63375.0
ADRIAN LUCAS LAMIRAN,1615,1,31800.0
ADRIAN NICO,2435,1,52200.0
ADRIAN PERMANA,2435,1,76500.0
ADRIAN S,1778,2,101600.0
ADRIAN SINARTO,1055,5,657050.0
"ADRIAN SINARTO,",1990,1,54000.0
"ADRIAN SINARTO,,",1888,1,50000.0
"ADRIAN SINARTO,,,",1744,1,64000.0
ADRIANA CHRISANTHY,1990,1,100000.0
"ADRIANI STEPHANIE NOMLENI,",2144,1,49900.0
ADRIANI ZAKARIA 1,2666,2,69500.0
ADRIANUS,983,2,132050.0
"ADRIEL OSMOND,",2358,1,50000.0
ADRIL CUSTOMER,2114,1,65000.0
ADVEND ARYHON MANURUNG,2064,2,110000.0
ADVENDIANTO,1631,1,82025.0
ADVENT,2436,1,58500.0
ADVENT INV/20230710/MPL/3338229961,540,1,96075.0
ADY ERMAN HANING,1092,7,213500.0
ADY ERMAN PAUL HANING,1088,2,68250.0
ADY HANING,733,1,32500.0
ADYATMA,1615,1,32860.0
ADYATMA SANTOSA,1510,1,40000.0
ADYATMA.,1222,1,29810.0
ADYTIA TRI HANDOYO,915,6,327765.0
ADYTIA TRI HANDOYO.,829,2,116640.0
AERIN ANGGONO,780,1,87480.0
AFAN,1647,1,57420.0
AFIFAN NUR ROFIQ,2374,1,67500.0
AFRIADI S S,1527,1,64350.0
AFRIAN BEKTI ALIANSYAH,1185,1,63375.0
AFRIANDI FERDINAN,2403,1,54000.0
AFRYANA SIAHAAN,1200,1,63050.0
AGANTRY PURBA,1161,1,20475.0
AGAPE LUMBANTOBING,1615,1,31800.0
"AGAPE LUMBANTOBING,",701,1,26796.0
AGATA SAFIRA / BAYU / OTNIEL,2696,2,126000.0
AGATA SINAGA,1892,1,60000.0
AGATHA DACHI,983,1,27160.0
AGATHA PUSPITAA (ANGGI),1514,1,24750.0
AGBERT HAMEL,1371,1,84150.0
AGITA,1057,1,92625.0
AGITA CHRESTINA HEUMASSY,2829,1,54000.0
AGNA,906,2,123639.0
AGNES,1368,1,60000.0
AGNES (YPK GLORIA SURABAYA),713,1,2520000.0
AGNES AGATHA,2520,2,95000.0
AGNES AMBARITA,2123,2,345000.0
AGNES ANGELINA,867,1,18431.0
AGNES ENJELITA NAINGGOLAN,1220,1,87720.0
AGNES FEBRIYANTI,2039,1,140000.0
AGNES GIOVANNI,1220,1,58500.0
AGNES GIOVANNI MARSIUS,915,1,72900.0
AGNES HADI RESITA,1673,1,65000.0
AGNES KRISTINA HALOHO,1029,1,63150.0
AGNES KUSUMADEWI,1251,2,300000.0
AGNES MARTHA,977,2,155200.0
AGNES MARYO,733,1,52500.0
AGNES NOVA,661,1,23925.0
AGNES NOVA ASTRIDA PURBA,1433,1,24750.0
AGNES NOVA PURBA,1434,1,24750.0
AGNES PENI,915,1,61236.0
"AGNES SAPUTRA,",2290,1,60000.0
AGNES SIBARANI,1548,1,63050.0
"AGNES SIHOMBING,",2359,1,60000.0
AGNES SILGAN INV/20240118/MPL/3687084772,349,1,54900.0
AGNES SOBALISA LIMBONG,1715,2,119000.0
AGNES TERESA,2487,1,34200.0
AGNES YELIN,1178,1,48750.0
"AGNES YOSANA,",829,1,63180.0
"AGNES,",2158,1,43900.0
"AGNES,,",1425,1,64350.0
AGNES..,1088,1,53625.0
AGNESIA FRISKILA,1057,1,48750.0
AGNESIA LORENZA,1777,3,253700.0
AGNESIA SINTA PALINGGI,1302,2,175500.0
AGRADA CIPUTRA,852,1,58200.0
AGRINA MAGDALENA PATIANOM,780,1,52488.0
AGRISNO TATENI,183,1,28000.0
AGRIVA OKTAVIANUS NAINGGOLAN,1542,1,64350.0
AGUA SWANDONO,915,1,51030.0
AGUNG,1616,1,58305.0
AGUNG CHRISTIAN SIMANJUNTAK,1192,1,63375.0
AGUNG DWI LAKSONO,2429,1,54000.0
AGUNG KURNIAWAN,525,16,432900.0
AGUNG MUKTI,1147,1,45630.0
AGUNG SIH PAMBUDI,253,1,45500.0
AGUNG SILALAHI,1615,1,36040.0
AGUNG WAHYUDI (TRAKINDO),968,1,65000.0
"AGUS ANDRI,",1616,2,112680.0
AGUS ANEN RITONGA & TATI FERIANA SIHOMBING,519,1,0.0
"AGUS BUDIHARDJA, EV",994,8,60472300.0
AGUS HARIYANTO INV/20231229/MPL/3650534857,369,1,16000.0
AGUS INV/20230721/MPL/3356611373,530,1,42975.0
AGUS JAYA ATMAJA,1845,1,44080.0
AGUS PRIANTO,1674,1,85000.0
AGUS PRIHANTOKO,1140,1,72000.0
"AGUS PRIHANTOKO,",878,2,123200.0
AGUS SALIM HALIM,2465,1,45000.0
AGUS SETIAWAN MARBUN,872,2,146544.0
AGUS SUSANTI,1615,1,31800.0
AGUS SUSANTO,1222,1,30050.0
AGUS SUSANTO INV/20231030/MPL/3536494190,429,1,59475.0
AGUS SUSANTO.,824,1,74490.0
AGUS WAHYUNING MAYANTO,2780,1,32400.0
AGUS WARSONO,1699,1,0.0
AGUS WATYANTO,1448,1,62370.0
AGUS WIBOWO,97,1,55000.0
"AGUS,",1058,1,50440.0
AGUSROMBA 230408K4BRY7RY,612,1,52635.0
AGUSTINA,780,1,74358.0
AGUSTINA GULTOM INV/20230109/MPL/2961930313,723,1,84735.0
AGUSTINA IKA,2186,1,60000.0
AGUSTINA LADO,2533,1,67500.0
AGUSTINA LADO (INA PAU),2571,1,57000.0
AGUSTINA LIMBONG ALLO,1646,1,57420.0
AGUSTINA MALAGA,1198,1,63375.0
AGUSTINA MARTINUS,1654,1,57420.0
AGUSTINA RAMLA,988,1,97200.0
AGUSTINA SUSANTI,2805,1,45000.0
AGUSTINA TAUFIK (DESSY SC),2647,1,46400.0
"AGUSTINA,",420,1,280800.0
AGUSTINE,1029,1,61000.0
AGUSTINUS (PERKANTAS PALU),533,1,91000.0
AGUSTINUS INDRA,1742,3,157000.0
AGUSTINUS PRAKOSO,915,1,63180.0
AGUSTINUS RAHARJO,42,1,224000.0
AGUSTINUS WIDOYOKO,1122,1,88000.0
"AGUSTINUS,",732,1,97200.0
AGUSTINUS..,1074,2,117000.0
"AGUSTUA SIHOMBING,",2497,1,50000.0
AHIMSA,1436,1,52000.0
AHIMSA BUENA,1372,1,76230.0
AHIMSHA,1517,1,40000.0
AHMAD,2185,1,56000.0
AHMAD ASYRAF,1285,1,22376.0
AHMAD KHOLIKUL KHOIR,1542,1,61380.0
AHMAD RICARDO,1741,2,154000.0
AHMAD RS,1990,1,2000.0
AI NUR LATIFAH,1471,1,53856.0
AILEEN PRISCA S,1499,1,44550.0
AIMEE,901,1,59210.0
AIMEE.,824,1,61960.0
AING JAN YOSEF,1187,1,117000.0
AINI,1615,1,27560.0
AINI TO UTARI,1037,1,24375.0
AINUL BASOR,968,1,61236.0
AIRIN,983,10,336500.0
AIRIN LEVINA,1931,1,45000.0
AIRINE,2492,1,50000.0
AIRYN ILENY.K,2527,1,54000.0
AJEMMY S BRIDGE EXPRESS,983,1,155200.0
AJENG ASTRINI,1221,3,204000.0
AJI,2632,3,60500.0
AJI TIYO INV/20230701/MPL/3321457281,550,1,89670.0
AJI TIYO INV/20230919/MPL/3466052579,469,1,64050.0
AKBAR,1070,1,85800.0
AKHADIA NILAMSARI,849,5,260766.0
AKHADIA NILAMSARI INV/20230825/MPL/3420954912,495,1,47845.0
AKHADIA NILAMSARI.,829,1,56376.0
AKHUNG / ISANNA,65,2,147500.0
AKHUNG BERITHEL INA,1601,17,728700.0
AKHUNG DAN ISANNA.,397,2,20000.0
AKHUNG.INA #2305207CQCRFVY,582,1,143550.0
"AKIKO,",2508,1,60000.0
AKIRA RIOFUKU SOUHOKA,2414,1,58500.0
AKTAVESTEN YEHESKIEL PANELEWEN,1313,4,305175.0
AKWILA SARASWATI SUKMONO,930,1,65000.0
ALAN CHRISTY SOEWARGO,1510,1,79200.0
ALAND JULIO CHRISTI,2066,1,60000.0
"ALAND JULIO CHRISTI,",1222,2,89650.0
ALANIS,1246,1,63975.0
ALBECK,62,6,173900.0
ALBERIKUS SUPRIODO,1645,1,25000.0
ALBERT,1807,6,354700.0
ALBERT ANDREAS,1616,4,194677.0
ALBERT C PURWANTO,795,2,116640.0
ALBERT CHRISTIAN PURWANTO,1154,1,80000.0
ALBERT INV/20230708/MPL/3334958928,541,1,64050.0
ALBERT KOESNAIDI,1080,3,227960.0
ALBERT KURNIAWAN,1102,4,226670.0
ALBERT LIADINATA,857,6,358700.0
ALBERT LIADINATA (ANEKA JAYA),815,2,129498.0
ALBERT LIADINATA (SEKOLAH SMA METHODIST 2),920,1,71670.0
ALBERT PMK,26,5,376400.0
ALBERT WIJAYA,829,9,556290.0
ALBERT WIJAYA INV/20240101/MPL/3656697306,365,1,75500.0
"ALBERT,",794,2,126125.0
ALBERT..,1224,1,80000.0
ALBERTHIN JOHANNES,984,1,77760.0
ALBERTUS ANGGA RIYADI,1934,1,58000.0
ALDI,1616,2,152340.0
ALDI ABDILLAH,1845,2,107200.0
ALDI DARMAWAN SIE,859,5,362960.0
ALDI DARMAWAN SIE (INV/20230531/MPL/3265175657),581,1,33320.0
ALDIMAN SINAGA,1960,1,60000.0
ALDO,1376,7,680730.0
ALDO (ALUMNI),581,2,180000.0
ALDO MONANG SIMANJUNTAK,1283,1,44135.0
ALDO PAKA,2878,1,54000.0
ALDO RAYENDRA,878,3,163930.0
ALDO RUDOLF,2550,1,45000.0
ALDO WITANA INV/20240101/MPL/3656681509,365,1,75500.0
"ALDO,",1698,1,0.0
ALDO.,1107,1,48750.0
"ALDONI SINAGA,",1997,1,25000.0
ALDONNA PURBA,1822,1,55000.0
ALDORA HELSA,1300,3,173975.0
ALDORA HELSA GOEWYN,2053,2,180000.0
ALDORIO FLAVIUS LELE,907,2,156410.0
ALDY HERALDY,1688,2,165000.0
ALDYTH,1280,1,85360.0
ALESSANDRO CORNELIUS LIANDO,902,1,52000.0
"ALETA,",1615,1,32860.0
ALETHEA AIKO M INV/20230724/MPL/3362868119,526,1,71625.0
ALEX,2438,7,375500.0
ALEX DERMAWAN INV/20230223/MPL/3066371063,678,1,19215.0
ALEX DHIKA,2532,1,52200.0
ALEX HENDRA,974,1,65000.0
ALEX HENDRA GIAWA,809,1,66096.0
ALEX INV/20240530/MPL/3936167355,216,1,51425.0
"ALEX LEO,",2168,2,600000.0
ALEX LUWUK,2648,1,22500.0
ALEX ONGGO,2221,1,65000.0
ALEX SETIAWAN,1109,1,72750.0
ALEX TAGUKAWI,306,3,369300.0
ALEX TAMPUBOLON,2455,1,351000.0
"ALEX,,",915,1,51030.0
ALEX.,815,3,244610.0
ALEX..,928,1,58200.0
ALEXANDER,1510,1,40000.0
ALEXANDER DARMAWAN,808,2,78950.0
ALEXANDER FARELL RUBENS BUDHIARTO,1541,1,60000.0
ALEXANDER H. HARTONO,438,1,65000.0
ALEXANDER JOE ANGGRIANTO INV/20231222/MPL/3639596261,372,1,16000.0
ALEXANDER MUTAK,1366,1,65000.0
ALEXANDER OCTAVIA,93,8,1732000.0
ALEXANDER REVICT,732,1,82620.0
ALEXANDER SINAGA,864,2,84365.0
ALEXANDER TD TAKUGAWI,1232,1,54000.0
ALEXANDER TH.D.TAGUKAWI,853,5,169128.0
ALEXANDER THEODORE DUKA TAGUKAWI,1488,1,225000.0
ALEXANDER TIMOTHY,928,1,62075.0
ALEXANDER TIMOTHY INV/20230706/MPL/3329812667,545,1,64050.0
ALEXANDER WAWORUNTU INV/20231018/MPL/3515831784,441,1,22875.0
ALFA CHARISMA PELLO,1274,1,63655.0
ALFA IMANNUEL,2023,1,100000.0
ALFA IMANNUEL ADI,780,1,59486.0
ALFA IMANNUEL INV/20230703/MPL/3325540082,547,1,82350.0
ALFA MARZELINO,1551,1,52000.0
ALFA SEKEON,2322,2,108000.0
ALFAIZAH PERMADI,2343,1,46800.0
ALFANI TULENDE,2583,2,90000.0
ALFIAN,2689,1,54000.0
ALFIAN LATAENA,138,7,543000.0
ALFIAN TOPED,920,1,71624.0
ALFIAN..,984,1,72900.0
"ALFIANTO SINULINGGA,",2410,1,60000.0
ALFIANUS YOAN S,1062,1,45500.0
ALFIANUS YOAN SAMARA,140,1,238000.0
ALFIN,1332,2,126750.0
ALFIN EDO KAISAR LUBIS,1845,1,44080.0
"ALFIN EDO KAISAR LUBIS,",1861,1,65000.0
ALFIN KURNIAWAN,2457,1,67500.0
ALFINA FEBRILIA ARANTIKA,853,3,50544.0
ALFIUS YONATAN,1283,1,74690.0
ALFON RENALDO,1510,2,80000.0
ALFONS RENALDO TAMPENAWAS,1507,2,73500.0
ALFONS TAMPENAWAS,1510,1,40000.0
ALFONS TAMPENAWAS.,780,1,38880.0
ALFONSUS DWIPUTRA WIDJAJA,1510,1,40000.0
ALFRED,1790,1,58000.0
ALFRED JOBEANTO,1222,3,129310.0
"ALFRED JOBEANTO,",859,3,146687.0
ALFREDJO 230607QF4BC2MN,551,1,33495.0
ALFRIDA UNI,1745,1,58000.0
ALI DARMAWAN,1009,2,185000.0
ALI JAYA SAPUTRA,1821,3,224000.0
ALI SALIM,340,5,585055.0
ALI SALIM INV/20230803/MPL/3382051900,516,1,200550.0
ALI SALIM INV/20231021/MPL/3521682183,436,1,62075.0
ALI SAPUTRA INV/20230730/MPL/3373457862,520,1,80520.0
ALIANTO SAILAH,920,1,38200.0
ALICE,918,1,62075.0
ALICE LANGBROEK,2687,1,37800.0
ALICE LIO,1148,2,127179.0
"ALICE LIO,",732,4,361014.0
ALICE SETIAWAN,1078,1,58200.0
ALICIA GIOVANNI,1192,3,138430.0
ALICIA GIOVANNI INV/20231128/MPL/3590158000,400,1,73200.0
ALICIA SHOPEE,1227,1,58500.0
ALICIA WIMAR KHUNIUS,1227,1,29250.0
ALIN YESAYAS,313,1,45000.0
ALINE,907,1,59210.0
ALINE INV/20231228/MPL/3650206125,369,1,73200.0
ALINUS (PANDU WIGUNA),23,1,120000.0
ALISDA,1804,1,50000.0
ALISOKHI,987,1,96200.0
ALIVEMC.CO #230523F9GEWUUC,582,1,229680.0
ALIVEMC.CO #230523FPD4DD3W,582,1,114840.0
ALIVEMC.CO #230525KUK4CKWY,582,1,114840.0
ALIVEMC.CO 2304278RXBBK6M,612,1,114840.0
ALIVEMC.CO 2304278S5NXEPD,612,1,114840.0
ALIVEMC.CO 2304278SA31U1T,612,1,114840.0
ALLAND,2382,2,109000.0
ALLAND J/PIPIT,27,5,380200.0
ALLAND.,815,1,51570.0
ALLEN,1637,1,57420.0
ALLEN ALBERT PELAPELAPON,1321,2,150710.0
ALLEN DHARMAWAN WICAKSONO,878,1,49660.0
ALLEN INDI,661,1,62205.0
ALLEY,1889,1,60000.0
ALLISA AMELIA,2186,1,60000.0
ALLISA AMELIA SANTOSO,1583,1,60000.0
ALLISA AMELIA SANTOSO (DR INTERNSHIP),1791,1,75000.0
ALLISSA,1622,1,42400.0
ALMA ASIH FIRSTA REFINANDA,928,2,97871.0
ALMAIGHTY 230701TFCP7EMV,522,1,34272.0
ALMENDOKI SIBURIAN,1647,1,75000.0
ALRYNTO,1661,1,59400.0
ALTO BELLY LUBIS,1616,1,41820.0
ALUMNI WAMENA,1979,1,453600.0
ALVI DAMANIK,857,1,114600.0
ALVIANO M SIGARLAKI,1063,1,63375.0
ALVIANO SIGARLAKI,1132,1,40000.0
ALVIEDOYUDAP,780,2,97425.0
ALVIN CHRISTIAN,1384,10,646087.0
ALVIN IMANUEL,824,2,328000.0
ALVIN IMANUEL..,380,1,100000.0
ALVIN KOSWANTO,878,1,100880.0
ALVIN NATAWIGUNA,2052,2,112000.0
ALVIN PRADIPTA,2592,1,52200.0
ALVIN RIAN,1248,1,65010.0
"ALVIN,",1066,1,58200.0
ALVIN.,1444,1,62725.0
ALVINA INV/20240117/MPL/3686043009,349,1,91500.0
ALVIONITA PUTRI ROMAULI TOGATOROP,2338,1,60000.0
ALWYN,1843,1,65000.0
AMABELL GIRSANG,1199,1,63050.0
AMADEA,905,1,52000.0
"AMADEA BENITA,",1615,1,29150.0
AMADEA MERPATI,930,1,130000.0
AMADEA PUTRI MERPATI,325,3,245000.0
AMADIS DANUWIHARDJA,983,1,155200.0
AMALIA AYU PRIMASTIKA (TIKA),1574,4,567200.0
AMANDA ANYZA,907,7,418200.0
AMANDA ANYZA INV/20230701/MPL/3321721012,550,1,44835.0
AMANDA ANYZA SUGIARTO,2282,2,104000.0
AMANDA DEVI,2296,1,50000.0
"AMANDA H. S,",732,2,88380.0
AMANDA HERMINAWATI S,2242,2,106800.0
AMANDA KONORALMA,2542,1,67500.0
AMANDA SURYA,1547,1,69190.0
AMBAR METASARI (SELF DEVELOPMENT DIVISION SCK-SCB),218,1,55000.0
AMEILIA,1087,1,73125.0
AMEL,1539,2,93400.0
AMEL MANADO,1408,2,60000.0
AMELIA,1010,1,63180.0
AMELIA IRENE,994,2,126375.0
AMELIA IRENE INV/20230123/MPL/2994760556,709,1,91500.0
AMELIA KASIH,1310,1,67550.0
AMELIA MANATAR,1049,1,50700.0
AMELIA PURIASTUTI,2163,1,80000.0
AMELIA SARAGIH,1615,1,31800.0
"AMELIA SUMUAL,",2004,1,60000.0
AMELIA VIORENTINA,915,2,107405.0
"AMELIA,",2295,1,60000.0
AMELIA.,1008,1,26595.0
AMELIA..,920,1,43452.0
"AMELIYA SECIL,",2002,1,171000.0
AMIE,525,1,300000.0
AMON ERWIN TALAKSORU,1524,1,24750.0
AMOS MUNTHE,1765,1,27000.0
AMOS SUKAMTO,1248,1,441000.0
AMY CAREN INV/20231212/MPL/3619436306,386,1,43920.0
AMZAL DENY KRISWANTO,530,1,105000.0
AN INV/20230214/MPL/3047379447,686,1,82350.0
"AN. ELBON H SIAHAAN,",1164,1,150000.0
ANA,2091,1,60000.0
ANA MULIYANA PANJAITAN,1221,1,48750.0
ANA SEVEN LEDIS PURBA,915,1,51030.0
ANA STAF LAMPUNG,2454,1,30000.0
ANA WIDIA,1152,2,136510.0
ANA WIGATI,1285,2,131625.0
ANA WULANINGSIH,1674,3,271000.0
"ANA,",1192,1,63375.0
ANA.,1528,1,89100.0
ANAIDYD ALCESTFINI,2147,1,682500.0
ANAK KOST AGNEZ,1342,1,50700.0
ANALISA ROSIAH SARAGIH,1500,1,64350.0
ANANG SAPUTRA,912,1,62075.0
"ANANG SAPUTRA,",701,1,55020.0
ANAS TASIA K. TARIGAN,1794,1,75000.0
ANASTASIA,1409,8,725500.0
ANASTASIA AURORA H. L (BU HERMIN),2577,1,43000.0
ANASTASIA IVONE,1510,1,40000.0
"ANASTASIA,",1283,1,40740.0
ANASTASYA,1475,1,64350.0
ANASTASYA (THIA/LISA SERUI,1435,1,64350.0
ANASTASYA MANIK,1102,1,43875.0
ANASTHASYA,1470,1,19800.0
ANATA,1526,1,51480.0
ANATASYA,1905,1,65000.0
ANCE SIRAIT,1699,1,60000.0
ANCELLA STEFANY,1313,1,56550.0
ANDARI SURYANINGSIH,1510,2,80000.0
ANDDY.,929,1,195000.0
ANDEA CLARISSA MUNTHE,1672,1,20000.0
ANDES,1227,1,29970.0
ANDHIKA,1064,1,63050.0
ANDHIKA KETAREN,1202,1,63050.0
ANDHIKA PUTRA R,1280,2,73870.0
ANDHIKA SUHUD,1793,1,58000.0
ANDHIKA WIBISONO,2463,1,67500.0
ANDHITA JASMINE,2851,1,40000.0
ANDHYKA LOLO,1673,4,309200.0
ANDI,2549,1,45000.0
ANDI GUNADI NABABAN,866,1,50544.0
ANDI GUNADI NABABAN.,824,1,61814.0
"ANDI HARYANTO,",2212,1,45000.0
ANDI JAKARTA,148,1,55000.0
ANDI KUSWANTO,1155,1,63375.0
ANDI LUMENTA,2290,1,60000.0
ANDI NATANAEL,857,1,58500.0
ANDI PRASASTI SAPUTRA,971,1,120000.0
ANDI SHALOM BIHA,1882,4,241500.0
"ANDI SHALOM BIHA,",1638,1,68000.0
ANDI STEFANUS,1687,1,58000.0
"ANDI,",1294,1,122850.0
"ANDI,,",1616,1,37800.0
ANDI..,294,1,62000.0
ANDIKA,1101,1,38800.0
ANDIKA DARMAWAN WAHONO,1220,1,26305.0
ANDIKA MENTARUK,983,1,77600.0
ANDIKA SEBASTIAN BANGUN,1195,1,64025.0
ANDIKA SIPAYUNG,655,1,23925.0
ANDIN (DITITIPKAN KE IBU WIWIT PEMILIK KOS) INV/20231206/MPL/3606230633,392,1,59475.0
ANDINA,926,5,1159125.0
ANDO,1323,1,59400.0
ANDO & TASYA,934,1,27216.0
ANDRA ZULFRI ALEXFANDER,1399,1,64350.0
ANDRE,1310,2,166500.0
ANDRE (BU LIN),904,1,72900.0
ANDRE GIAWA,824,1,61960.0
ANDRE GIDEON,1806,1,60000.0
ANDRE INV/20230121/MPL/2991358710,709,1,59475.0
ANDRE LUWUK,1773,1,45500.0
ANDRE PRIYONO,29,8,1045000.0
ANDRE PRIYONO (KOMISI PI),912,2,1542000.0
"ANDRE RICARD NOKE,",2093,1,52200.0
"ANDRE SAPUTRA MP, STT AMANAT AGUNG",1878,1,65000.0
"ANDRE SAPUTRA,",1510,3,132200.0
ANDRE SETIAWAN,1579,1,58000.0
ANDRE SUTHEDJA,2764,1,45000.0
ANDRE WAHYU,952,1,35000.0
ANDRE WIJAYA,2429,1,54000.0
ANDRE WILLIAM.,1672,1,20000.0
ANDRE YUNIUS,162,93,3653500.0
ANDRE.,887,1,49660.0
ANDREA,2242,1,48000.0
ANDREA GIDEON,180,2,193000.0
ANDREA ISKANDAR,1222,1,29970.0
ANDREA K. ISKANDAR,1716,1,50000.0
ANDREA K. ISKANDAR.,780,1,33075.0
ANDREA LANGIRAN,1574,2,122575.0
"ANDREAN IVAN ARDIANTO,",2211,2,54750.0
ANDREANTO ISHAK,1989,2,118500.0
ANDREAS,794,3,139566.0
ANDREAS ADIEL,2522,1,45000.0
ANDREAS AKK BONAN,1772,7,141300.0
ANDREAS ALVARO INV/20230707/MPL/3332444081,541,1,59475.0
ANDREAS BUDIONO,1222,1,29570.0
ANDREAS BUDIONO INV/20230710/MPL/3337997525,540,1,96075.0
ANDREAS CALVIN TAMARA,765,1,32500.0
ANDREAS CHRISTOPHER HERMAWAN,1482,2,113500.0
ANDREAS DARMADI,1510,1,62370.0
ANDREAS DWI M,2644,2,80000.0
ANDREAS ERICSAN,1510,1,40000.0
ANDREAS FEBRIAN KURNIA PUTRA,829,16,992057.0
ANDREAS HUTAPEA,725,1,62205.0
ANDREAS JONATHAN,1616,1,40800.0
ANDREAS KARWUR,1265,1,64025.0
ANDREAS KURNIANTO,1002,3,123277.0
ANDREAS NUGROHO,2669,1,54000.0
ANDREAS PARAPAT,1308,1,68250.0
ANDREAS PETER,1462,1,62370.0
ANDREAS PUDJIANTO,491,1,150000.0
ANDREAS RICHARD,1668,1,49500.0
ANDREAS SEMBIRING,502,1,0.0
ANDREAS SUKOWIJOYO INV/20230710/MPL/3338236278,540,1,96075.0
ANDREAS SUKOWIJOYO.,28,4,1590500.0
ANDREAS SUNARTO,1313,5,488550.0
"ANDREAS SUNARTO,",166,3,2674000.0
ANDREAS SURYAGANDA SITORUS,1989,1,65000.0
ANDREAS TUNGKI,1303,2,65000.0
ANDREAS WILLIAM,1965,1,61200.0
ANDREAS WM (AKK YUNIUS WM),2849,1,29000.0
ANDREAS.,987,1,96200.0
ANDREASFEBRIAN92 230701TNC8DR10,522,1,66990.0
ANDREASFEBRIAN92 231003178KXGA3,457,1,71775.0
ANDREW,2407,2,137000.0
ANDREW ALUMNI,1336,1,25000.0
ANDREW BENJAMIN SIHOMBING,1003,2,127400.0
ANDREW CHRISTIANTO,811,1,75000.0
ANDREW FRITZ EFRON AMBESA,1527,1,59400.0
ANDREW K,1616,1,30417.0
ANDREW KOESNO,1102,2,229410.0
ANDREW KUMALA,2401,3,270000.0
ANDREW KURNIA,1571,1,105000.0
"ANDREW KURNIAWAN,",1615,1,30740.0
ANDREW LIE W 20180710034,1579,1,21000.0
ANDREW LIMAWAN HERRISON,1088,2,1007820.0
ANDREW RAWIS,885,1,85536.0
ANDREW RISAKOTTA,1058,1,50440.0
ANDREW T,1234,2,145000.0
ANDREW TOPED,983,1,97000.0
"ANDREW,",1306,3,167500.0
ANDREY THUNGGAL,2907,1,52200.0
ANDRI,1455,1,201960.0
ANDRI D. MBOLIK,1511,1,52200.0
ANDRI DARMAWAN,885,1,57300.0
ANDRI DIKSON MBOLIK,901,1,68040.0
ANDRI HERMAWAN,1188,1,27300.0
ANDRI LUWUK,572,1,45500.0
ANDRI MBOLIK,1681,1,35000.0
ANDRI RUSMAN INV/20231216/MPL/3628616305,380,1,73200.0
ANDRI SUSANTO,1285,1,40365.0
ANDRI WAHYUDI,190,3,203000.0
ANDRI WAHYUDI INV/20230323/MPL/3127971092,649,1,54145.0
ANDRI WAHYUDI INV/20230517/MPL/3237133768,595,1,24705.0
ANDRI WAHYUDI INV/20230517/MPL/3237133771,593,1,47750.0
"ANDRI WAHYUDI,",48,2,140000.0
ANDRI WAHYUDI.,428,1,65000.0
ANDRIAN PALENTEIN,1615,2,411420.0
ANDRIANI,1333,1,56550.0
ANDRIANI WINOTO,1102,1,131625.0
"ANDRIANI,",2140,1,60000.0
ANDRIANUS AAN,2311,1,52200.0
ANDRIAS LAPIAN,1510,2,98500.0
ANDRIAS LOGISTIK,1680,1,80000.0
ANDRIAS WISNU TOYO,1345,1,38000.0
ANDRIAZ KURNIAWAN,1763,1,65000.0
ANDRIE,1699,1,65000.0
ANDRINI,446,2,102580.0
ANDRIONO SLAMET,1632,1,18000.0
ANDRIYANI PPI BERASTAGI,1285,1,65568.0
ANDRIYANTO SURYA WIJAYA,2053,1,60000.0
ANDRO & TEO,923,1,195000.0
ANDROS SEBASTIAN,1342,1,24375.0
ANDRY,2339,1,45000.0
ANDRY (GEREJA KRISTEN KALAM KUDUS),323,1,65000.0
ANDRY INV/20231011/MPL/3504079738,448,1,45750.0
ANDRY LIE,1240,1,60000.0
ANDRY LIE..,1022,1,70000.0
ANDRY LUWUK,707,1,75600.0
ANDRY PUTA PRATAMA,2305,2,110700.0
ANDRY PUTRA PRATAMA,2403,3,145400.0
ANDRY SETIAWAN,1074,2,53500.0
ANDRY SETIAWAN INV/20230718/MPL/3352628024,531,1,89670.0
"ANDRY,",1091,2,1005000.0
ANDRY.,1255,1,75075.0
ANDRY..,260,4,220000.0
ANDRYANI,1059,1,45500.0
ANDY,1510,6,771900.0
ANDY ANDY,1698,1,25000.0
ANDY GUNAWAN,2828,1,2100000.0
ANDY KIRANA,983,18,969320.0
ANDY SALEH,1073,2,130950.0
ANDY SETIABUDI,2632,1,735000.0
ANDYSAKTIA,1616,1,33150.0
ANDYSAMUEL575 231002UWM4EBQ0,457,1,71775.0
ANEPRIANI HAREFA,1058,1,45500.0
ANES,1313,1,56550.0
ANES.,977,1,24250.0
ANET,1209,1,63375.0
ANETTA,1205,1,63375.0
ANETTA AYU (TATA),1221,3,84408.0
ANETTA AYU INV/20230701/MPL/3321821614,550,1,24871.4
"ANETTA,",887,1,49660.0
ANETTE WIJAYA,1535,1,64350.0
"ANETTE WIJAYA,",984,1,77760.0
ANG ANDRE,1780,1,50000.0
ANGEL,1651,1,55440.0
ANGEL (MEDIS),2434,1,40000.0
ANGEL AGNES,2283,2,60000.0
ANGEL CHANDRA,1045,1,126100.0
ANGEL LEGI,2410,1,40000.0
ANGEL LODI,1085,2,197000.0
ANGEL NINU,1594,1,30000.0
ANGEL TESALONIKA,1346,1,17550.0
ANGEL THERESIA ROULI SIMANJUNTAK,2359,1,34200.0
"ANGEL THERESIA ROULI SIMANJUNTAK,",944,1,105000.0
ANGEL ZESIKHA PURBA,1227,1,24375.0
"ANGEL,",829,1,58320.0
ANGEL.,1192,1,63375.0
"ANGEL.,",690,2,258390.0
ANGEL..,1128,1,39400.0
ANGELA,1285,2,109012.0
ANGELA (SUN EDUCATION GROUP),2113,3,161400.0
ANGELA CHRISTY,1167,1,73125.0
ANGELA GIOVANI,1227,1,63655.0
ANGELA NATALIE KODRAT,2280,3,208000.0
ANGELA SANTIKA LEMMUELA,1617,1,0.0
ANGELA SANTIKA LEMUELA,1603,1,77200.0
ANGELA SETIAWAN,1178,1,54600.0
"ANGELA,",1168,1,26325.0
ANGELA.,829,1,105050.0
"ANGELA.,",823,2,133585.0
ANGELA..,638,1,324000.0
ANGELAR88 #230510C2HQ9X7E,582,1,65076.0
ANGELIA AUSTINA,1551,1,52000.0
ANGELIA CLARESTA DOROTHY,1153,1,88070.0
ANGELIA CLARESTA DOROTHY THEOFILUS,1303,1,62725.0
ANGELICA AMIMAN,1052,1,60000.0
ANGELICA MULIA,1546,1,62725.0
ANGELICA MUTIARA CHRISTIANI,829,1,58320.0
ANGELICA NADYA,1959,1,68000.0
ANGELICA YOHANA SANTIKA LEMMUELA,1617,1,0.0
ANGELIKA DTS,2087,2,93800.0
ANGELIN BEATRIX,1321,1,84920.0
ANGELIN CHRISTIN TOBAN,1976,1,60000.0
ANGELIN V. BUNTUGAYANG,2408,1,40000.0
ANGELINA,1847,1,49400.0
ANGELINA OKTAFIANA,1193,1,63375.0
ANGELINA PINGKAN,2344,1,52200.0
ANGELINA SALI,984,1,77760.0
ANGELINA.,983,1,77600.0
"ANGELINA.,",1052,1,24375.0
ANGELINE,1945,2,108500.0
ANGELINE .,524,1,17500.0
ANGELINE FELICIA,1313,1,63375.0
ANGELINE MICHELLE,732,3,81120.0
ANGELINE SIAHAAN,1147,1,163800.0
ANGELINE YUSUF,1057,1,40625.0
"ANGELINE,",1423,1,65000.0
ANGELINE.,683,1,86130.0
ANGELING HANA P,2212,3,133150.0
ANGELISKA,1510,1,40000.0
ANGELITA MEILANI,1181,1,63375.0
ANGGA,1283,1,35308.0
ANGGA ANDREAS,1541,1,64350.0
ANGGA DWI,878,2,98160.0
ANGGA DWI INV/20230606/MPL/3276715764,574,1,59800.0
ANGGA PRAYOGA,1193,1,63375.0
ANGGAPUTRAMS 230701T4DXD5QR,522,1,66990.0
ANGGI,1510,1,49500.0
ANGGI MARCHELINA,2287,1,52200.0
ANGGI MARINGAN H,1615,1,26500.0
ANGGI SEPTA ZEINRIDHA,2185,1,54000.0
"ANGGI,",2351,1,60000.0
"ANGGI,,",1283,1,32786.0
"ANGGI,.",551,1,100000.0
ANGGI.,657,1,100000.0
ANGGIA,1313,2,117000.0
ANGGIA AYU/AGUNG SETIAWAN,1142,1,73125.0
ANGGIAT,1286,1,35740.0
ANGGIAT TOMBOL SIMARMATA,1192,1,63050.0
ANGGIE WIRIAWAN,1374,1,99000.0
ANGGIT,1470,1,51500.0
ANGGIT DAN GERALD,2667,2,87500.0
ANGGITA,2147,2,48000.0
ANGGRAINI OKCTAVIANA,1911,4,238500.0
ANGGRE DENIS KUNCORO,1574,1,57420.0
ANGGREK SNACK (AURELIA),1615,1,36040.0
ANGGRIA CAESARY,1477,1,41184.0
ANGGRIA CAESARY.,1255,1,24515.0
ANGGRIADI RICKY,367,30,1239400.0
"ANGGUN SALIBANA,",1948,1,50000.0
ANGIE,1845,1,98800.0
ANGIE RUNTUKAHU,674,1,65000.0
ANGIE..,589,1,375000.0
ANGRYANI THENA BOLO,924,1,65000.0
ANI MIRAKAHO,1614,1,42400.0
ANI SELAY,1193,1,27300.0
ANI TOBING (MIA),1510,1,40000.0
ANICK,642,3,181830.0
ANIK,1412,1,17000.0
ANIK YULIATI,1220,1,24375.0
ANINDAYANA YUNISA EXELSA (ELSA),2185,1,54000.0
ANINDIA YESSICA KRISTIA,1596,1,30000.0
ANINDYA ANDOKO,2795,1,86400.0
"ANINDYA,",2021,3,180000.0
ANIS YULIANA,1043,1,46750.0
ANISA RAHAYU,1538,1,64350.0
ANISA RINDY ANTIKA (ANIS),2031,1,60000.0
ANISA YOHANA GULTOM,2637,1,180000.0
ANITA BHELENSIA,983,1,77600.0
ANITA CAROLINA,1680,1,65000.0
ANITA CAROLINE(UP.GKI KEDIRI),2753,1,54000.0
ANITA FRANSISKA SIANTURI,1321,1,67550.0
ANITA KURNIA.,435,1,65000.0
ANITA LIM,1541,1,71280.0
ANITA MP,1193,1,39000.0
ANITA MUSTIKASARI,1845,1,45600.0
ANITA PRISCILLA,920,1,56295.0
ANITA SANDJAJA DIANA,983,1,77600.0
ANITA SIANTURI,1283,2,103950.0
ANITA SIANTURI INV/20230128/MPL/3008524696,702,1,62220.0
ANITA SYANTI,857,1,75816.0
ANITA VERONICA PURBA,1313,2,198375.0
ANITA YOHANA,2522,1,60000.0
ANITA YOLANDA PURBA,1193,1,63375.0
"ANITA,",824,2,108755.0
ANIU,1178,1,78000.0
ANJAYGAMING,1198,1,58200.0
ANJELIKUS SARUMAHA,1088,2,107043.75
ANJU ANDINI,2158,1,60000.0
ANJU HUTABARAT,885,5,495160.0
ANJU HUTABARAT..,859,1,62075.0
"ANJU STEFANI,",2242,1,48000.0
ANLY VERNANDA (GRAMI),982,2,997500.0
ANLY WM,1062,1,17500.0
ANNA EKA,2387,1,58500.0
"ANNA EKA,",2206,1,97200.0
ANNA GINTING,903,1,24300.0
ANNA SIAHAAN,1400,1,74250.0
ANNA VICTORIA,1251,2,300000.0
ANNA YUNINGSIH,903,1,0.0
ANNASTASYA LARASATI,2480,1,60000.0
ANNE BELLA DONNA SILALAHI,732,1,77760.0
ANNE SILALAHI,683,1,60291.0
ANNEKE SALVATORA,1841,1,336000.0
ANNEKE SEKAR,1659,1,65000.0
ANNES,1193,1,63375.0
ANNETTA,1613,1,33150.0
ANNETTE SETIAWAN,1405,1,59400.0
ANNIE,1218,3,292552.0
ANNIE..,863,1,72000.0
ANNY ROSMALINA PASARIBU,142,9,434450.0
ANSI HERISAN,829,1,58320.0
ANTHON KATOBBA MAPANDIN,86,29,1825800.0
ANTHONY,314,3,264880.0
ANTHONY ANUGRAH JESH,418,1,127000.0
ANTHONY CHANDRA,2849,1,528000.0
ANTHONY DANIEL,902,1,52000.0
ANTHONY DANIEL SANTO BOROSI,593,3,524740.0
ANTHONY KRISTANTO,1193,1,63375.0
ANTHONY PRIBUDI,1651,2,272250.0
ANTHONY SALIM,589,1,80000.0
ANTHONY SANTOSO,1109,2,118350.0
ANTHONY STEFANUS KUANDA,1668,1,0.0
ANTHONY.,1102,1,73125.0
ANTO,1871,1,27000.0
ANTON,1465,1,32500.0
ANTON GIRI MAHENDRA,1945,1,58500.0
ANTON PRATAMA,2871,1,54000.0
ANTON SIDHARTA,2512,2,95000.0
ANTON WIRAWAN,517,9,1722013.0
ANTON WIRAWAN INV/20231018/MPL/3516016663,441,1,178425.0
ANTON.,878,1,50440.0
ANTONI MARTUA SAMOSIR,1062,1,45500.0
ANTONI SAMOSIR,1181,2,0.0
"ANTONIO PAKPAHAN,",1847,1,41040.0
ANTONIUS BIMA MURTI WIJAYA,1510,1,40000.0
ANTONIUS DWI PRAMONO,554,1,63000.0
ANTONIUS HERMAWAN,984,2,428800.0
ANTONIUS MICHAEL,2785,1,54000.0
"ANTONIUS MICHAEL,",1615,2,89800.0
ANTONIUS NDAPAMERANG,1474,1,55000.0
ANTONIUS SULANGI,1313,1,63375.0
ANTONIUS TAMONG,1296,1,35000.0
ANTONIUS TUMIRAN,1510,1,40000.0
"ANTONIUS,",203,1,54000.0
ANTONY SANJAYA,1742,2,163000.0
ANTONY UHT,426,1,117000.0
ANUGERAH SARON,916,2,119375.0
ANUGERAH SARON INV/20230530/MPL/3261746718,582,1,95500.0
ANUGERAH SARON INV/20230920/MPL/3466497951,469,1,59475.0
ANUGERAH SARON INV/20231013/MPL/3507557926,446,1,58971.0
ANUGERAH SARON INV/20231025/MPL/3528401276,433,1,59475.0
ANUGERAHWATI,987,1,192400.0
ANUGERAHWATI /TAHU MIKIMOS,984,1,194400.0
ANUNK JATI,824,1,47750.0
ANYTA VERAWATY SITOHANG,866,1,24300.0
AOKIWI39 230605J8RX7WJP,551,1,33495.0
APARTEMEN GM,732,1,50544.0
APDRIE CALYCA J. NITBANI,1510,1,40000.0
APERINA (RIRIN),898,1,63180.0
APINCRISTIAN,1027,1,20412.0
APNITA SIDABUTAR,2149,1,48000.0
APPERENTIA FIDE,1615,1,42400.0
APRI,1222,1,29890.0
APRI DENIUS MUTI,1346,1,65000.0
"APRIANDO,",853,4,95544.0
"APRIANI,",1948,2,118500.0
APRIHOL ANGKAT,1269,1,27310.0
APRIL,1877,1,53040.0
APRIL (PLK),2617,2,158000.0
APRIL LINA TELAUMBANUA,985,1,100000.0
"APRIL,",1149,1,85800.0
APRILDEVI68 230428B8W7QCJT,612,1,23925.0
APRILIA,1281,1,63375.0
APRILIA EBTIANI,1036,1,26244.0
APRILIA GRACE,1668,1,80000.0
APRILIA MINDASARI,1510,1,40000.0
APRILIA SABATINI,1017,1,68040.0
APRILIANA,853,3,50544.0
APRILIANA DEVITASARI,1367,2,135375.0
APRILIANUS SINAGA,274,2,113180.0
APRILINA MANULLANG,1367,1,75000.0
APRILITHA SAMBUE,1088,3,269100.0
"APRILITHA SAMBUE,",984,1,77760.0
APRILLITA PUTRI,1448,1,68000.0
APRILRINISAMBUE 230713UWENY85W,498,1,287100.0
APRINI MARSAULINA,963,1,72900.0
APRIYANI KAKE,1371,2,129410.0
APRIYANI SIMANJUNTAK,2212,2,91950.0
APRIYANTI MANALU,2017,2,158000.0
APWAHYUDI,1088,3,186105.0
AQUILIRA ANDAHAN,1551,1,52000.0
AQWALDO SIMBOLON,1877,1,50700.0
ARASELLY AGNES PRAMUDIAWATI,1511,1,64350.0
ARBEN,829,3,339600.0
ARBEN SUMBUNG,1784,1,49880.0
ARBIN SARAN,1983,1,52200.0
ARCE MANGILE,1164,1,85800.0
ARCHE DOREA,1290,1,63375.0
ARDELIA NATHANIA,1006,1,63180.0
ARDHAN TIESTIAN W,1200,1,63050.0
ARDI,1510,2,104350.0
ARDI BAZANOLO ZILIWU,40,13,560500.0
ARDI FAZRI,1031,1,24375.0
ARDI TOPED,885,1,49660.0
ARDI..,915,1,72900.0
ARDIAN,1325,2,115800.0
ARDIANI CHANDRA DEWI,2254,1,320000.0
ARDINA FADILA,1015,1,68840.0
ARDINI,1615,2,69360.0
ARDIYAN,2460,1,45000.0
ARDYA,2641,1,47000.0
ARFAEL,1651,1,65000.0
ARFIKA IFFADA PUTRI,1512,1,17820.0
ARGA,1280,2,160800.0
ARGA CARAKA,927,1,126360.0
ARGA SCORPIANUS,1376,3,151764.0
ARGA SCORPIANUS R,2346,3,154800.0
ARGA SCORPIANUS RENARDI,989,7,553930.0
ARGA SCORPIANUS RENARDI.,829,1,66096.0
ARGA TAMBUNAN,1088,1,73125.0
"ARGA,",1088,1,83488.0
ARGA..,920,2,128925.0
ARGANISA,1193,1,63375.0
ARGITHA IMELDA,1276,1,63375.0
ARI,1390,1,118800.0
ARI - PERPUSTAKAAN UK PETRA,984,1,63180.0
ARI ERMAWATI,999,1,174750.0
ARI IMAN SANTOSA,2835,1,157500.0
ARI RAIN PUTRA BUKIT,1313,1,56550.0
ARI RIFANI SIDABALOK,1065,1,54345.0
ARI SHOPEE,968,1,26244.0
ARI WIDYALINTANG,2081,1,25000.0
ARI YUNUS HENDRAWAN,1364,2,197428.0
"ARI,",915,1,29743.0
ARI121995 230701TB99DXQF,522,1,57120.0
ARIANA ENDRINIKAPOULOS,1378,1,19600.0
"ARIANA,",1724,3,170000.0
ARIANTO PAKAANG,1128,82,4033750.0
ARIANTO PAKAANG.,981,3,85440.0
ARIANTOU #23050615QTS6BS,582,1,52635.0
ARIE FREDERICH (TUBU COFFEE),1684,1,64350.0
ARIE FREDERICH INV/20240102/MPL/3659025100,364,1,114600.0
ARIE NOBELTA,1225,1,60000.0
ARIE SAPTAJI,2851,1,0.0
ARIE SETIO UTOMO,2344,2,108000.0
ARIEF HANDOYK,2242,2,100400.0
ARIEF HERMANTO,2585,1,43000.0
ARIEL KARTIKA,1579,1,21000.0
ARIEL OBADYAH,1050,3,123671.0
ARIEL OBADYAH INV/20230701/MPL/3321741139,550,1,45750.0
ARIELDO SAMUEL CHRISTIAN BUDIMAN,957,2,119520.0
"ARIELLA (LALA),",2435,2,123000.0
ARIF LASE,1571,1,105000.0
ARIF MENDROFA,1189,1,63375.0
ARIF P.,1368,1,60000.0
ARIF PRASETYO,1982,2,89000.0
"ARIF,",1717,1,47600.0
ARIFIN FRANSISKO,1388,1,36000.0
ARIFIN SILITONGA,1615,1,30740.0
ARIJANTO,2661,1,270000.0
ARIMBI,2466,1,69000.0
ARIO MARDOWO,2224,1,54000.0
ARIS BALI,2094,9,3073200.0
ARIS DIYANATA,2435,1,156600.0
ARIS HADI,2519,1,67500.0
ARIS JOKO SUSILO,2709,2,52500.0
ARIS P. ZEBUA,815,1,46267.2
ARIS PALEMBANGAN,1335,1,25000.0
ARISSON SUSTAINME,1153,2,112450.0
ARISTO TJANDRASURJA,1330,1,58500.0
ARISUDANA YOGA PRAMANA,2088,1,50000.0
ARISUDANA YOGA PRAMANA (SHOPEE),640,1,47850.0
"ARISUDANA YOGA PRAMANA,",829,1,25785.0
ARIYANTI KARTOLO,685,5,139000.0
ARIYANTO B P,983,1,96000.0
"ARIYANTO,",2070,1,52000.0
ARJANTO,859,1,52962.0
ARJANTO INV/20231030/MPL/3536041699,429,1,59475.0
ARJON_TEKNIK UDAYANA,1193,1,63375.0
ARLAN OTAN ANDREW,1615,1,30740.0
ARLEN MONTOLALU (KANTOR PENGADILAN NEGERI MANADO),1321,1,84920.0
ARMAN,1296,1,40000.0
ARMAN (BINA KASIH),44,6,1702500.0
ARMAND,2674,2,68000.0
ARMAND PANTOUW,415,1,475200.0
ARMAYA GIRSANG,2784,2,202500.0
ARMEISIA,1199,1,63050.0
ARMES,2338,1,60000.0
ARMIATI,2367,1,225000.0
"ARMIATI,,",1615,2,61480.0
ARMITZE,983,2,108583.0
ARNELIA CHRISNAWATI,1221,1,42153.0
ARNELIA31 2304143PHVUVBD,612,1,68904.0
ARNELLY SUMONDANG NAIBAHO,1221,1,56210.0
ARNES MARELDA,1672,1,24000.0
"ARNI,",2211,1,45000.0
ARNITA DAELI,1320,1,68250.0
ARNOLD,980,1,100000.0
ARNOLD ADOE,919,4,368600.0
ARNOLD KARAUWAN,813,1,68000.0
ARO,895,1,74490.0
ARONIKA HUTASOIT,646,2,129490.0
ARRI IRAWAN,2641,1,50000.0
ARRY H,829,3,191040.0
ARRY HUANG,1058,2,89125.0
ARSEINDY JUSHABANA,1055,1,100000.0
ARTA,2332,1,52000.0
"ARTA TAMBUNAN,",2318,1,114000.0
ARTA ULY SIAHAAN,2298,1,126000.0
ARTA ULY08,1311,1,68250.0
ARTAULI29 #2305074740V8BM,582,1,86130.0
ARTHA PANGGABEAN,963,1,20412.0
ARTHIA JOSEPHINE,2347,1,54000.0
ARTHUR BROWN,806,1,108000.0
ARTHUR PETER,1616,1,30600.0
ARTHUR WEST,1702,1,80000.0
ARTHY,2529,1,72000.0
ARTI SARAGIH,1146,1,53869.0
ARTINI,1371,1,64350.0
ARUMI,1218,6,294000.0
ARVIERA KAY,1510,1,148500.0
ARWIN SOELAKSONO,1571,1,105000.0
ARY BANGUN,1285,1,84020.0
ARYANI DEWI,1164,1,118200.0
ARYANNI S. PRAYOGO,254,2,840000.0
ARYANTO WIJAYA,700,4,280000.0
ARYO SUGIHARTO/JOY EL,921,1,43952.0
ARZIANA BOKKO,2422,1,67500.0
ASA R. TAMELAN,1253,1,45000.0
ASADINA LASE,1510,1,40000.0
ASAN,921,1,44500.0
"ASHAN,",2186,1,60000.0
ASHAR MAPULE,1555,1,60000.0
ASHLEY INV/20231023/MPL/3524660031,435,1,59475.0
ASIH SUPRIYATIN,1471,1,47400.0
ASIMA ARTAULI SAGALA,925,2,0.0
ASIMA PANGARIBUAN,1193,1,63375.0
ASMADI,1153,1,53625.0
ASNI TOBING,1947,1,44000.0
ASNILA TARIGAN,987,1,96200.0
"ASON,",2210,1,52000.0
ASPITA EKA ROSWENI SINAMBELA,2309,1,0.0
ASRI TRI UTAMI DEWI,2141,1,60000.0
ASRIANI RAMPOLA BI,1041,2,250811.0
ASRIANI RAMPOLABI,954,2,194400.0
ASRIANI RAMPOLABI (STAF MAMASA),253,2,120000.0
ASRINI R. INDAH,1313,1,63375.0
ASSA MORIA EVANGELIANTO,1765,1,58000.0
ASSAF IMANUEL.,2402,2,92200.0
ASTI,984,1,77760.0
"ASTI,",795,1,52460.0
ASTIKA LORENA BR SIMBOLON,1771,1,65000.0
"ASTIKA SIGALINGGING,",2359,1,60000.0
ASTIN GERIL,1647,1,60000.0
ASTRA SINAMBELA,2652,2,84000.0
ASTRI,725,1,86130.0
ASTRID,1222,1,30010.0
ASTRID ANGELINA,1384,1,74305.0
ASTRID DWITA BELLINDA,1930,1,65000.0
ASTRID HIA,794,1,43000.0
ASTRID INV/20230212/MPL/3042673037,688,1,62075.0
ASTRID MANUPUTTY,1405,2,49125.0
ASTRID SIHITE,2571,1,72000.0
ASTRID SOUISA,1132,9,15205000.0
ASTRID STEFANI,1423,1,48250.0
"ASTRID SUKOWATI,",2116,1,60000.0
ASTRID SYAUTA,2522,1,54000.0
ASTRID TANJUNG,932,1,0.0
"ASTRID,,",1320,2,93650.0
ASTRINE PERMATA LEONI,1142,1,24375.0
ASTRINI SIMANJUNTAK,2136,1,65000.0
ASTRY KALE,2120,1,60000.0
ASTUTIK RIBAWANI,1161,2,1592500.0
ASTUTIK RIBAWANI - PERPUSTAKAAN STT SATYABHAKTI,23,10,1222700.0
ASVIN BURA,1193,1,63375.0
"ASWINDHA,",1847,2,69160.0
ATHALINASAMANGUN 230430FETYUX1X,612,1,62205.0
ATHENA CONNY,673,1,26796.0
ATHENA JUWITA-GLORIA,2518,2,224000.0
"ATHIKA TIPA PANGEDONGAN,",2080,2,135000.0
ATHIKA TIPA PANGEDONGAN.,1847,1,41800.0
ATHIKA TIPA PENGEDONGAN,2129,2,105000.0
ATHUR JANUAR,1251,1,0.0
ATIK WIDYASTUTI,2842,1,58500.0
ATIKA SARI,2333,1,22500.0
ATIYOSO TRINUGROHO,1703,1,58000.0
ATLORIA TRANSPLACIA,2634,1,54000.0
ATON,1510,1,40000.0
ATTI LOPE,1310,1,85800.0
AUDI,1615,1,30740.0
AUDI INV/20230507/MPL/3219207826,604,1,54900.0
AUDI OKTAVIAN SENAS,450,1,375000.0
AUDIAMIKA PUTRI MARDYANTI,2652,1,58500.0
AUDREY,1383,1,44390.0
"AUDREY DEVINA (PESERTA LATSAR CPNS KEMENKES ANGKATAN 2),",2359,1,60000.0
"AUDREY DEVINA,",2444,1,60000.0
"AUDREY RACHELIA BUDIMAN,",2346,1,53000.0
AUDREY THEODORA PHANG(IGNA) INV/20231201/MPL/3596133690,397,1,61762.0
AUDRY,1539,1,51480.0
AUDRY CHRYSILLA,1724,1,120000.0
AUDY,1944,1,28000.0
AUDY AYU A.D,2416,2,112500.0
AUDY NOYA,391,1,28000.0
AUGUSTINUS,2007,1,52200.0
AUN,928,1,62075.0
AUN (GRACIA FLORIST BANGKA),533,1,420000.0
AURE VATINEL,526,1,160000.0
AUREL DACHI,1443,1,27000.0
AUREL MT,1185,1,63375.0
AURELIA,1923,1,60000.0
"AURELIA ANGELINA,",1778,1,55900.0
AURELIA.,1615,2,67016.0
AURELLIA,1406,1,50180.0
AURELLIA EUNICE,1848,1,60000.0
AURELYN YUNI HIZKIA GULTOM,1203,1,63375.0
"AURO,",701,1,62205.0
AURORA,1779,12,801000.0
AURORA RACHELTASIA,1877,1,42900.0
AURORA.R,985,1,30000.0
AUSTIN PURWANTORO,1320,1,56550.0
AWIDYA NIKAYA,884,1,300000.0
AWIDYA NIKAYA / GKI PAMULANG,544,1,600000.0
AXEL,2170,3,139800.0
AXEL INV/20231122/MPL/3579502322,405,1,68625.0
AXEL YONATAN,1878,1,39000.0
AYAM TULANG LUNAK DAN PHOTO CO,1376,1,83160.0
AYI ANGGORA,1346,1,63375.0
AYU,1080,1,117000.0
AYU AFRIDA HALOHO (BPK POSMAN HALOHO),1378,1,60000.0
AYU AGUSTINA SIBUEA,1615,1,34450.0
AYU ANGELINA,1285,1,75075.0
AYU EMELIA PERANGIN-ANGIN,1510,1,40000.0
"AYU FRANSISKA T,",2149,1,48000.0
AYU INTAN H.,1313,1,56550.0
AYU KRISTANTI,1320,1,56550.0
AYU LESTARI,1616,2,142600.0
AYU MOSE,1178,1,48750.0
AYU NOVITA,1031,1,87250.0
AYU NOVITA PUTRI,2507,1,58500.0
AYU OKA ARIANI,2266,1,36000.0
AYU OLIVIA RAJAGUKGUK,1003,2,112000.0
AYU SAGITA PUTRI SILALAHI,1615,4,85330.0
AYU SAGITA SYAH,1614,1,31800.0
AYU SARTIKA SIMATUPANG,1365,2,92500.0
AYU SILABAN,1184,1,63375.0
AYU SIMATUPANG,1372,1,55000.0
AYU SULPIANI,1221,1,16250.0
AYU SULPIANI MANETE,891,2,34500.0
AYU SUWANDI,1566,2,1421475.0
AYU SUWANDI.,824,1,46520.0
AYU W. M. MENNO,1043,1,24375.0
AYU WAHYUNINGSIH INV/20231212/MPL/3620161913,386,1,58560.0
"AYU,",1615,1,60000.0
AYUB,1574,1,64000.0
AYUB PRIYATNA,1658,1,545600.0
AYUB RANTE LILING,1846,1,51680.0
AYUB WAHYONO,912,1,26190.0
AYULIETHA,1604,1,58000.0
AYULIETHA IDA,1812,2,130000.0
AYUNI,1510,1,40000.0
AYUT MONINGKA,1150,1,26325.0
AZALIA,915,1,72900.0
A_3OZK9DWB 230607QQVHS2UH,551,1,34272.0
B.R. NINDITA NAVALDI,857,1,60264.0
BABBY BARBALINA TAPILATU,2311,1,45000.0
BACHTIAR LIUSMAN,1059,1,45500.0
BADIA TUAHMAN L SIHALOHO,1551,1,52000.0
BADU SITUMORANG,1571,1,105000.0
BAGAS PUTRA PRAYOGA,2365,2,127500.0
BAGINDA SIMATUPANG,853,3,50544.0
BAGUS,1511,1,49500.0
BAGUS PATTIWAEL,352,4,665500.0
"BAGUS PATTIWAEL,",1234,1,120000.0
BAGUS PRISTIWANTO,2772,1,54000.0
BAGUS SAPUTRA,1615,1,37100.0
BAGUS SETIAWAN PATTIWAEL INV/20230514/MPL/3231536006,593,1,1432500.0
BAGUS SURJANTORO,1442,1,0.0
BAHANIA SITORUS,915,1,51030.0
BAHO,673,1,95700.0
BAIT ADETYA SITUMORANG,1036,1,73125.0
BAJI PAMAI SUPERMARKET & KAFE,808,1,97200.0
BAKER BOOKS,1808,2,0.0
BAKMIE GRACE,1193,1,63375.0
BAKTERII YYAKULT,1320,1,56550.0
BAMBANG (GBI GRAHA FAMILY),22,1,56000.0
BAMBANG ELIM,2583,1,45000.0
BAMBANG HARJANTO BUDIARTO,883,2,300000.0
"BAMBANG HARJANTO BUDIARTO,",551,1,375000.0
BAMBANG KUSUMA,971,1,77600.0
BAMBANG SRIANTO,2826,1,270000.0
BAMBANG SRIYANTO,1716,1,0.0
BAMBANG TRI WICAKSONO,1877,1,27300.0
BAMBANG WIJANTO,1041,5,2691189.0
BAMBANG WIJANTO.,849,1,300000.0
BAMBANG YUDI,1158,1,24375.0
BANGBEN,1268,1,24955.0
BANI FIRDAUS,175,1,30000.0
BANO,1037,1,66300.0
"BANO,",853,3,50544.0
BANOWATI,1217,2,103125.0
BAPAK AGUS SUSILO,1937,1,65000.0
BAPAK DAVID SIMBAR / ROSY IRNA,2640,1,52200.0
BAPAK DJUNAEDI,1713,1,0.0
BAPAK DONATUS,23,1,0.0
BAPAK FERRY PASANG,807,1,44000.0
BAPAK FREDERIK KIUK,1167,1,47600.0
BAPAK GITO TW,1849,3,199500.0
BAPAK HANDOYO,1351,1,30000.0
BAPAK HARRY LIMANTO,356,45,9015400.0
BAPAK IHAN M (STRII),1021,1,20000.0
BAPAK JOHAN,611,1,45000.0
BAPAK JOSEPH,1806,2,856800.0
BAPAK MANGAPUL SAGALA,1127,2,966000.0
BAPAK MICHAEL TAMBOCH (YAYASAN GEMA KASIH YOBEL),1639,1,0.0
BAPAK MOSES,1258,1,0.0
BAPAK STEVE,1688,2,0.0
BAPAK TANJUNG,337,2,184500.0
BAPAK TONY ANTONIO,159,6,3286500.0
BAPAK WAHYUDI,2232,1,58500.0
BAPAK WAWAT IBU YENNY,1036,1,63375.0
BAPAK YOSHWA,1251,2,450000.0
BAPAK YU UN,1021,1,20000.0
"BAPAK, YOHANES",1350,2,151000.0
BARI,1227,1,30050.0
BARMEN & AURORA,1313,1,56550.0
BARMEN LINGGA,1611,1,52000.0
BARMEN LINGGA..,560,1,70000.0
BARRATA,1668,3,179190.0
BARRY LIKUMAHUWA,2655,1,45000.0
"BARRY LIKUMAHUWA,",1685,2,117200.0
BARTOLOMEUS WIDIASTA R&D),701,1,66990.0
BARTON SIAHAAN,949,2,101088.0
BASAR DANIEL,863,2,0.0
BASARIA,1510,1,40000.0
"BASARIA SITOHANG,",1773,1,51600.0
BATARA CALVIN F LUMBAN GAOL,1510,1,40000.0
BATTA BATTA,2045,1,90000.0
BAYU,1933,14,8084800.0
BAYU ADI SAPUTRA,931,1,52000.0
BAYU DWI HARSONO,2486,1,15000.0
"BAYU DWI HARSONO,",537,1,105000.0
BAYU PANDU PURWADIANTO,1416,1,63000.0
BAYU RAHARJO,1550,1,36860.0
BAYU TOPED,907,1,60140.0
"BAYU,",1191,1,58200.0
BAYU..,386,1,76500.0
BAYUWB9 230606P3DDX6JG,551,1,23800.0
BEALBLO CHOPPING,19,1,110000.0
BEATRICE CHANG,1769,1,65000.0
BEATRICE CHRESTELLA,1615,1,29680.0
BEATRICE CLAUDIA SIMANJUNTAK,885,2,114660.0
BEATRICE MERTADIWANGSA,2297,1,72000.0
BEATRICE SIMANJUNTAK,1731,1,52000.0
BEATRIS PANGALA,1063,2,591600.0
BEATRIX DANIEL,2638,1,47000.0
BEATRIX STELLA,1615,1,34450.0
BEATRYCE VALENTINA,2596,1,67500.0
BEBE SUSANTO,1147,1,52010.0
BEDJO LIE,1807,13,20718400.0
"BEDJO LIE,",567,6,8637000.0
BEITERSAN GEA,980,1,24300.0
BEKTIRUTHSAHANAYA125 2305074R7QFFWQ,611,1,26796.0
BELA,2676,1,292500.0
BELINDA,1346,3,170725.0
BELINDA DARATIO,1090,1,174600.0
"BELINDA JOCELIN,",1615,5,251180.0
BELINDA TOPED,1262,1,64020.0
BELINDA.,1614,1,24300.0
BELLA JOJO,2340,1,50000.0
BELLA KUMALASARI,852,5,212226.0
"BELLA KUMALASARI,",1616,3,122530.0
BELLA NAINGGOLAN,2284,1,50000.0
BELLA PASARIBU,1193,1,63375.0
BELLA SANTIKA,1241,1,41193.0
BELLA VANIA,1310,1,63375.0
"BELLA,",1954,1,60000.0
BELLA.,1407,1,61350.0
BELLA..,1221,1,48750.0
BELLATRIX,1193,1,63375.0
BELLY PARTOMUAN,1136,1,63050.0
BELVA YESSICA,779,1,105000.0
BELVINA ANGELICA,984,1,77760.0
BENA LIMAN,984,1,77760.0
BENARDO GUNADI SIHOMBING,1282,2,165250.0
BENAYA,56,2,128375.0
BENAYA.,815,1,64940.0
BENEDICT FEBRIAN,1916,1,85000.0
BENEDICT MANURUNG,915,3,141030.0
BENEDICTO MATTHEW,1313,1,56550.0
BENI - JHCR,1129,1,25000.0
BENI INV/20240116/MPL/3683338184,351,1,68625.0
BENIAT,984,1,72900.0
BENIDICTUS JOBEANTO INV/20230118/MPL/2985967566,713,1,114600.0
BENINO OTNIEL,2455,1,54000.0
BENITA GULTOM,2263,1,58500.0
BENITA L. KAWAITOUW,1517,2,245000.0
BENITA THEDA,1102,3,148875.0
"BENITA THEDA,",1776,1,225000.0
BENJAMIN INDRAWAN,815,2,126690.0
BENNY F. MARKUS,867,1,50544.0
BENNY GUNAWAN,2522,1,54000.0
BENNY HARIYANTO,2417,2,198000.0
BENNY P,2472,1,53700.0
BENNY PASARIBU,2665,1,58500.0
BENNY SULISTYO,2485,1,45000.0
BENNY WICAKSONO,2520,1,58000.0
"BENNY,",471,1,70000.0
BENNYCHIA,1109,1,72750.0
BENRIK PURBA,2490,1,108000.0
BENY PARDEDE,2760,1,30000.0
BENYAMIN ANTARI,1352,1,66300.0
BENYAMIN CH. POEH,1708,2,81000.0
BENYAMIN CH. POEH D.A. RILIA A. POEH (SEKOLAH KASIH YOBEL (SKY)),1129,1,0.0
"BENYAMIN CH. POEH,",986,2,155000.0
BENYAMIN IMANUEL SILALAHI,1285,2,68620.0
BENYARIS,1759,1,280500.0
BENYARIS PARDOSI,562,1,0.0
BERITAKAN DAELI,815,2,132832.0
BERKAH PRAYOGO,1313,1,48750.0
BERKAT,920,1,50137.0
BERKAT JAYA HAREFA,915,1,120000.0
BERLIANA,2357,1,60000.0
BERLIANA DWITASARI,1614,1,27560.0
BERLIANA PARDEDE,885,1,24300.0
BERLIANA RUTH T MARBUN,1367,1,59975.0
BERLIANA WM,1793,3,147100.0
BERLY,1322,4,374725.0
BERMAN NOEL C.,226,3,35000.0
BERMAN SILALAHI,1309,6,237000.0
BERMAN SITUMORANG,1227,1,129190.0
BERNA,1283,1,50925.0
BERNADIKUS PATRICK DAUNDY,851,2,144510.0
BERNADUS PASAMBO,1227,1,85800.0
BERNARD DIMA,1615,1,36040.0
BERNARDUS ANDRIANANTA,676,1,65076.0
BERNAS SARI PATI SILALAHI,984,1,97200.0
BERNAT SOLOGI,853,3,50544.0
BERNIKE / SARI DIANI,927,1,26244.0
BERNIKE EMANUELA,2472,1,54000.0
BERNIKE IMANUEL,908,2,215784.0
BERNIKE VANIA INV/20240118/MPL/3687270629,349,1,59475.0
BERNIKE_ELOKP 230503P9REBCG7,611,1,62205.0
BERTA EVELYNE NATALIA TARIGAN,2333,1,52200.0
BERTHA,273,1,50000.0
BERTHA KARYAHASTANA,1975,1,61200.0
BERTHA KARYAHASTANA.,1615,1,29680.0
BERTHA LORPE,2254,2,223500.0
BERTHA MELISA,2186,1,60000.0
BERTHIN SAPPANG,1699,1,0.0
BERTINA SURYA,921,1,43325.0
BERTINA201 230406DVTPBV9M,612,2,0.0
"BERTY S. SIMANJUNTAK,",1614,2,81040.0
BESTIAN LOMBU,190,2,83000.0
"BETA RIDA PASARIBU,",1973,1,50000.0
BETANIA. K,2508,6,880500.0
BETH ZABDIEL.,1109,1,48500.0
BETHANIA,2490,2,288000.0
BETSY KURNIAWATI WITARSA,1490,1,137900.0
BETTI MALAU,780,2,42930.0
BETTY SINAGA,1197,1,63375.0
BETY DJUNAEDI,777,1,156000.0
BEVIN MAKOENIMAU,2225,4,264600.0
BEYAMIN,946,1,60000.0
BHELLINDA,205,1,70000.0
BIANCA NATASYA,2690,1,54000.0
BICH HANES BICH,1187,3,112544.0
"BIDAN RUTH ONYE SARI,",2140,2,104900.0
BIE AMELIA HUTAURUK,676,1,57420.0
BILGA.A.TABUNI,1198,1,64025.0
BILL KINDANGEN,1615,1,45050.0
BILL OSCAR MONIGOEI,2711,1,72000.0
BILLIAM HERIONO,1379,1,90000.0
BILLIE CHRISTIAN,898,2,107710.0
BILLY,534,6,450500.0
BILLY AMOS,915,3,156872.0
BILLY AMOS D. P. O,1616,2,107460.0
BILLY AMOS INV/20231017/MPL/3515250620,441,1,56501.0
BILLY CAHYO,878,1,49660.0
BILLY P. LUBIS,732,1,65380.0
BILLY P.LUBIS,1088,3,165125.0
BILLY PANDEAN,2017,1,31500.0
BILLY PANDU SAMUDRA,2640,1,72000.0
BILLY PARULIAN LUBIS,824,1,47000.0
BILLY PETER NOGI,1751,1,68000.0
BILLY SAMUDRA,2053,1,54000.0
BILLY SUGIAUWTO,2616,1,54000.0
BILLY W.LIANDO,69,1,65000.0
BILLY WANDI LIANDO,1769,5,294900.0
BILLYAMOS,1170,3,88630.0
BILLYANE MURAGISHI,1199,1,58200.0
BIMA,851,1,47749.0
BIMA ANUGERAH,946,3,192550.0
BIMA ANUGERAH INV/20231031/MPL/3539455045,427,1,68625.0
BIMO AGMI,2186,1,75000.0
BIMO AGMI PUTRO,1699,1,45000.0
BIMO HARIYO PROGO,912,1,116640.0
BINA KARYANA LUMBAN BATU,1063,1,45500.0
"BINARDI SIAGIAN,",2182,1,60000.0
BINERCO GUNAWAN,2042,1,58000.0
BING BING,352,8,1758500.0
BING-BING,261,1,30000.0
BINSAR PARLINDUNGAN,1109,1,72750.0
BINSAR PARLINDUNGAN INV/20231130/MPL/3595154581,397,1,42975.0
BINTAN MARGANDA S,794,2,133700.0
BINTAN MARGANDA S INV/20230106/MPL/2956236508,726,1,64050.0
BINTANG GEMILANG,1109,3,203025.0
BINTANG GEMILANG ARIF BIJAKSANA,1990,1,65000.0
BINTANG GEMILANG INV/20230929/MPL/3482439760,460,1,64442.0
BLESSARI TESALONIKA WORAN,910,1,52000.0
BLESSING LOVELY,690,1,62205.0
BLOOMY,676,1,114840.0
BOB,1349,2,205000.0
BOBBY,2302,1,22500.0
BOBBY BINTANG SIGALINGGING,657,1,70000.0
BOBBY HARTANTO WIJAYA,2639,1,27000.0
BOBBY SALAMENA,2375,1,45000.0
BOBBY SIMARMATA,1571,1,105000.0
BOBBY SURYA,1779,3,137000.0
BOBBY WILIAM THERRY,2238,2,112000.0
BOBBY WILLIAM THERRY,815,1,62075.0
"BOBBY,",1510,1,40000.0
BOBBY/ECHA (JNE MINUT),2107,1,1000000.0
BOBY,2890,1,54000.0
BOBY HARTANTO,2584,1,37000.0
BOBY KASENDA,2643,1,45000.0
BOBY KRISTIAN,2858,1,1050000.0
"BOBY SIHOMBING,",1939,1,50000.0
BOEDHI SANJAYA,1035,1,63180.0
BOEDI TJUSILA,1568,10,920500.0
BONA HARAHAP,1842,1,50000.0
BONAN IMANUEL,1062,52,1596900.0
BONAN IMANUEL (STAF),212,17,728000.0
BONARIA,1813,1,360000.0
BONG RIDWAN KURNIAWAN,2480,1,67500.0
BONI,1801,1,32500.0
BONI KALMUAR SIBURIAN,1405,2,100000.0
BONI SINDYARTA,729,1,120000.0
BONNARTY SILALAHI,1510,1,59400.0
BONNARTY STEVEN SILALAHI,824,1,64940.0
BONNIE KALINGGO (NK),1614,1,37100.0
BONNY LIMANTORO,1240,1,100000.0
BONTOR MULIA ANDREAS,915,2,85050.0
BORA ALEXANDER,983,1,77600.0
BORIS PASARIBU,1300,1,62725.0
BOU KORES SITINJAK,1160,1,27300.0
BOWIE OASIS SAHARA INV/20231009/MPL/3501242062,449,1,54900.0
BOY NAPITUPULU,2585,1,43000.0
BOYKE MARGANDA PAKPAHAN,2415,2,88800.0
BP ANDY,851,4,239320.0
BP SUPARMAN,1384,1,74305.0
BP WIYANDI,2315,1,117000.0
BP. CLIVEN B. & KELUARGA,1133,1,40000.0
BP. EDWIN,2528,2,127500.0
"BP. JOS SUDARTO,",1457,1,140600.0
BP. JOSHUA B. & KELUARGA,1133,1,40000.0
BP. TRUBUS,2017,1,31500.0
BP.ALEX,2914,1,24000.0
BP.MELKIAS WODEK,1531,1,240000.0
BPC PERKANTAS JATIM,2741,1,150000.0
BPD GSJA KALIMANTAN TIMUR,2239,1,3318000.0
BPK CAHYADI,780,3,144428.0
BPK EDI,1290,1,40000.0
BPK FERRY,1248,1,45000.0
BPK GIDEON SETIABUDI,547,1,45500.0
BPK GUNUNG MULIA,2308,3,6324500.0
BPK HARVEY MONINGKA,1262,2,191000.0
BPK IMMANUEL THE,1861,1,65000.0
BPK PDT. DR. WIJANADI,1571,1,105000.0
BPK TEDDY HARTONO ONE TEAM MINISTRIES DAN FAMILY FIRST,744,2,16800000.0
BPK THEOPHILUS,2429,1,36000.0
BPK USADA LENNO ELTHO,876,1,78000.0
BPK WINANG BASUKI,1045,1,67500.0
BPK YOHANES HARY PRASETYO,863,1,50000.0
BPK. ADHI,743,1,0.0
BPK. ANTON,695,2,466000.0
BPK. BAMBANG HANDOYO,2101,1,704000.0
BPK. DANNY,1383,1,74305.0
BPK. JOHAN SETIAWAN,926,1,0.0
BPK. NANANG XU / PAK XU JING AN,1234,1,1365000.0
BPK. OKKY WILIAM LUKMAN,231,1,4462500.0
BPK. STEFANUS THEOPHILUS,1457,1,140600.0
BPK. STEPHANUS AUGUSTINUS,1457,1,140600.0
BPK. SUHANDRI L.,743,1,0.0
BPK. YORDAN BATARA-GOA,2276,1,40500.0
BPK. YOS LENDI,925,1,130000.0
BPK.ARYANTO,646,1,367500.0
BPK.KISSINGER,1085,6,1687500.0
BPR PERKANTAS SALATIGA,1413,3,542000.0
BRAM,1231,5,173700.0
BRAMTAMAWIJAYA S,2078,1,116000.0
BRAM_OLSHOP,1510,1,40000.0
BRANDO V. KONDOJ,2646,2,84000.0
BRANDON SEBASTIAN KURNIAWAN,2009,1,100000.0
"BRANDON SEBASTIAN KURNIAWAN,",1042,1,63050.0
BRATAYUDA,1313,1,117000.0
BRAVE YOWENI,1544,1,65000.0
BRAVEL SIGALINGGING,2578,1,29000.0
BRELLA,1285,1,34955.0
BRENDA NATASYA TULLE,2343,1,58000.0
BRENDA PETRIANY,1056,1,88000.0
BRENDA TENDEAN,853,1,48600.0
BRIAN ANGELUS,901,1,257850.0
BRIAN C,1255,1,65960.0
BRIAN COUGHLIN,2471,1,1050000.0
BRIAN COUGHLIN.,345,2,425000.0
BRIAN PRANATA PUTRA,1953,1,234000.0
BRIAN UNDERHILL,2791,1,270000.0
BRIAN.C,2114,1,52200.0
BRIGGITA AGNESIA,1209,1,63375.0
BRIGITTA,1383,1,76230.0
BRILIAN ADU,1209,1,25000.0
"BRILIAN ADU,",979,1,80000.0
BRILIANT BYOTENEGA,454,1,0.0
BRILLIANT BYOTENEGA,1190,1,0.0
BRITANIA THERESA,2011,2,160000.0
BRITANIA THERESA (TESA),909,3,180180.0
BRITANIA THERESA PAKPAHAN,1009,5,326570.0
BRUNI,1313,2,139710.0
BRURY EKO SAPUTRA,1230,1,116400.0
BRUSLI,2121,1,130000.0
BRYAN,1544,1,60000.0
BRYAN ANDERSON,1973,1,60000.0
BRYAN AUSTIN LONTOH,1041,1,46188.0
BRYAN LIAUW,1384,1,64350.0
BRYAN MASSIE,673,1,47850.0
"BRYAN,",1510,3,149500.0
BRYAN.,1542,1,64350.0
BU CIPTA/BU.LISA,1716,1,0.0
BU DIANA INV/20231128/MPL/3591374620,399,1,106140.0
BU ELLES,1191,1,720000.0
"BU FEMMY ALLOW, S.TH.",1707,1,0.0
BU JENNY,453,1,75000.0
BU JENNY AGUSTINA,930,1,65000.0
BU LANNY,1722,1,73800.0
BU LINA,2429,1,70000.0
BU MARIA K.U. GINTING,1178,1,117000.0
BU MERRY,853,1,78400.0
BU MONICA,469,1,65000.0
BU NARTI (UNTUK BU SUSIE HERYANTO),474,1,600000.0
BU PAULA,1433,2,87000.0
BU RIWAYATIE (PA KEPUTIH),84,1,28000.0
BU ROLLY,2732,2,61500.0
BU SALLY MEGA,930,1,65000.0
BU SERLI,2353,1,42500.0
BU SISWI,2758,1,108000.0
BU SONNY,1509,1,450000.0
BU SUSAN,2227,1,58500.0
BU UNTUNG,1283,1,33950.0
BU YENNY,1109,2,104742.0
BU YULIA,638,1,25000.0
BUCEK JALU,2665,1,45000.0
BUDAYA MAJU,1212,3,145500.0
BUDDHI SENOPUTERA,1283,1,59752.0
BUDDY PRASETYO,1088,2,298125.0
BUDI,1539,3,242560.0
BUDI ABDIONO,1134,2,60000.0
BUDI BUDI,954,1,25000.0
BUDI CAHYONO,1115,1,85800.0
BUDI DHARMA,2270,2,200000.0
BUDI GUNAWAN,887,3,176510.0
BUDI MULIA,1356,1,67550.0
BUDI PRASODJO,744,6,419210.0
BUDI SANTOSO G,205,3,160415.0
BUDI SETIAWAN,1703,1,65000.0
BUDI SETIAWAN INV/20231022/MPL/3522444640,436,1,59475.0
BUDI SUSANTO,859,2,83820.0
BUDI TANDIONO,920,5,589275.0
BUDI TOPED,920,1,71625.0
"BUDI,",983,1,155200.0
BUDI.,1075,1,58200.0
BUDIANTO LIM,825,7,2708300.0
BUDIANTO TANDIRERUNG,2710,1,40000.0
BUDIKST 230606MPEJEYJ8,551,1,33495.0
BUDIMAN,829,13,845710.0
BUDIMAN PERMADI,856,1,60000.0
BUDIMAN PERMADI.,777,1,40000.0
BUDIMAN SANTOSO,984,2,862200.0
"BUDIMAN,",1297,1,58500.0
"BUDIMAN,,",989,1,200000.0
BUDIMAN.,1232,1,50000.0
BUDIMOELJONO REKSOSOESILO INV/20231031/MPL/3539955433,427,1,109800.0
BUDIYANTO,1616,2,136800.0
BUDY SALEAN,984,1,97200.0
BUKU BEKAS NUSANTARA (UP:DAVID),1,85,4428450.0
BUN HAU,1109,1,72750.0
BUNDA MIRACLE SAKA,983,1,26190.0
BUNGA,1674,2,84000.0
BUNGA AYU(GURU TK PETRA 9 SBY),995,1,20412.0
BUNGA.,331,2,0.0
BURGER KING PADJAJARAN BOGOR,1160,1,24375.0
BURHAM,1615,1,30740.0
BUYAMIN,1109,1,72750.0
BUYI,815,1,87480.0
BUYUNG BANI WIJAYA,342,3,98000.0
BYOLA UNIVERSITY,1876,2,628600.0
C.A.R.S #230511ETXBDW3V,582,1,62205.0
CA DOBO/NACHA,718,1,36366.0
CAHYADI,1614,1,18550.0
CAHYO INV/20231003/MPL/3489980182,456,1,65520.5
CAIHONGSHOP 230605JQJJ14YP,551,1,26796.0
CAKRIEL,2528,1,22500.0
CALEB CHRISTOFER - A7,1379,1,51220.0
CALEB CHRISTOFER A-7,1615,1,29680.0
CALEB MULYATAN INV/20240104/MPL/3662976369,362,1,68625.0
CALISTA,816,1,24300.0
CALISTA WIRIADINATA,1661,1,18000.0
CALLISTA,1440,1,89100.0
CALVIN,1451,2,116050.0
CALVIN ALEXANDER,1200,1,63050.0
CALVIN HUANG,1616,2,111714.0
CALVIN INSTITUTE OF TECHNOLOGY,464,3,3240000.0
CALVIN NATHAN WIJAYA,593,8,1293500.0
CALVIN SOPUTRA,1283,6,201694.0
CALVIN SUKENDRA,1877,1,200000.0
CALVIN WU,915,2,77315.0
"CALVIN,,",1120,1,0.0
CAMELIA,1313,1,117000.0
CAMELIA MARIANI,1944,2,120000.0
CAMILA,1062,1,218250.0
CANDRA,1085,1,73125.0
CANDRA (PARE),1919,2,125000.0
CANDRA (STIKOM),2690,1,25000.0
CANDRA GUNAWAN,1153,4,250655.0
CANDRA GUNAWAN.,1132,1,40000.0
CANDRA KAILUPA,1002,1,26325.0
CANDRA KURNIAWAN BUTAR BUTAR,1002,3,98790.0
CANDRA NUGRAHA WATI,1716,1,32400.0
CANDRA RIANNI,1468,1,55440.0
CANDRA SETIANTO,1234,1,30000.0
CANDRA SINURAYA,766,5,245262.0
CANDRA TOKPED,983,1,155200.0
"CANDRA,",971,1,350000.0
"CANDRAKH,",2154,1,25000.0
CANGE ESRA RUNISI GULO,808,1,52488.0
CANTIKA BELLA,1535,1,60000.0
CANTIKA PRASETYO,2441,1,54000.0
CARDY GO,2360,1,48000.0
CARIL2008 230606NQ3YEUCB,551,1,33495.0
CARINA ELIANE,1058,1,40950.0
CARISTHA HAZELLIA PUTRI,1221,1,190486.0
CARLA SAPATA,1321,3,197550.0
CARLOS MANUEL SIHITE,946,1,24300.0
CARMELA YULIAWATI,2347,1,54000.0
CARMELITA,2221,2,135000.0
"CARMENITA ANDREYANA,",2151,1,99800.0
CARMIA,878,6,482465.0
CARMIA INV/20230614/MPL/3290877333,562,1,64050.0
CARMIA INV/20230614/MPL/3290881029,567,1,82350.0
CARMIA INV/20231016/MPL/3513312195,442,1,85749.0
CARMIA MARGARET,138,14,2813500.0
CAROL SETIADI,1052,4,230083.75
CAROL SETIADI INV/20230714/MPL/3344906927,537,1,286500.0
"CAROL SETIADI,",2120,1,52000.0
CAROLINA,661,1,93786.0
CAROLINA INV/20231018/MPL/3516846313,440,1,59475.0
CAROLINA INV/20231229/MPL/3650415107,369,1,75500.0
CAROLINA RISTA,676,1,57420.0
CAROLINA SAMBARA / RYAN TEDJA,1509,1,450000.0
CAROLINA SOPUTRI,1615,1,36040.0
CAROLINE,1471,2,82350.0
CAROLINE CLARA CARISSA,1122,1,39000.0
CAROLINE E PURBA,1276,2,130000.0
CAROLINE FERYNA,1002,1,20412.0
CAROLINE JKT,1896,5,561000.0
CAROLINE MANNUELA (INE),1313,1,63375.0
CAROLINE NASMUL,1091,1,73125.0
CAROLINE OEI,851,15,1109010.0
CAROLINE P,2,1,65000.0
CAROLINE PUSPA SANJAYA INV/20230620/MPL/3302856796,560,1,80520.0
CAROLINE WIBOWO,808,1,52488.0
"CAROLINE,",1320,3,425550.0
CAROLINE.,1104,1,63375.0
CASABLANCA24 230410RF0R83UY,612,1,100485.0
CASE221 230414309PVASS,612,1,172260.0
CASH,2696,2,112500.0
CATHALIA KURNIA,1010,2,170550.0
CATHERINE (TOKO ANUGRAH),2470,1,30800.0
CATHERINE AMELDA,2604,1,52200.0
CATHERINE CATHERINE,2800,1,90000.0
CATHERINE HIENDARTO,2619,1,22500.0
CATHERINE INV/20230820/MPL/3412110829,498,1,54717.0
CATHERINE STEPHANIE,1234,2,50315.0
CATHERINE T,906,1,63180.0
CATHLEEN,1241,1,65960.0
CATHLIN L,2343,1,52000.0
"CATHLIN LIMBONG,",2460,1,69000.0
CATHRINE DANIA,1614,1,56000.0
CATHRINE WIDIA,1871,1,65000.0
CATHY,1320,1,68250.0
CATUR TRESNA R (SANAMPAN),5,128,66064700.0
CE EVELIN,755,4,218000.0
CE LILI,2353,2,74500.0
"CE LILI,",2123,1,120000.0
CE SYANE,778,1,25000.0
CE VINA,1792,2,180400.0
CE YATIE,778,1,25000.0
CECE COLLAZO,732,1,145800.0
CECILIA,894,1,95500.0
CECILIA CTPS SBY,502,1,32500.0
CECILIA NATHANIEL,2353,1,44450.0
CECILIA SADIKIN,983,1,77600.0
"CECILIA,",646,1,95000.0
CEFFI58 231002URNG3KDW,457,1,114840.0
CELINE,2793,1,22000.0
CELINE ASALEO,1521,1,59400.0
CELINE VALENIA SUGIANTO,829,1,63180.0
"CELYNE LOUISA MANURIP,",1187,1,40950.0
CEMARA,2844,1,54000.0
CEMARA AVRILIWAN PUTRA,1321,4,150848.0
CENDANA,1772,3,107000.0
"CENDANA NABABAN,",814,4,141540.0
CENDRA HARSOJO,1479,1,300000.0
CENDY CITRA,984,1,97200.0
CENGLYSON TJAJADI,860,1,52143.0
CENNY WIJAYA,1433,1,59855.0
CERRY STEWARD SENGGETANG,732,2,103900.0
CESA MARIA,1764,1,65000.0
CEVIN HARTANTO,1456,1,59400.0
CH. IRIANI/SHERA MAYA,711,1,130152.0
CHACHA,984,1,77760.0
CHAIRANI M R SINAGA,928,2,129975.0
"CHAIRANI MANASYE RIAMA SINAGA,",1227,2,89970.0
CHALEZ MA,1056,1,50440.0
CHAMP,2822,1,30000.0
CHANDRA,681,2,69500.0
CHANDRA BANDU,777,1,78000.0
CHANDRA BUDI,2183,1,65000.0
CHANDRA BUDI HARTONO,2382,1,34200.0
CHANDRA HADIWIJAYA INV/20240102/MPL/3658776837,364,1,75500.0
CHANDRA HENRY,1109,1,72750.0
"CHANDRA INDRAWAN,",921,5,208634.0
CHANDRA INV/20230308/MPL/3096643950,665,1,109800.0
CHANDRA K. ATMAJA,55,1,32000.0
CHANDRA KOEWOSO,643,2,272000.0
"CHANDRA KOEWOSO,",1021,2,67900.0
CHANDRA NOVITA,2515,1,52200.0
CHANDRA PANGARIBUAN,2220,2,91000.0
CHANDRA UDAYANA,1109,8,595700.0
"CHANDRA UDAYANA,",403,4,378000.0
CHANDRA WIJAYA,824,3,158160.0
CHANDRAWATI,683,1,62205.0
CHANDRA_TEKNIK UDAYANA,1197,1,63375.0
"CHANG YOUNG MIN, TH.M",2683,1,64000.0
CHANRO,1193,1,63375.0
CHARAQUA VANIA,1386,1,67320.0
CHARIN,1544,1,65000.0
CHARINA,1024,1,60450.0
CHARIS CHRISTOPHER HULU,1551,1,52000.0
CHARISMA IIN,1493,1,89100.0
CHARISSA,984,1,95256.0
CHARISSA CHRISTIASARI,984,1,78000.0
CHARISSA.,732,1,116640.0
CHARLES EDO,1311,1,85800.0
CHARLES ENDRIKO,2141,1,65000.0
CHARLES HENRY KOLOAY,718,1,78474.0
CHARLES HUTAPEA,28,3,331150.0
"CHARLES HUTAPEA,",815,2,94958.0
CHARLIE ADITYA,1658,2,61000.0
CHARLIE ITATS,1632,3,111900.0
CHARLOTTE PRIATNA IBU,72,2,2500000.0
"CHARLOTTE PRIATNA, M.PD.",982,3,77600.0
"CHARLYS N,",573,1,35000.0
CHARLYS NUNIARY,1232,1,60000.0
CHAROLINA SIMATUPANG,2611,1,52200.0
CHATERINE SURYA N,2177,1,54000.0
CHATY HERLINA,2346,1,60000.0
CHELINE CLAUDIA CHRYSANTA,1596,1,30000.0
CHELINENWADU,1209,1,117000.0
CHELSA,732,1,75816.0
CHELSEA,1222,1,29850.0
CHELSEA CHELLOO,939,3,188955.0
CHELSEA LIAMATA,2184,1,60000.0
"CHELSEA,",983,1,63050.0
CHEN CHEN,863,1,72000.0
CHENDRO TURANG,1570,1,64675.0
CHENNY,1674,1,60000.0
CHENNYTHENDERAN 230606NYCFA1TA,551,1,100485.0
CHENYANG RUSLY,1462,4,922500.0
CHERLY,1409,1,130000.0
CHERLYS FITRA,1615,1,60000.0
CHERRY CECILIA,1493,1,24750.0
CHERRY CHANDRA,1510,1,40000.0
CHERRY YURIKA ONNY,1283,1,35308.0
CHESIA CHRISTY,1195,1,63050.0
CHESTER MISAEL INV/20240101/MPL/3656530934,365,1,75500.0
CHESYA LAURA HUWAE,1231,1,21000.0
CHEZIA PRIMA,1051,1,58500.0
CHICI (GA),177,1,0.0
CHIDI MANSONY,2620,1,34200.0
CHIKA,1792,1,58000.0
CHIKITA,1616,1,27557.0
CHIN SIAT LI,915,2,72015.0
CHING,984,1,77760.0
CHING CHING,815,1,74490.0
CHINTHIA PERMATA DEWI,2333,1,54000.0
CHINTYA (KAMAR NO. 5) INV/20230513/MPL/3229653397,593,1,45750.0
CHINTYA MAGDALENA,2210,5,252500.0
CHINTYA MARIA M,809,1,24250.0
CHINTYA SIPAHUTAR,1193,1,63375.0
CHITA RESMI,1423,3,169000.0
"CHITA RESMI,",1034,6,282330.0
CHIU NYIAT,1221,1,15844.0
CHLARA (LALA),448,26,1771911.0
CHLARA (LALA).,741,1,44000.0
CHLARA NAREN MAHARANI INV/20230302/MPL/3082653212,671,1,80520.0
CHLARA NIKKE DARAKAY,747,8,283351.0
CHLARALALA 230701TP0KSJ6P,522,1,32368.0
CHORINA GINTING,2506,1,53000.0
"CHRESTELLA,",2354,1,47000.0
"CHRESTIEN HALIM,",1904,1,65000.0
CHRIS,1877,1,50700.0
CHRIS DEF GOGO H,1053,1,63050.0
CHRIS EDWIN,1678,1,80000.0
CHRIS KWAN,1937,1,80000.0
CHRIS MANUSAMA,1483,1,62370.0
CHRIS MATINDAS,1510,1,40000.0
CHRIS NICOLAUS,2165,1,120000.0
CHRIS REI,2739,1,45000.0
CHRIS SOLAGRATIA GEA,1666,1,80000.0
CHRIS STEPHANY,1237,1,48500.0
CHRIS TOPED,1220,1,63815.0
"CHRIS,",994,1,24272.0
CHRIS.,1741,1,64000.0
CHRISANTIA NOVITA,1524,2,178200.0
CHRISDA ARRANG MENDEMME,911,2,119880.0
CHRISSYL FIORELL,1416,1,53400.0
CHRISTA ADELINE,1250,1,35000.0
CHRISTABEL SMA 11,2249,1,30000.0
CHRISTABELLA DEANDRA FLORENTIA WAROUW,1980,1,60000.0
CHRISTAN REKSA,588,2,88470.0
CHRISTAN REKSA ARINDA SETYOBUDI INV/20230601/MPL/3265932073,576,1,83776.0
CHRISTAN REKSA ARINDA SETYOBUDI INV/20230601/MPL/3265932076,576,1,62075.0
CHRISTANTI,1222,2,97470.0
CHRISTEL CHRISTIANTO,1689,1,65000.0
CHRISTEL FELICIA S,1052,1,50440.0
CHRISTIA NATALIA ESTER BOGIA,1209,1,14625.0
CHRISTIA SIMANJUNTAK,1842,1,50000.0
"CHRISTIA SIMANJUNTAK,",1174,3,185575.0
CHRISTIAN,2101,2,55000.0
CHRISTIAN (SELIBAR COFFEE),871,1,63180.0
CHRISTIAN ABEDNEGO INV/20231116/MPL/3569060018,411,1,80520.0
CHRISTIAN BASTONO,1321,2,107275.0
"CHRISTIAN BASTONO,",1660,2,130000.0
CHRISTIAN BIMA,933,1,65000.0
CHRISTIAN BONARDO,853,3,74490.0
CHRISTIAN CHANDRA,1031,2,92630.0
CHRISTIAN CV SAHABAT PEMENANG,867,1,1365000.0
"CHRISTIAN D,",2035,1,100000.0
CHRISTIAN DANIEL MENDE,1517,2,98000.0
"CHRISTIAN DANIEL MENDE,",1225,1,26000.0
CHRISTIAN ELFRADO SIMATUPANG,1643,1,60000.0
CHRISTIAN FERDY,1309,1,24375.0
CHRISTIAN GUNAWAN,1160,1,63375.0
CHRISTIAN HADI KURNIAWAN,1405,1,24750.0
CHRISTIAN HADINATA SUTANTO,1966,1,122400.0
CHRISTIAN HERMANTO,1063,2,103500.0
"CHRISTIAN HERMANTO,",1987,1,58000.0
CHRISTIAN JOEL,1041,1,65000.0
CHRISTIAN KURNIAWAN S,562,6,1548000.0
CHRISTIAN LAMBEY,1614,1,190800.0
CHRISTIAN NAPSTER,893,1,65000.0
CHRISTIAN NUGRAHA,2287,1,65000.0
CHRISTIAN PRAJITNO,898,1,60140.0
CHRISTIAN STAF,2732,1,30000.0
CHRISTIAN TANUBRATA,1688,1,62000.0
CHRISTIAN TONAPA,1387,1,83160.0
CHRISTIAN WIJAYA,903,2,184000.0
CHRISTIAN WILLSON,1510,1,40000.0
"CHRISTIAN,",2211,1,48750.0
"CHRISTIAN,,",1448,1,59400.0
CHRISTIAN.,1626,1,65000.0
"CHRISTIAN.,",1274,1,63695.0
CHRISTIAN..,1055,1,50440.0
CHRISTIAN...,250,1,60000.0
CHRISTIANI,1613,1,29580.0
CHRISTIANTO,1615,1,47700.0
CHRISTIAWAN TH,1836,1,60000.0
CHRISTIE ANGELIKA SIAHAAN,1195,2,122187.0
CHRISTIEN ELSA,1371,1,64350.0
"CHRISTIN EFRATA,",2165,1,60000.0
CHRISTIN MARDIYANTI,197,2,54000.0
CHRISTIN MARSELA,929,1,65000.0
CHRISTIN MARSELA.,857,1,58320.0
CHRISTIN PURBA,1285,1,40950.0
CHRISTIN S.,1290,1,64025.0
CHRISTIN SIMANJUNTAK,861,1,58320.0
CHRISTIN SITUMORANG,1793,1,60000.0
"CHRISTIN,",1057,1,26190.0
CHRISTINA,1510,1,40000.0
CHRISTINA AMBARRITA,2410,1,108000.0
CHRISTINA ANGGRAINI GINTING INV/20230223/MPL/3065768153,678,1,59475.0
CHRISTINA DWI PUTRI,1373,1,100000.0
CHRISTINA EVANIA,1203,1,68000.0
CHRISTINA FIELIANI,1320,1,56550.0
CHRISTINA HASIAN MELINDA,1300,1,85800.0
CHRISTINA JUSTICAWATI,1481,2,285000.0
CHRISTINA KAWATU,1366,1,136500.0
CHRISTINA KURNIADJIE,2844,1,14400.0
CHRISTINA LEE,2458,2,67000.0
CHRISTINA MAGDALENA,1193,5,172850.0
CHRISTINA MAGDALENA INV/20230209/MPL/3037689326,691,1,59475.0
CHRISTINA NATALIA,983,1,77600.0
CHRISTINA NATASHA INV/20230513/MPL/3230923956,593,1,45750.0
CHRISTINA NOVY WIJAYA,1510,1,40000.0
CHRISTINA REZA HASTUTI,1285,2,120040.0
"CHRISTINA REZA HASTUTI,",1927,1,65000.0
CHRISTINA SIMANJUNTAK (LIA),983,1,85360.0
CHRISTINA SOETRISNO (MISS NINA),734,1,0.0
CHRISTINA YULIANTI,1615,1,31800.0
"CHRISTINA,",661,1,23925.0
CHRISTINA.,1221,1,41193.0
CHRISTINA..,1222,1,29850.0
CHRISTINE,1524,2,61500.0
CHRISTINE AMELIA GUNAWAN,1388,1,54450.0
CHRISTINE ANGELIA INV/20230411/MPL/3171518378,630,1,45750.0
CHRISTINE ARDITO,983,1,77600.0
CHRISTINE ARISTA,984,2,127480.0
CHRISTINE DEBBY SUSANT,2637,1,54000.0
CHRISTINE ELIZABETH,1280,1,86910.0
CHRISTINE IKE BUDIANA,1267,1,63695.0
CHRISTINE IKE BUDIANA W.,2585,2,37900.0
CHRISTINE KURNIATI,1615,1,31800.0
CHRISTINE KURNIAWATI,481,1,130000.0
CHRISTINE MARDIYANTI,1381,1,65000.0
CHRISTINE MARICE BEAMA INV/20231217/MPL/3629030419,380,1,22875.0
CHRISTINE RAPA,2242,4,223000.0
CHRISTINE SAPUTRA,1509,1,225000.0
"CHRISTINE SAPUTRA,",1078,1,60000.0
CHRISTINE SIJABAT,1640,1,85000.0
"CHRISTINE,",1435,1,30000.0
CHRISTINE.,829,1,64940.0
CHRISTINE..,1367,1,27300.0
CHRISTINE...,984,1,77760.0
CHRISTINEE,984,1,77760.0
CHRISTLE HILLARY D MESAKARAENG,2310,1,22500.0
CHRISTMAN HUTAPEA,1241,1,50700.0
CHRISTMAS LITA,1512,1,79200.0
CHRISTMAS SINTA,2609,1,756000.0
CHRISTOFER TAPIHERU,300,52,545740.0
CHRISTOFER TAPIHERU INV/20230809/MPL/3392187459,454,2,68625.0
CHRISTONY KARTONO,988,1,100000.0
CHRISTOPEL MARSAEL IKALOR,743,1,100000.0
CHRISTOPHER,2266,1,264000.0
CHRISTOPHER ANDREW,1109,2,115687.0
CHRISTOPHER ISKIN,28,2,350000.0
CHRISTOPHER JAMES TONG,1615,1,34450.0
CHRISTOPHER JAMESTONG,1615,2,62540.0
CHRISTOPHER JOSHUA,1058,2,167440.0
"CHRISTOPHER JOSHUA,",352,1,1530000.0
CHRISTOPHER KORNELIUS SANTOSO,1551,1,52000.0
CHRISTOPHER OWEN,1551,1,52000.0
CHRISTOPHER PRAYOGO,1022,2,127900.0
CHRISTOPHER SEAN,1351,1,50180.0
CHRISTOPHER SUPUTRO,1779,1,49880.0
CHRISTOPHER TOPED,983,1,97000.0
CHRISTOPHER VINCENT C,1551,1,52000.0
CHRISTOPHER WILLIAM PURNOMO,690,1,20097.0
"CHRISTOPHER,",984,1,63180.0
CHRISTY,907,2,119210.0
CHRISTY MONICA MIHARJA/ CHIKA,2455,1,54000.0
CHRISTY NATALIA,1276,1,86532.0
CHRISTY OCTAVIA PUA,1044,1,69840.0
CHRISTY S,1614,2,53000.0
CHRISTY SUCAHYO BTN,1320,1,56550.0
CHRISTY VANIA MARBUN,1084,1,25000.0
"CHRISTY,",1615,2,81400.0
"CHRISTY,,",1259,3,106435.0
CHRISTY.,1313,1,56550.0
"CHRISTY.,",655,1,76560.0
CHRISTYA HAYUNING SAPUTRI,1615,1,20140.0
CHRISTYANE ZABDI,1551,1,52000.0
CHRISTYDAR PERMATA BELLA AYUNDA,184,1,0.0
CHRISTYOWATI DWI ARIESTA,1685,2,125000.0
CHRISTYY,984,1,77760.0
CHYNDY THREOVANY,1960,1,61200.0
CIA,1160,1,20475.0
CIA DAMPANG,1615,1,34450.0
CIA..,863,1,72000.0
CICI,2872,1,58000.0
CICI NIA,982,1,240000.0
CICIH SUPEIATO,1492,1,60000.0
CICIH SUPRIATI,2078,1,60000.0
CICILIA BEVERLY,2093,1,58000.0
CICILIA BUDI NARWASTI,2346,1,22500.0
CIKA SYALOMITA,1199,1,63200.0
CINDY,1616,1,31200.0
CINDY C,1193,1,63375.0
CINDY CHANDRY,1054,1,50440.0
CINDY CRISTINA DIANDRA,1521,1,59400.0
CINDY ELISABETH,1285,2,78812.0
"CINDY ELSYE,",2066,1,45000.0
CINDY FRANCISCA,1651,1,59400.0
CINDY GRACIELA,1205,1,8500.0
CINDY HENDRIETTA,2249,1,832000.0
CINDY HUTABARAT,1846,1,38000.0
CINDY INV/20230715/MPL/3347255481,534,1,64050.0
CINDY JESLIYANI,1251,1,0.0
CINDY SILAMBI,2618,2,108000.0
"CINDY,",1457,1,140600.0
CINDY.,1045,1,20475.0
CINDY..,765,1,75000.0
CINDYAWAN,1671,1,0.0
CINTHIA SINAGA,676,1,47850.0
"CINTHIA SINAGA,",2354,1,38450.0
CINTHYA TANIA,921,2,115350.0
"CINTIA,STAFF MAKASAR",62,1,30000.0
CINTY RANI SIMARMATA,915,1,20654.0
"CINTYA JUNITA,",1643,1,58000.0
CINTYA VERONICA,1784,1,55900.0
CIPTO DIWIKO,1689,1,0.0
CIPTO DIWIKO.,184,1,10000.0
CISCA TANUADJI,930,1,130000.0
CISTA,1297,2,64000.0
CITA SINAGA,1313,4,200550.0
CITRA DEBORA,2071,2,114000.0
CITRA WIJAYA,1313,1,56550.0
"CITRA,",2282,1,47000.0
"CITRA,,",725,1,19140.0
"CIVIRCA OKTAVIANI WULANDARI,",2141,1,60000.0
CLAIRE,871,1,24300.0
CLARA,2375,5,253400.0
CLARA AGUSTINA,2049,1,80000.0
CLARA ALVERA,1157,1,100000.0
CLARA GEOVANI,145,1,72000.0
CLARA SIRAIT,1273,2,153235.0
CLARA STEPHANIE,1923,2,103500.0
CLARA STEVANI,1200,1,63375.0
"CLARA,",1488,1,70000.0
CLARA.,1193,1,63375.0
CLARA..,984,1,97200.0
CLARENTINE MALILUAN CP,2445,1,54000.0
CLARISA NATHANIA,1275,1,88000.0
CLARISSA AUGUSTANIA,1527,1,37500.0
"CLARISSA AUGUSTANIA,",1409,1,32500.0
CLARISSA HANJAYA INV/20231101/MPL/3540858862,427,1,68625.0
CLARISSA LEVINA,1058,1,72750.0
CLARISSA MAGDALENA,1616,1,33800.0
CLARISSA NATHANIA,1603,1,65000.0
CLARISSA OKTOVIANI,989,1,67740.0
CLARISSA PUTRI,1193,2,103375.0
CLARISSA RACHEL,1075,1,43650.0
"CLARISSA VIOLA MAMESAH,",1615,1,39750.0
CLARISSA WIRYADI,2539,1,67500.0
"CLARISSA,",1953,1,65000.0
CLARISSIA,1196,1,63375.0
CLAUDIA,1058,4,227575.0
CLAUDIA ADHE,2427,1,52200.0
CLAUDIA ALMA,1736,2,114000.0
CLAUDIA ALMA B,2284,1,39000.0
CLAUDIA ANASTASIA,1009,2,87675.0
CLAUDIA AYU PITALOKA,2368,1,45000.0
CLAUDIA DARLEN MANOPPO,685,1,65000.0
CLAUDIA DWINTA KURNIAWATI,867,1,41067.0
"CLAUDIA EMRABHINTA HUANG,",2211,1,39000.0
CLAUDIA GINTING,1283,1,59751.0
CLAUDIA INV/20230817/MPL/3406054883,502,1,49364.0
CLAUDIA LUBALU,1614,1,31800.0
CLAUDIA MOLANI SIAHAAN,725,1,66990.0
CLAUDIA ROSMAULI,37,1,93500.0
CLAUDIA SITUMORANG,2290,1,40900.0
"CLAUDIA SITUMORANG,,,",1616,1,30959.0
CLAUDIA TANUBRATA,1197,1,58200.0
CLAUDIA WIJAYA,1320,1,56550.0
"CLAUDIA,",2221,1,60000.0
CLAUDIUS DIVON,1444,1,24750.0
CLAUDYA BENEDICTA,1133,1,87750.0
CLAUDYA SYDNEY,1539,1,64350.0
CLAURICE HUTABARAT,1283,1,32786.0
CLAURITA DEASY NATALINA,1952,2,168000.0
CLEMENT,2284,1,40000.0
CLEMING,1283,2,68882.0
CLEMING TEDJOKUSUMO,2290,1,40900.0
CLENING,2785,1,50000.0
CLERIE,1388,1,96000.0
"CONNIE DESTHA,",2415,1,50000.0
CONNY CITRA LESTARI,1272,1,25355.0
CONNY RATNITA SITOMPUL,1932,1,60000.0
"CONTRACTS AND ROYALTIES DEPARTMENT, ABINGDON PRESS",1076,1,0.0
COP (CREATIVITY OF PRAISE) STORE,33,6,351400.0
CORNELIA ADIKA,2310,1,50000.0
CORNELIUS KRISTIAWAN,1281,1,63050.0
CORNELIUS PITONO,1730,1,68000.0
CORRY MEICA,2766,1,32500.0
CORY APRIANY,2460,1,75000.0
"CORY MANIK,",2010,2,125000.0
CORY PAULINA,71,80,4311300.0
COURAGEOUS BOOKSTORE,350,19,1377750.0
CPDT. DELKY SAHAT SIMAMORA STH,1087,1,58500.0
CRIOSWASTAKEN #230515RXJUYFT6,582,1,239250.0
CRISSTY,1615,1,29680.0
"CRISTHALIA,",2052,4,240000.0
CRISTIAN,972,1,63180.0
CRISTIANI HUTAHAEAN,1285,2,63280.0
CRISTIANI SIAGIAN,2094,1,31900.0
CRISTIAR SAMOSIR,1510,2,67000.0
CRISTIN MANORA,2548,1,67500.0
CRISTIN SIBURIAN,916,1,62000.0
CRISTIN SIMANJUNTAK,1845,1,45600.0
CRISTINE SITINJAK,2455,1,151200.0
CRISTOVEL WUNTO,1605,1,0.0
CRO554U 2310030DNDBC0X,457,1,66990.0
CROSSWAY,1696,2,0.0
CROSSWAY ATTN: LICENSING DEPT,1076,1,0.0
"CRYSTAL,",2169,1,65000.0
CRYSTINA,1708,2,195000.0
CUCUN ALEP RIYANTO,2491,2,162000.0
CUSTOMER CASH,243,172,9140050.0
CUSTOMER ELKANA,2141,4,404100.0
CUSTOMER ESTER,2088,1,50000.0
CUSTOMER FELICIA,2144,1,255000.0
CUSTOMER GALIH,2136,1,54000.0
CUSTOMER IMING,2129,2,127800.0
CUSTOMER JATI,2087,1,58000.0
CUSTOMER MAS X TEMAN KAK DIAZ,2128,1,30000.0
CUSTOMER TASYA,2123,1,130000.0
CV. SPEKTRA ANUGERAHABADI,70,1,90000.0
CYA MANURUNG,711,1,62205.0
CYNDY GRACELLYA,1444,1,48250.0
CYNTHIA,1313,4,213450.0
CYNTHIA DEBORAH NABABAN,1221,1,17000.0
CYNTHIA ERIKA M,1313,1,56550.0
CYNTHIA G,1794,3,274800.0
CYNTHIA LAVANIA,1616,1,31764.0
CYNTHIA LAVENIA,922,1,62075.0
CYNTHIA P,718,1,23925.0
CYNTHIA SENTOSA (MASTA 2020),984,2,145800.0
CYNTHIA SHANIAVIERA TANAYA,1075,1,42969.0
CYNTHIA SUSANTI,780,1,60745.0
CYNTHIA TOPED,1136,1,77600.0
"CYNTHIA,",1783,2,123000.0
CYNTHIA.,1000,1,24250.0
CYNTIA,718,1,62205.0
CYNTIA PUSPA PITALOKA,273,4,225980.0
D. WIDIPINASTI,2385,1,45000.0
DAESY K. LAU,2498,1,72000.0
DAEVIN SUHERMAN,1668,1,68000.0
"DAHLIA PERMATASARI,",2144,1,48000.0
DAHLIA SITORUS,922,2,1187475.0
"DAHNI,",2416,1,60000.0
DAICYNTHIA GLORIA NATALIA,1251,1,0.0
DAILYWIN,2353,1,30000.0
DAIPURNI,780,1,57504.0
DAISSY,1906,1,65000.0
DAISY ANWAR,1146,1,65474.0
DAMA,2431,1,60000.0
DAMA YANTI SEWALANGI,1285,6,231965.0
"DAMA,",1548,1,150000.0
DAMAI RATRI,1386,1,118800.0
DAMAI WELENDIA,2165,1,54000.0
DAMAN LEO,1615,1,30740.0
DAMARIS BANGRE,1616,1,30913.0
DAMARIS TRI HASTUTI,1311,1,24375.0
DAMBA ARITONANG,1571,1,105000.0
DAMBA RISMA,794,2,152550.0
DAME EVALINA SIMANGUNSONG,1341,1,48750.0
DAME MAERDA,1703,1,50000.0
DAME MANALU,1010,1,63180.0
DAME NAPITUPULU,894,1,19440.0
DAMERIANA MANALU,1622,1,34450.0
"DAMIANA WIWIK,",1615,2,63330.0
DAMIANTY DEVINA,2357,1,34200.0
DAN*** LIM** INV/20230823/MPL/3417273289,495,1,60756.0
DANCENT SUTANTO,2438,1,108000.0
DANDY,829,1,66339.0
DANI BAYU PUJO SAPUTRO,2568,1,35000.0
DANIA ARBETA,1488,1,225000.0
DANIAL CHANDRA,1013,1,75000.0
DANIATY SITUMORANG,1343,1,58500.0
DANIEL,2689,1,54000.0
DANIEL (PARE),1892,12,608600.0
DANIEL ADI WIJAYA,1510,1,40000.0
"DANIEL ADI WIJAYA,",1379,1,90000.0
DANIEL ADINEGORO,2333,1,50000.0
DANIEL AGUSTINUS,1150,1,53350.0
DANIEL ALEXANDER,2431,1,20000.0
DANIEL ANDREANO,1615,1,36040.0
DANIEL BANI WINNI EMMA,864,2,158275.0
DANIEL BARTIMEUS,1052,1,63050.0
DANIEL BIANTORO,2354,1,54000.0
DANIEL BUSH ARITONANG,2717,1,54000.0
DANIEL CARLOS BAKARA,1504,1,64350.0
DANIEL CHANDRA INV/20230223/MPL/3067135582,677,1,80520.0
DANIEL CHAVIN INV/20231031/MPL/3539207114,428,1,59475.0
DANIEL DEAN,2018,1,31500.0
"DANIEL DONI KARUNIAWAN,",1615,1,31800.0
DANIEL FREDERICK,1199,1,63050.0
DANIEL HONTONG,1488,1,225000.0
DANIEL INV/20230302/MPL/3083733228,670,1,59475.0
DANIEL INV/20230615/MPL/3292650077,562,1,64330.0
DANIEL INV/20231101/MPL/3540819847,427,1,68625.0
DANIEL ISKANDAR,1615,1,26500.0
"DANIEL ISKANDAR,",1615,1,159000.0
DANIEL JOKO SANTOSO,878,1,74490.0
DANIEL KHUNIUS,2429,1,135000.0
DANIEL KRISTANTO,1241,1,63050.0
DANIEL KRISTIAN NUGROHO,1221,2,153400.0
DANIEL KRISTIAWAN,2087,1,100000.0
DANIEL KRISTIAWAN/RADIUS RANGG,1379,1,198000.0
DANIEL KUBIJANTO,910,1,0.0
DANIEL KURNIA,921,1,39144.0
DANIEL KURNIAWAN,2539,1,270000.0
DANIEL KURNIAWAN INV/20230702/MPL/3322777224,550,1,64050.0
DANIEL KURNIAWAN INV/20230702/MPL/3322779464,524,1,137250.0
DANIEL KURNIAWAN INV/20230702/MPL/3322781167,550,1,73200.0
DANIEL LAMA LEWA,2532,1,67500.0
DANIEL LAMAMPOE,907,1,59210.0
DANIEL LIMAN,794,2,115590.0
DANIEL M.T,1393,1,61000.0
DANIEL MARBUN,1276,1,65000.0
DANIEL MARTUA,853,3,40349.0
DANIEL MARTUA INV/20230606/MPL/3276154826,574,1,68625.0
DANIEL NICODEMUS LOEN,1639,1,0.0
DANIEL NLOEN,880,1,50544.0
DANIEL NUGROHO,1615,1,31800.0
DANIEL OBERNANDO,1003,1,25000.0
DANIEL ONG,1616,1,30000.0
DANIEL P H KRISTANTO,1647,1,21000.0
DANIEL P INV/20230911/MPL/3451191768,478,1,64050.0
DANIEL PARSAORAN BATUBARA,1203,1,6973.0
DANIEL PARULIAN,907,1,59210.0
DANIEL PATANDIANAN,1139,3,279000.0
DANIEL PERDANA,2533,1,54000.0
DANIEL PERKASA,1255,1,64020.0
DANIEL RAJAGUKGUK,197,1,23000.0
"DANIEL ROMARIO SINAGA,",2309,1,58000.0
DANIEL SAHELANGI,882,1,78000.0
DANIEL SAMUEL,1953,1,58500.0
DANIEL SARAGIH,2452,1,327600.0
DANIEL SETIAWAN LAY,1042,1,47287.0
DANIEL SHOPEE,915,1,61236.0
DANIEL SOEHARTO,2042,1,100000.0
DANIEL STTII,1146,1,76500.0
DANIEL SUGIYARTO,1102,3,903425.0
DANIEL SUGIYARTO INV/20230131/MPL/3014918290,701,1,59475.0
DANIEL SUHARNO,399,1,80000.0
DANIEL SURYODINOTO,167,1,71250.0
"DANIEL SURYODINOTO,",898,2,114210.0
DANIEL SUTADI,780,10,587644.0
DANIEL SUTADI INV/20231025/MPL/3528275616,433,1,59475.0
DANIEL SUTADI.,829,1,64940.0
DANIEL TAMUS,853,2,138996.0
DANIEL TIMOTI,2700,1,48000.0
DANIEL TIRTA,1877,1,39000.0
DANIEL TOBING,1269,1,86257.0
DANIEL TOPED,1185,1,116400.0
DANIEL TRI NUGROHO/ STEVANIE,1285,1,43095.0
DANIEL WIJAYA,1615,1,27560.0
DANIEL WIJAYA INV/20230709/MPL/3336574517,541,1,60165.0
DANIEL WIMAR KHUNIUS,1365,1,106850.0
DANIEL WINARDI,808,1,46267.2
DANIEL WONGSO,878,4,221660.0
DANIEL YONATAN,927,14,1099315.0
"DANIEL YONATAN,",205,8,895899.0
DANIEL ZACHARIAS,1084,1,72750.0
DANIEL ZACHARIAS INV/20230816/MPL/3405529832,502,1,118897.0
"DANIEL,",1934,1,432000.0
"DANIEL, KEDIRI",2254,1,28000.0
"DANIEL,,",1015,1,67900.0
DANIEL.,1390,1,115800.0
"DANIEL.,",1206,1,63375.0
"DANIEL.,,",794,2,158775.0
DANIEL..,1102,1,43875.0
DANIELLA MANTIRI,766,1,116640.0
DANIELMARTUA10 230529VTM23MVG,585,1,62205.0
DANIELSON CHRISTIAN INV/20230106/MPL/2957325660,723,1,64050.0
DANIELSON CHRISTIAN INV/20230127/MPL/3004397471,705,1,64050.0
DANIELSON CHRISTIAN INV/20230314/MPL/3110633693,658,1,64050.0
DANIK,850,13,1046100.0
DANIK WIDIASTUTI (PK),187,1,58800.0
DANIK WIDIASTUTI INV/20231212/MPL/3620635082,385,1,16333.0
DANIO,1958,1,60000.0
DANIO BUNDA,1204,3,205060.0
"DANNY GHO,",1510,3,118200.0
DANNY MUNTE,921,1,44500.0
DANNY NOBRET,1390,1,81060.0
DANNY RUDI RUMAHORBO,986,1,48000.0
DANNY SHOPEE,795,1,72900.0
DANNY SINLILIK HOSEA,778,6,363500.0
DANNY SINLILIK HOSEA.,189,1,75000.0
DANNY TEGUH SETIANTO,984,6,342645.0
DANNY WAHYUDI,1168,3,746900.0
"DANNY,",1115,2,74108.0
"DANNY,.",138,2,110000.0
DANTE INV/20240104/MPL/3663033901,362,1,96219.0
DANTO,1920,3,73500.0
DANU AJI NUGROHO,878,1,49660.0
"DANU AJI NUGROHO,",1615,6,465480.0
DANU AJI NUGROHO.,1285,1,88725.0
DANUAJII 230701TA97APJ1,522,1,30940.0
DAOLAN JOSEPH SIREGAR,655,1,76560.0
DARANIDA NORMANDIA VISINA (NINID),1996,2,104000.0
DARIAN CHRISTIANDI,766,1,63180.0
DARIN10 2306017XGUK4KJ,581,1,23925.0
DARINAH,2165,1,60000.0
DARIUS,921,2,95573.0
DARIUS RYAN PARTOGI SIMAMORA,983,1,40740.0
DARLENE WENAS,1220,1,150000.0
DARMA OEGIWAN,934,2,84840.0
DARMA R LUKMAN,1073,2,900000.0
DARMADI,1615,1,30740.0
DARMADI CANDRA,1251,1,0.0
DARMANA,1153,4,431000.0
DARMANA.,70,4,246000.0
DARREL,1105,1,58200.0
DARREL GEOFFREY,1055,1,50440.0
DARREN OTTO WIJAYA,2540,3,179600.0
DARWIN TERISMAN ZEGA,907,4,262655.0
DARWIN TERISMAN ZEGA INV/20231022/MPL/3522539914,436,1,59475.0
"DARWIN TERISMAN ZEGA,",439,2,227570.0
DARYL POSTMAN,1321,1,84920.0
"DASTA GINTING,",2211,1,37500.0
DAUD,2346,1,150000.0
DAUD SONNI,912,1,120000.0
"DAUD,",817,1,792000.0
DAURI PRAYOGO,849,4,110808.0
"DAVE EMMANUEL,",2344,1,60000.0
DAVE VICTOR FERDINAND DENDENG,853,3,71625.0
DAVE VICTORY,1148,2,89490.0
DAVID,748,5,549300.0
DAVID ADEN,864,2,110343.0
DAVID AGUSTINUS RITTIAUW,1510,1,40000.0
DAVID AGUSTINUS URI (DAVE),877,1,0.0
DAVID ALBERTO CHRISTIAN SIHOMBING,2854,2,63000.0
DAVID ALINURDIN,436,8,407295.0
DAVID ANTONIUS,1553,2,135000.0
DAVID BAMBANG TRI WIJAYA,2401,1,104400.0
"DAVID CHRISTIAN WIBOWO,",2235,1,58000.0
DAVID CHRISTIANTA,184,1,10000.0
DAVID COOK,2540,1,0.0
DAVID CRISTON H PURBA,2343,1,60000.0
DAVID CV. MADYA KARYA,1045,1,63050.0
DAVID FERNANDO PURBA (GURU PKWU),138,1,42000.0
DAVID GABRIEL MAILANGKAY,983,1,77600.0
DAVID H,1616,2,114931.0
DAVID H W,887,3,181040.0
DAVID HERLAMBANG,1063,2,582000.0
DAVID INV/20231110/MPL/3558343035,415,1,68625.0
DAVID INV/20231110/MPL/3558343036,415,1,27450.0
DAVID JOYNER ZEGA,701,2,130275.0
"DAVID KOSASIH,",2105,1,45000.0
DAVID KRISTIAN MARBUN,1285,1,44362.0
DAVID KRISTIANTO,1302,1,67550.0
DAVID KURNIAWAN,1510,2,101200.0
"DAVID KURNIAWAN,",960,1,65000.0
DAVID L M MANULLANG,1102,1,56250.0
DAVID LUCMAN,1078,1,43650.0
DAVID MARTEN,1968,3,195700.0
DAVID PAKSOAL,853,3,50544.0
DAVID PRATIKNYO,1045,1,64025.0
DAVID PRATIKNYO INV/20230223/MPL/3067441646,677,1,95500.0
DAVID SAMUEL,1791,1,50000.0
DAVID SATRIO,1427,1,62370.0
DAVID SILUANUS HUTAGALUNG,1877,1,39000.0
DAVID SUGIARTO,1510,4,197550.0
"DAVID SUGIARTO,",1255,1,108680.0
DAVID THEN,2576,1,52200.0
DAVID TIMOTIUS,1227,1,59100.0
DAVID TOKPED,983,1,97000.0
DAVID VICTOR,2316,2,76500.0
"DAVID VICTOR,",834,4,255000.0
DAVID WIBISONO,2387,1,63000.0
"DAVID,",1260,1,63050.0
"DAVID,,",1163,1,63050.0
DAVID.,1252,1,108680.0
DAVID..,853,3,63050.0
DAVIN DJAFRI,1614,1,31800.0
DAVIN DJAFRI INV/20231117/MPL/3569715815,411,1,54900.0
"DAVIN DJAFRI,",915,1,59876.0
DAVIN GIOVANNI,1571,1,105000.0
DAVIN NATANAEL,920,2,2446556.0
DAVIN NATANAEL INV/20240102/MPL/3657610804,365,1,75500.0
DAVINA SARAGIH,1192,1,63375.0
DAVIS,1241,1,48500.0
DAVISANIPAR 230527SJAMW4RG,585,1,23925.0
"DAVIT NATALIA HARIANTO,",2136,1,60000.0
DAVY ANGGIANTO,780,1,47250.0
DAVY EDWIN,534,4,357750.0
DC ONLINE (YUDHA),1017,1,75600.0
DEA,2623,3,113800.0
DEA (TEAM WAHANA),983,1,85360.0
DEA ANANDA,1066,7,360675.0
DEA AUDREYLIA,1072,1,87300.0
DEA CANNY GRACE,896,1,24300.0
DEA CIKYTHA PERANGIN-ANGIN,534,1,65000.0
DEA DENATA SIMANJUNTAK,1689,1,65000.0
DEA KADIWANO,824,1,60000.0
DEA MUTIA RANI,54,3,75000.0
DEA SIWABESSY,1441,1,65000.0
"DEA,",2092,1,47000.0
DEA..,741,1,14950.0
DEAANANDAGAU081000 (SHOPEE),640,1,47850.0
DEADY SETYADI,1615,1,20140.0
DEAL YACOBSON SITEPU,1192,1,63375.0
DEAN CHARLOS,1192,1,26325.0
"DEANISA,",2290,2,120000.0
"DEARNI SINAGA,",2287,1,40000.0
DEASMA HAZEL INV/20230220/MPL/3058257808,681,1,62075.0
DEASY,854,3,169354.0
DEASY ANDRIANI,128,2,117500.0
DEASY ARDIANA,2059,1,60000.0
DEASY INV/20230120/MPL/2989525984,712,1,59800.0
DEAVY INDAH,1528,1,90000.0
DEB,857,1,63180.0
DEBBIE,1016,17,1331500.0
DEBBIE FIONA,1510,1,40000.0
DEBBY,915,2,116255.0
DEBBY G TUMEWA,90,1,85000.0
DEBBY HENIEL,853,3,142884.0
DEBBY MELANI,908,2,120528.0
DEBBY SELVYANTI,1313,1,56550.0
DEBBY SISCHA,1845,1,19000.0
DEBBY.,1088,1,164531.25
DEBI,1554,1,70000.0
DEBORA APRILIA,1615,2,77910.0
DEBORA EUNIKE,829,2,272160.0
DEBORA EUNIKE.,725,1,133980.0
DEBORA FEBE,2242,3,203000.0
DEBORA GUNAWAN,1488,1,225000.0
DEBORA HUTAGALUNG,2170,1,60000.0
"DEBORA IKANINGSIH,",2109,1,60000.0
DEBORA INV/20230719/MPL/3353707759,531,1,64050.0
"DEBORA LOVITA,",2073,1,25000.0
DEBORA MERRY,1489,1,54450.0
"DEBORA MERRY,",2410,1,75000.0
DEBORA NATALIA SUDJITO,1395,1,52000.0
DEBORA PESTARIA DONGORAN,1471,2,74340.0
DEBORA PRISKILA,1010,1,73125.0
DEBORA PURBA,1615,1,31800.0
DEBORA RAZIE,1531,1,96000.0
DEBORA SIMATUPANG,1102,2,140625.0
DEBORA SIMATUPANG.,984,1,53460.0
DEBORA SINAGA,1616,1,34866.0
DEBORA SITUMORANG,1510,1,40000.0
"DEBORA,",1920,2,133500.0
"DEBORA,,",673,1,20097.0
"DEBORA,.",1199,2,135800.0
DEBORA.,1437,1,0.0
"DEBORA.,",1276,1,49470.0
DEBORA..,984,1,72900.0
"DEBORA..,",1059,1,45500.0
DEBORA.S,483,1,281600.0
DEBORAH ANGELINA GEOVANI,1283,1,44134.0
DEBORAH ARIFINA ELITAWATY,1946,1,60000.0
DEBORAH MIROSLAVA,1069,1,17500.0
DEBORAH SIBURIAN,732,1,116640.0
DEBORAH TRICIA,915,1,44226.0
DEBORA_PESTARIA_DONGORAN 230615DQKH5X22,551,1,200970.0
DEBORA_PESTARIA_DONGORAN 230701T1NMND7W,522,1,66990.0
DEBRILLA IVANADYA PANG,1471,2,98010.0
DEBY,1221,1,29850.0
DEBY ELISABETH SITOMPUL,1232,1,378000.0
DEBY JOHANIS,1968,6,557500.0
DEBY JOHANNIS,1470,2,107400.0
DEDDY INV/20230115/MPL/2978881120,716,1,54900.0
DEDE DWI APRIYANI,1006,1,56145.0
DEDE WIJAYA,1510,2,145000.0
DEDI HUTAPEA,897,1,120000.0
DEDI SAPUTRA SIHOMBING,1577,3,123490.0
DEDU MARTHIO,2109,1,52200.0
DEDY,2051,1,126000.0
DEDY BRIAN ERICSON,1614,1,31800.0
DEDY DAN FEBRINA,853,3,85950.0
DEDY GUNAWAN,1615,1,80000.0
DEDY MALENTA SIPAYUNG,1357,1,63350.0
DEDY WIDYA SITINDAON,2423,1,72000.0
DEDY ZEGA,1559,1,65000.0
"DEDY,",983,1,77600.0
DEFIYA BABYASTRI SIAHAAN,1544,1,65000.0
DEFLIN GENAKAMA,1057,1,24375.0
DEFOR SAMALOISA,766,4,255950.75
DEGXY HARTOG,1175,2,50000.0
DELA,1115,1,66300.0
DELFI FEBRIANI SIGILIPU,2185,1,54000.0
DELIA IMMANUEL,984,1,77760.0
DELIA KRISNASARI,1285,1,54600.0
"DELIA,",1778,1,51600.0
DELIANA,1615,3,111490.0
DELIANA 085291966645 BIAK,869,1,50544.0
DELIANA/PERKANTAS SALATIGA,1285,1,6104.0
"DELICIA TUNGKA,",2123,1,65000.0
DELILA IDEL,1353,1,58500.0
DELILA WIDYA,853,1,68040.0
DELIMA,1222,1,30010.0
DELIMA WILSA,1534,1,128700.0
DELISABETH GEKEN,1731,2,64000.0
DELKYSAHATSIMAMORA 230606NQ7C7K7A,551,1,33495.0
DELLA,673,1,62205.0
DELLA DETHAN,1276,1,39400.0
DELLA P. ARUMSARI,1376,2,136230.0
DELLA PURBA,1195,1,63375.0
DELLA PUTRI ARUMSARI,853,4,109044.0
DELVIANA SIDABALOK,2060,1,25000.0
DELVIANA SIDABALOK (R&D),1709,1,25000.0
DELVINTO MARANDA,274,2,170000.0
DELVIRA NAPITUPULU,2508,1,52000.0
DEMITRIANA PONTO LOLOK,915,2,123874.0
DEMITRIANA PONTO LOLOK.,984,1,77760.0
DEMOS RUNTUKAHU,2221,1,54000.0
DENA,1203,1,63050.0
DENDY,2291,1,22500.0
DENI,1475,1,59400.0
DENI CHRISTIAN,1285,1,44362.0
DENI KRISTIAN,631,1,27000.0
DENI TELAUMBANUA,1129,8,495560.0
DENI TELAUMBANUA INV/20230629/MPL/3317738095,551,1,275040.0
DENIEL DENIEL,2566,1,540000.0
DENIEL HOSEA PUTRA SIAHAAN,1528,1,65000.0
DENISE TJOKROSAPUTRO,440,1,65000.0
DENISH INV/20230524/MPL/3251335599,587,1,59475.0
DENISSA,928,1,62075.0
DENITA,927,1,63180.0
DENNI LUKITO,1472,1,90000.0
DENNI SARAGIH,829,1,27216.0
DENNI STAF JAMBI,2454,1,35000.0
DENNIES CHIAREN,1612,1,52000.0
DENNIS,1023,4,466260.0
DENNIS TITO,1679,1,60000.0
DENNIS YK,1510,1,40000.0
DENNY ARFIANTO,920,1,71625.0
DENNY CHRISTIAN,1661,1,0.0
DENNY JADE,1388,1,0.0
DENNY KURNIA ADIPUTRA (TPS),1820,2,78000.0
DENNY R TAMBUNAN,1206,1,63050.0
DENNY REMBETH,987,1,96200.0
DENNY SYAHPUTRA,1376,1,249480.0
DENNY TEGUH SUTANDIO,921,9,770681.0
DENNY TEGUH SUTANDIO INV/20230927/MPL/3479040939,462,1,64442.0
DENNY WILLIANTO,1674,1,59400.0
"DENNY,",1185,1,116400.0
DENOK NGATIRAH,525,1,300000.0
DENTI R INV/20231210/MPL/3615871883,384,1,86925.0
DENTI RAKHAEL,1269,1,63375.0
"DENTI RAKHAEL D PANDJAITAN,",2246,2,90000.0
DENY ARIANDHA,2134,1,54000.0
"DENY ARIANDHA ,",1903,1,58000.0
DENY ARYON,958,2,161550.0
DENY BUDIYANTO INV/20231018/MPL/3516655314,440,1,84719.4
DENY BUDIYANTO INV/20231219/MPL/3632481248,379,1,91500.0
DENY BUDIYANTO INV/20240125/MPL/3700103339,341,1,64462.0
DENY BUDIYANTO INV/20240125/MPL/3700103340,341,1,58000.0
DENY CHRISTIAN,1409,1,0.0
DENY MASAGUS PRADUTA,732,3,199455.0
DENY SETIAWAN/ PT.AGRI MAKMUR,1615,1,45050.0
DENY SOUISA,1615,1,38000.0
DENY YETTI S PUTRI LAIA,2184,2,112500.0
DENZEL,1063,1,45500.0
DENZEL KHO,1085,2,218250.0
DEO EFFENDI,1518,1,64350.0
DEON HOSEA,1285,1,43095.0
DEPARTEMEN KONSELING,105,1,150000.0
DEPARTEMEN MISI GKA GLORIA PACAR(UP: PAK LUCKY),2506,1,135000.0
DEPI RATNASARI,1213,1,19717.5
DEPOT GAMALIEL GMIM KRISTUS MANADO,448,1,7800000.0
DEPT REMAJA GII HIT,1076,1,1001000.0
DERIAN CHRIS INV/20240112/MPL/3676540923,355,1,68625.0
DERRIS SURYA,2345,1,58000.0
DESAK PUTU ANGGRENI,1577,1,56000.0
DESI,2500,1,8500.0
DESI ERIKA/HANAFI,1227,1,24975.0
DESI FRANSISKA DAMANIK,984,1,61236.0
DESI LAKTOSI,825,3,299000.0
DESI LENY,1615,1,23850.0
DESI MN,928,1,62075.0
DESI NATALIA,1003,1,63180.0
DESI NOVITASARI,1498,1,49500.0
DESI RIANA BR PURBA,1374,1,480000.0
DESI RIANTO,985,2,140000.0
DESI SIRRI,1616,1,33160.0
DESI SITORUS INV/20230721/MPL/3357203080,530,1,106960.0
DESI SITORUS INV/20230725/MPL/3364063054,526,1,91500.0
DESI TUMAANG,399,8,603250.0
DESI VIVIANTI,1615,1,58300.0
DESI VIVIANTI GKY MANGGA BESA,1285,2,80511.0
DESI YOANITA,1510,1,40000.0
DESIANA,867,1,0.0
DESIANA NAINGGOLAN (STTB),1251,2,225000.0
DESIANA YUDI,1155,1,58500.0
"DESIDERIA MOEKOE,",2277,1,50000.0
"DESIRE KARO KARO,",2204,1,264000.0
DESIYARI NATALIA BR TAMBUNAN,1381,1,810000.0
DESLINA IBU,2176,1,30000.0
DESMON MONGDONG,1330,1,58500.0
DESMON TARIGAN,1199,1,63050.0
DESMON ZEGA,691,2,90000.0
DESMONDA LIENARDI,1379,1,90000.0
DESNI,1622,1,31800.0
DESNIWITA ZEBUA,1115,2,102050.0
DESRI KRISTIANTI PANJAITAN,1622,1,34450.0
DESRI NOVELA SIRAIT,1566,2,153200.0
DESRI NOVELA SIRAIT.,1266,1,64895.0
DESRITA ANDELINA E. SITANGGANG,1341,1,24375.0
DESRY DE FRETES,1717,1,60000.0
DESRY NOVRIANTO TUMONGLO,1552,2,95000.0
DESSI (MARKETING),2571,1,54000.0
DESSI FISNU,923,1,65000.0
DESSY,1659,1,80000.0
DESSY ANDRIANI,884,4,118740.0
DESSY KOLOLU,780,1,32620.0
DESSY KRISTIANI,1285,3,141780.0
DESSY NATALIA,1615,1,29680.0
DESSY NATALIA M,2633,1,45000.0
DESSY NATALIA RIDO,1485,2,117500.0
"DESSY NATALIA,",2403,1,46400.0
DESSY RATNANINGTYAS,1997,1,25000.0
DESSY ROLOBESSY,984,1,77760.0
"DESSY ROLOBESSY,",974,1,54000.0
DESSY T,983,1,77600.0
"DESSY,",658,1,28000.0
DESSY..,915,1,44226.0
DESTA SINAGA,1122,1,61425.0
DESTHA ADEL,1679,1,80000.0
DESTI APRIANI,1212,1,63375.0
DESTI RAHAYU LATAENA,1164,1,20475.0
"DESTI RUMBAWATI,",2120,2,49500.0
DESTRI,983,1,77600.0
DESTRI MEIRANTRY,1283,1,44817.0
DESTRIYANI,934,1,58320.0
DESTRIYANI03 230606P2VG6UGB,551,1,62205.0
DESY,1090,1,108000.0
DESY ALDEWISTYA,932,1,52000.0
DESY ANGGRAINI SOETANTO,1376,2,136230.0
DESY CHANDRA,1285,1,23590.0
DESY CHRISTINE NAIBAHO,1251,1,85800.0
"DESY CHRISTINE NAIBAHO,",701,1,62205.0
DESY DINA,1088,4,177420.0
DESY HENRIA,1544,1,60000.0
DESY KRISTIANI,1710,1,58000.0
"DESY KRISTIANI.,",1049,1,63050.0
"DESY KRISTINA MICIKO WAGIU (TOKO BANGUNAN AGUNG, DEKAT MY KOPI O, SAMPING PENCUCIAN MOBIL)",1681,1,50000.0
DESY LESTARI,711,1,62205.0
DESY MANURUNG,642,1,206712.0
DESY MASRINA,915,1,37422.0
DESY NATALIA SALIM,1313,1,85800.0
DESY PAKPAHAN,1313,1,63375.0
DESY PRIMA,1615,1,31800.0
DESY TANZIL,302,1,70000.0
DESY TOPED,983,1,77600.0
DESY VERONIKA SIMANUNGKALIT,829,4,242346.0
DESY.,16,1,50000.0
DESY...,370,1,150000.0
DETA ALNORA HASIBUAN,1513,1,32500.0
DETIS (MATARAM),630,2,115000.0
DEVA BRENDA INV/20230320/MPL/3121354821,653,1,91500.0
DEVA BRENDA R,184,1,65000.0
DEVA GANI,1003,1,48600.0
DEVA TPS,764,1,45000.0
DEVANA D.,1313,1,24375.0
DEVANA DOANARESTA,1436,1,70000.0
DEVANDA (UP.GRACE),1313,1,68250.0
DEVANI PRAMESTI,1188,1,50440.0
DEVAR EMANUEL GULO,1267,1,27285.0
"DEVEIT ARIANDHY,",2107,1,60000.0
DEVI,1904,3,106400.0
"DEVI (HANTORO),",2403,1,165000.0
DEVI AGUSTINA SIANTURI,795,1,106920.0
DEVI ANA LUMBANTORUAN,2289,1,75600.0
DEVI HERRY A.B,744,1,100000.0
DEVI ILMIWATI,943,2,126200.0
DEVI KRISTIANI HANDOKO,1273,3,154095.0
DEVI LOWRENTA SINAGA,1309,1,58000.0
DEVI NUGRAHENI,1611,1,60000.0
DEVI OKTAVIA,1178,2,42375.0
DEVI RACHELIA,983,1,77600.0
DEVI THERESIA SITEPU,1313,1,56550.0
DEVI TRISNAWATI,1617,2,115000.0
DEVI YANTI,2438,1,54000.0
"DEVI, IBU",2532,3,138600.0
DEVIANA,1909,3,436500.0
DEVIANA INV/20230522/MPL/3246659794,589,1,59475.0
DEVIANA INV/20231118/MPL/3571977313,408,1,109800.0
"DEVIANA,",1616,1,33596.0
DEVICA MAHARANI,1489,1,65000.0
DEVID SIREGAR INV/20231224/MPL/3642492391,372,1,75500.0
DEVID SIREGAR INV/20240108/MPL/3668863086,359,1,59475.0
DEVID SIREGAR INV/20240108/MPL/3669026450,359,1,80520.0
DEVILA MITA,1000,1,48750.0
DEVILIM,1510,1,59400.0
DEVIN DWITAMA,1063,1,45500.0
DEVIN SANDY,1027,1,72750.0
DEVIN SANDY PUTRA INV/20230901/MPL/3433879967,488,1,439200.0
DEVINA,1193,1,58500.0
DEVINA CLARESTA,2134,2,114000.0
DEVINA GIANINA SIAGIAN,1544,1,65000.0
DEVINA H. SURYADI,1703,1,45000.0
DEVINA TEDJA,2434,1,60000.0
"DEVINA,",524,1,70000.0
DEVINA.,1160,1,87300.0
DEVIONYTHA RITONGA,1063,1,45500.0
DEVITA,983,2,125619.0
"DEVITA AMANDA,",2093,1,80000.0
"DEVITA RIANA PURBA,",808,2,104300.0
DEVITA RIANA PURBA.,1143,1,55049.0
DEVITA ROSALIA,2315,2,112000.0
"DEVITA,",1778,1,38700.0
DEVITAFEBIANTI 230602B515JG29,581,1,95700.0
DEVITRI HAREFA,1615,1,23850.0
DEVON,1923,3,190700.0
DEVON SUARDI,1320,4,252250.0
"DEVON SUARDI,",1676,1,65000.0
DEVY,1262,1,24250.0
"DEVY ARIATI,",2427,1,75000.0
DEWI,1109,1,72750.0
DEWI (BATAVIA MANSION),1045,1,24250.0
DEWI .,380,3,82500.0
DEWI ALUMNI,2030,1,100000.0
DEWI ASRIADI+ALIN,1384,1,76230.0
"DEWI BBL,",2470,1,65000.0
DEWI CHANGRY,1320,1,56550.0
DEWI DAMANIK,1167,1,27300.0
DEWI DHARMAYANTI HUTABARAT,2399,1,46400.0
"DEWI DHARMAYANTI HUTABARAT,",1777,1,55000.0
DEWI DIAMOND COMP PALU,915,1,93112.0
DEWI EMA,762,1,144000.0
DEWI EMAWATI,1707,9,814000.0
DEWI EMAWATI.,28,3,220000.0
DEWI GURNING,1542,1,64350.0
DEWI HARTAWATI,1969,1,58000.0
DEWI INDRIAWATI,1321,1,67550.0
DEWI INV/20231222/MPL/3638544493,376,1,75500.0
DEWI IRAWAN,646,1,55000.0
DEWI KUMALASARI,642,1,23925.0
DEWI MARIANA,1510,1,40000.0
DEWI NATASIA,1766,1,40600.0
DEWI NOVA M,853,1,24300.0
DEWI OKTAVIA,2450,2,103000.0
DEWI SARTIKA MALINO,824,1,41660.0
DEWI SOESILOWATI,1510,1,40000.0
DEWI TANJAYA,1566,1,65000.0
DEWI TJHIN,1510,1,62370.0
DEWI TOPED,1185,1,116400.0
DEWI WULAN SIMAMORA,795,1,20412.0
DEWI YULIANA (BBL),2584,1,44000.0
"DEWI YULIANA,",2252,1,65000.0
"DEWI,",2136,3,127400.0
"DEWI,,,",1616,2,117600.0
DEWI.,1692,2,93000.0
"DEWI.,",780,1,20970.0
DEWI..,952,1,50544.0
DEWI...,853,3,95256.0
DEWI49999 230405A2J8WSBA,612,2,0.0
DEWIE KRISTIANTI,511,1,120000.0
DEWINDA WIDYAWATI WENI,323,1,126000.0
DEWIPERTIWI87 2305303KGP0APE,585,1,47850.0
DEWIRATNASARIARITONANG #230512G5FENQ63,582,1,23925.0
DEWIRUSMANA 2306139G0PNMES,551,1,66990.0
"DEWITRA APRILYANI,",2085,1,60000.0
DEWY TRISARI KOLIBONSO,915,1,51030.0
DHAMA ADY SAPUTRA,919,1,65000.0
DHANIEL,903,1,49140.0
DHANIEL FREESIA,524,2,103000.0
DHANIEL INV/20231019/MPL/3517276068,440,1,62075.0
DHANIEL INV/20231106/MPL/3551207080,415,1,27450.0
DHANIEL INV/20231122/MPL/3579690390,405,1,38200.0
DHANIEL SITANGGANG INV/20230109/MPL/2961989645,723,1,114600.0
"DHANIEL,",601,2,175000.0
DHANIEL.,642,2,74400.0
DHARMAYANTI SULLE,969,1,63050.0
DHASOIKA,1471,1,84150.0
DHEA DEBORA,983,1,77600.0
"DHEA LANGKAI,",2470,1,40000.0
DHIEKA DHIEKA,2554,1,22500.0
DHINA SULISTYA W,984,1,77760.0
DHITIYA,1625,1,60000.0
DHYANA ERIKA,995,1,19500.0
DIADARA CINTA,232,6,1006200.0
DIADARA CINTA FORTUNATA,1234,11,1078810.0
DIADARA CINTA FORTUNATA.,780,1,190512.0
DIAH FEI,766,1,66096.0
DIAN (INV/20230601/MPL/3266703718),581,1,31990.0
DIAN ANGGRAYANI,2135,1,25000.0
DIAN APRIANTO,1614,1,34450.0
DIAN DAVID,1308,1,111150.0
DIAN HUTASOIT,2736,1,72000.0
DIAN INDAH ARISTYANINGSIH,2204,1,45000.0
DIAN LESTARI,1615,1,24300.0
DIAN LESTARY,996,2,103017.0
DIAN LESTARY INV/20230506/MPL/3217409887,604,1,56730.0
DIAN MANUPUTTY,1631,1,45000.0
"DIAN MANUPUTTY,",497,1,45000.0
DIAN NATALIA DI YOGYA,2283,1,50000.0
DIAN NEGARA,1777,5,199900.0
"DIAN NEGARA,",1222,2,120780.0
DIAN OLUA,1037,1,47531.0
DIAN OLUA.,921,1,45500.0
"DIAN R.T.L. SYAM,",2107,1,25000.0
DIAN RATI H. LOPO,2571,1,18900.0
"DIAN SANTIKA (TIKA),",2354,1,60000.0
DIAN SARAH S,2554,2,110000.0
DIAN SIANIPAR,1968,1,61200.0
DIAN SILALAHI,1015,1,68040.0
DIAN TOBING,1006,2,90330.0
DIAN TRIVIENA,864,3,232186.0
DIAN UTAMI PASARIBU,1189,1,37500.0
DIAN VERA DINATA,1533,3,183000.0
DIAN YOSEFINE,1283,1,44134.0
DIAN YULIA (B. 2320),829,1,66096.0
DIAN YULIASTUTI,1259,1,84000.0
"DIAN,",2169,1,60000.0
DIAN.,1510,2,80000.0
DIAN...,1193,1,63375.0
DIANA BANDUNG,2130,1,41000.0
DIANA ELYON,41,4,412000.0
DIANA K,690,1,62205.0
DIANA LAURENCIA,1102,1,43875.0
DIANA LYNN TONY,2547,1,14400.0
DIANA MASARRANG,2770,1,162000.0
DIANA NAINGGOLAN,246,1,90000.0
"DIANA NAOMI MANURUNG,",2142,2,98000.0
DIANA RAHMAWATI,1407,1,225000.0
DIANA RANTE,106,3,279400.0
DIANA SARA SIHOMBING,829,1,75816.0
DIANA SHINTA,1584,1,77200.0
DIANA TRESNAWATI,1198,1,151320.0
DIANA WAMENA,93,2,68600.0
DIANA YULIANTI,1203,1,63375.0
DIANA YWAM,2702,1,14400.0
"DIANA,",2203,2,459750.0
DIANA..,853,3,60264.0
DIANAPRIANTO9 230701TCEMCPRK,522,1,17435.0
DIANDY,1539,1,24750.0
DIANE LUKITO SETIAWAN,1153,1,53350.0
DIANNITA DWI PUJIASTUTI GAZALIE,2667,1,90000.0
DIANRATI H LOPO,1320,1,142350.0
DIAZ,40,72,6304766.0
DICKY CHANDRA,1615,1,31800.0
DICKY HERMAWAN,1188,1,65000.0
DICKY SIREGAR,1390,1,62725.0
DIDI RODIMAN,2134,1,73800.0
DIDIK H,238,23,634900.0
DIDIK SASMITO,1510,1,40000.0
DIDIK SETIYANTO INV/20231102/MPL/3543825991,425,1,54900.0
DIDIMUS,2514,2,135000.0
DIDIMUS KRISTIANTO,1244,3,207000.0
DIDIMUS KRISTIANTO INV/20231220/MPL/3635128082,378,1,96075.0
DIDIT KAMA,150,8,273100.0
DIDIT OKTANIUS,2528,1,45000.0
DIDIT YUDIANTO,701,1,20097.0
DIEGO TRISTAN NABABAN,1544,1,65000.0
"DIKSITA GALUH,",2178,1,60000.0
DILA,1059,1,72750.0
DILA INV/20230415/MPL/3180438204,625,1,59475.0
DILA INV/20230610/MPL/3284551254,569,1,22875.0
"DILLA NATALIA,",2067,3,205800.0
DIMAS BAYU PRATOMO,885,1,74490.0
DIMAS DIAR,885,1,75816.0
DIMAS GIGIH,829,2,121680.0
DIMAS GIGIH W,1006,2,121680.0
DIMAS SETO RIZKY GOENARDI INV/20230202/MPL/3020958756,698,1,59475.0
DIMAS WIDJAYA,1232,1,58200.0
DIMINDA ELA GINTING,1575,1,17910.0
DINA (TOKOPEDIA),1303,1,62725.0
DINA FRANSISKA,1320,2,201750.0
DINA IMANSARI,993,4,97837.5
DINA ISYANA,889,1,95500.0
DINA MARIETHA,2484,2,207000.0
DINA PRATIWI S,1945,1,25000.0
DINA R RATRI (DIVISI OHC),1801,1,65000.0
DINA SILALAHI,1367,1,24375.0
DINA SITUMEANG,1371,1,148500.0
DINA SOARES,989,1,63375.0
DINA THERESIA,70,1,112000.0
DINA WOISIRI INV/20230613/MPL/3289937676,562,1,64050.0
DINAR HARYANTHY,1540,1,64350.0
DINCE BUNDA,2585,3,140000.0
DINDA,238,9,567300.0
DINDA AMELIA,1171,1,87750.0
DINDA AMELIA.,673,1,57420.0
DINDA ROSENTA PANJAITAN,1615,1,63600.0
DINDAHATI KBURITO,1008,1,65000.0
DINDANIRWANA_230602AQPDVFXT,581,1,57420.0
DINI,1279,2,126550.0
DINI YOBELIEN INV/20230818/MPL/3407843110,502,1,49281.0
DINY GERTA SARI,726,2,130000.0
DIO BANGUN,1193,1,63375.0
DIO DENIO,885,2,193840.0
DIO PRAMANTHA,1231,1,65000.0
DION RANDIKA SEMBIRING,301,1,75000.0
DION SOLLI RURUK TIPA,1147,1,45360.0
DIPA ADIPRADIPTA,829,2,126360.0
DIRGOS LUMBANTOBING,1240,1,50000.0
DISTY BARAMULI,1400,1,65000.0
DITA,1616,1,30774.0
DITA ANDRIYANI.,2211,1,18750.0
DITA LAHEMA,1456,1,64350.0
DITA PRASTYAWATI,2505,1,58500.0
DITA SIALLAGAN,1202,1,63050.0
DITA SINAGA,915,1,63180.0
DITA TAMALA MALAU,1615,1,37100.0
"DITA,",2415,1,40000.0
DITHA,1486,1,64350.0
DITO CHOW,1036,1,63050.0
DIVA,1206,1,63375.0
DIVRILIA PERDANA,1590,2,136000.0
DIYU / PUTUT,2434,1,20000.0
"DJ,",1540,1,71280.0
DJOKO SUWITO,1267,1,63655.0
DJOKO UTOMO A.R.,1240,1,242500.0
DJONG SHE KIUN,1080,2,114750.0
DJONG SHE KIUN.,1023,1,67900.0
DJONI KRISTANTO,1092,1,58200.0
DJONY TANUWIDJAJA,1571,1,105000.0
DJUARA LUBIS,474,1,6600000.0
DKRISTY_21 230609VB91CFTE,551,1,62205.0
DODI,1645,1,50000.0
DODI ELT (RESELLER),1528,3,269500.0
DODI.,1415,1,65000.0
DODI/SABDA WAHYUDI,1368,1,60000.0
DODIK SAMUEL,2521,1,45000.0
DODON BARON,984,1,194400.0
DODOT WAHYUONO,1724,1,65000.0
DODY TAMBUNAN,324,2,172500.0
"DOLAH TJUAR,",1481,1,225000.0
"DOLERE SINAGA/EVA SIREGAR,",2212,1,39000.0
DOLVY,829,1,26190.0
DOLY INDRA NABABAN,1940,1,58500.0
DOMEIN T.,1368,1,60000.0
DOMINGGOS NOVENDRY,1205,1,63050.0
DONALD MICHI KASETTY,1390,3,195000.0
DONALD PARENGKUAN INV/20230119/MPL/2987853988.,712,1,109800.0
DONI FERIJON,857,1,23875.0
DONI GOLO,1571,1,105000.0
DONI STAF POSO,2454,1,35000.0
DONNA CROSNOY SINAGA,342,1,4200000.0
DONNA RICE SINAGA,1087,1,73125.0
DONNA THERESIA,1376,1,17820.0
DONNA YUSTI,885,3,152200.0
DONNI NIDITH INV/20231018/MPL/3517013508,440,1,59475.0
DONNY LESMANA,1510,1,40000.0
DONNY PRABOWO,934,1,24300.0
DONNY RUBEN,2067,1,60000.0
DONNY SITORUS,2655,1,48000.0
DONY ADUA,1734,1,80000.0
DONY KURNIAWAN,1320,1,56550.0
DONY PRASETYA,2519,2,103500.0
DONY ROMINGER,1262,6,294475.0
"DOOHAN ENDORA,",1877,1,29640.0
DOOHAN MAHENDRA,2094,2,120000.0
"DOPANG ANDRIANTO,",1540,1,67320.0
DORA,1615,1,31800.0
DORA TRISNOWATY,903,2,148720.0
DORKAS,915,1,47628.0
DOROTHY,1616,1,31800.0
DOROTHY NATANIA,1615,1,42400.0
DOROTHY RYANI HILLARY,1320,3,192830.0
"DOROTHY RYANI HILLARY,",984,3,220056.0
DR .SRI BERTHA,954,3,54500.0
DR CENNIKON PAKPAHAN,608,2,175000.0
"DR DEBY KAY,",1993,1,35000.0
DR EVRAIM,846,2,118000.0
DR EVRAIM M.KES,824,1,46520.0
DR FREDY,1021,1,20000.0
DR GRACE DUMA HUTAHAEAN,1652,1,60000.0
DR GUNADI MTH,1698,1,0.0
DR HOTMAULI SIAHAAN,807,2,168000.0
DR JIMMI,1072,1,38800.0
DR MONICA KRISTINA,1101,1,38800.0
DR NOENIK D SAPUTRO,1716,1,81000.0
DR SOSTENES,1072,1,38800.0
DR STEPHANIE,469,1,65000.0
DR YOHAN INV/20231019/MPL/3517824214,440,1,59475.0
DR YOHANES,631,1,55000.0
DR. ABRAHAM ADIWIDJAJA SUTJIONO,1374,7,1928500.0
DR. ADI SANTOSA,1510,1,64350.0
DR. ALBERT K. BOWAY,510,1,72000.0
DR. AMELIA MANATAR,2515,1,58500.0
"DR. ANIKE N. SIRAIT, SPB",1062,1,150000.0
DR. ANINDYA KRISTANTI,1652,1,0.0
DR. ANNA LEWI,1651,1,0.0
DR. APRILIA ADELINA BARUS,1660,1,0.0
DR. BAGUS P,139,3,493000.0
DR. BENJAMIN INDRAWAN,907,6,399830.0
DR. BOBY KOMESAH,2444,2,52500.0
DR. CENNIKON PAKPAHAN,86,3,142000.0
DR. CIPUTRA,815,1,57300.0
DR. DUMA ERICA,718,1,95700.0
DR. ELVIRA CHANDRA,1651,1,0.0
DR. ERIC DINO TANDOYO,631,2,72000.0
"DR. ESTERIA R.H.,",2385,1,75000.0
DR. ESTHER,1314,2,186000.0
DR. EVAN LUSIDA,1661,1,0.0
DR. EVELINA LARISSA WIJAYA,1652,1,0.0
DR. FERDY MARPAUNG,412,2,120000.0
"DR. FINISH FERNANDO, SP.OG",1219,2,199200.0
DR. FRAN,2800,1,52200.0
DR. GARY ADHIANTO,1612,1,64350.0
DR. GEGE,1650,1,60000.0
"DR. GRACE DUMA MAWARNI,",1733,1,150000.0
DR. IDA KOAMESAH,2505,1,42000.0
"DR. IWAN DJUANDA, SP.OG",1651,1,0.0
DR. IWAN JUANDA,1048,1,600000.0
DR. JOHANNA CLARISSA CHRESTELLA,1205,1,8500.0
DR. JULIA KADANG,1154,1,110000.0
DR. JUNITA E. KATIHOKANG / UPKK CARGILL/ EHS DEPARTMENT PT/CARGILL CABANG AMURANG,1206,3,420000.0
DR. KRISTO KURNIAWAN,1661,1,0.0
DR. LADY MANGA PATANDUK,1659,1,57420.0
DR. LILIANI,2357,2,95500.0
DR. MARIA AURILLIA LAZUARDI,1651,1,0.0
DR. MELANI,2739,1,150000.0
DR. MELISKAH,1997,3,203700.0
DR. MINARNI,1651,1,0.0
DR. NOVIAN,1313,1,65000.0
DR. OLYVIA MONICA,1651,1,0.0
DR. PAULIN SURYA PHILLABERTHA,1088,1,63375.0
DR. RAYYAN,1470,1,39600.0
DR. RICKY C TARIGAN SP.PD,1178,1,75000.0
DR. RIO YOGA,1652,1,0.0
DR. RIVAN VIRLANDO,1596,1,30000.0
DR. RONNY BUDIMAN,1058,1,40625.0
DR. SARAH ODORVIA SILALAHI,1178,1,75000.0
DR. SHIRLEY F.,907,2,49910.0
DR. SORAYA,2834,1,48000.0
DR. SOSTENES VICTORIS TANTO TAMZIR,1665,1,0.0
DR. TETI ADRIANA LUBIS,1661,1,45000.0
DR. VEBRI DKK,2562,1,44000.0
DR. WIEKA BUDHIWIDAYANTI,1658,1,0.0
DR. WINSON CHUANARDI,1616,1,122748.0
DR. YOSEPHINE MULIANA,1651,1,0.0
DR. YUDI SANTOSO,1651,1,0.0
"DR. YUDI SANTOSO,",173,2,62500.0
DR.FERDY,427,2,190000.0
DR.LILIANI,2535,2,292500.0
DR.MELVA SIRAIT,1661,1,45000.0
DR.RIANA ELIZABETH OR LINDA MORA,1021,1,67900.0
DR.SRI BERTHA,678,3,230000.0
DR.TYAS EKASARI,631,1,48000.0
DR.YUDI SANTOSO,765,1,40000.0
DRG RIANA SP PERIO,1101,1,38800.0
DRG. ELBA (SUPIORI) (UNTUK HUTAMI),642,1,520000.0
DRG. GRACE EVELYN PARDEDE,2066,1,60000.0
DRG. NONA INV/20230410/MPL/3169878469,631,1,50325.0
DRG. RANI DWI CAHYANIPUTRI,1188,1,54320.0
"DRG.RUDY.S, SP.PROS",1661,1,0.0
DS RIA HULU,883,1,0.0
DT BAYU AJI,1458,1,49500.0
DUNEN CERDA,2718,1,135000.0
DUNIA EDUKATIF,829,2,93656.0
DUSTO KAUSE,975,1,50000.0
DUTI JULIAN,2351,1,54000.0
DWI AGUSTINA,928,1,63180.0
DWI ANTYA TANAYA INV/20231005/MPL/3493162952,454,1,108656.0
DWI APRIANTI,1685,1,60000.0
DWI ARI KRISTIANI,1615,5,131850.0
DWI ASTRID AVIANTI,1157,1,30000.0
DWI BAKTI SUSANTO,2276,2,105000.0
"DWI BAKTI SUSANTO,",2078,1,90000.0
DWI DIVA,2455,1,54000.0
DWI HARGIYANI,1084,1,72750.0
DWI INV/20230504/MPL/3211785908,608,1,81175.0
DWI IVANA,1220,1,58500.0
DWI KASKOJO NUGROHO TJAHJO,1043,1,47531.0
DWI KEMALASARI KEMBAREN,1336,1,25000.0
DWI PRASETYO RAHARDJO,1221,1,42073.0
DWI PRIYADI DJATMIKO,1478,1,50000.0
DWI PUTRO NUGROHO,1150,1,53350.0
DWI RATNA WULANDARI,1616,1,58305.0
DWI RATNA WULANDARI.,1615,2,66250.0
DWI RIYADI,1088,1,58500.0
DWI SEPTA,1368,1,60000.0
DWI YULIA CAHYANINGTYAS,1449,1,64350.0
DWIJANTO SOFIANHADI,1379,1,68000.0
DWIKE CLAUDIA KAIIN,1311,1,62725.0
DWIKI INV/20231016/MPL/3513413030,442,1,82350.0
DWIKIA GUYANA SIDUPA,1616,1,30026.0
DWIKIA SIDUPA,718,1,23925.0
DWINA LAKABELA,909,2,94980.0
DWIYANTO,1979,1,54400.0
DWIYANTO INV/20231019/MPL/3518232664,440,1,59475.0
DYAN CIPTA,1616,1,33338.0
DYAS KRISTANTO,1510,1,40000.0
"DYATMA,",1615,1,37100.0
DYLAN,1559,1,59400.0
DYLAN WOEN,1679,1,50000.0
"DYLAN,",1109,1,72750.0
DYO MANDE INV/20230304/MPL/3088091235,667,1,71370.0
DYOTACHAYU S.P.,968,2,110216.0
EASTER,642,1,20097.0
EASTER SINURAT,2574,1,18900.0
EBEN EZER SIHOMBING,1160,1,63375.0
EBEN EZER SIHOMBING (SR),824,2,129180.0
"EBEN EZER SIHOMBING,",867,3,141749.0
EBEN KALEMBEN,1146,1,43690.0
EBEN NDRAHA,1937,1,68000.0
EBENHAEZER TARUKALLO,1488,2,243550.0
EBIGAEL,2326,1,30400.0
"EBIGAEL JOVANKA,",2151,1,43900.0
ECHA,2221,1,0.0
ECKHARD,1633,1,56000.0
EDDY ATENG,743,1,0.0
EDDY HARTANTO INV/20230107/MPL/2958943839,723,1,109800.0
EDDY MASSIE,1514,1,59400.0
EDDY SALIM,780,5,755145.0
EDDY SOEWITO,883,1,0.0
EDDY TAN,1109,2,97050.0
EDDY TAN INV/20231021/MPL/3521400835,436,1,59475.0
EDDY TJ,2360,1,19000.0
EDEN,1471,5,192700.0
EDEN HERBS,780,1,61425.0
EDEN KURNIAWATI DUHA,1313,2,100425.0
EDEN.,1615,1,18550.0
EDEY SANTOSO,1259,1,72750.0
EDGAR TIGOR,1551,1,52000.0
EDGARD,983,1,77600.0
EDHO BERDAME,51,2,135000.0
EDI AGUS SUGIANTORO,1221,1,31435.0
EDI SIMAMORA,983,1,77600.0
EDISEN,1037,1,63375.0
EDISON DERMAWAN,1153,1,53350.0
EDISON PASARIBU,1571,3,105000.0
EDISON1071 230411SWB225S6,612,1,74646.0
EDISONI DOHONA,1064,2,150525.0
EDITH SARASVIANTI,1303,1,62725.0
EDIYUDA KISWANTO,890,1,62075.0
EDMUND,1615,5,204960.0
EDO HUTAPEA,815,1,46267.2
EDO SEBASTIAN,1059,1,72750.0
EDO WALLA,1988,1,65000.0
EDRIC TJANDRA,2603,1,0.0
EDUARDUS BRAMANTYA,1102,1,45500.0
EDUWARD ROLANDA,2460,2,110000.0
EDWARD HUTAGAOL,984,1,26244.0
EDWARD LIWANDOUW,983,1,78000.0
EDWARD PELMELAY,642,9,579370.0
EDWARD SETIAWAN,1588,1,65000.0
EDWARD SIRINGORINGO,1561,1,90000.0
EDWARDPELMELAY 23040491G7MQMY,612,2,0.0
EDWIN ANDU INV/20230606/MPL/3275339256,581,1,255920.0
EDWIN CH. SAHUREKA,1997,2,623000.0
EDWIN CHRIS,149,1,100000.0
EDWIN CHRISTOPHER LABAN,853,5,114221.0
EDWIN PANGARIBUAN,1174,1,63375.0
EDWIN PETRUS,851,1,57300.0
"EDWIN PETRUS,",859,5,305975.0
EDWIN PETRUS.,829,1,64940.0
EDWIN SALVATORE HARYANTO,1058,10,1081180.0
EDWIN SIMAREMARE,1954,1,110000.0
"EDWIN SUPARMAN,",2087,5,292000.0
"EDWIN,",1768,1,324000.0
"EDWIN,.",1087,1,58200.0
EDWINA BERNITA,1088,1,63375.0
EDWINA LAURITA S.,907,2,99210.0
EDWINA VANIA SUDARSONO,853,3,50544.0
EDY,1234,5,367470.0
EDY GURMING,1150,1,55000.0
EDY PRAYITNO,2319,1,54000.0
EDY SANTOSO,1616,1,31200.0
EDY SEMBIRING,1614,1,45050.0
EDY SUSANTO,959,1,168000.0
EDY SYAHPUTRA TARIGAN,1408,1,300000.0
EDY THAMRIN,1990,1,270000.0
EDYSON TOBING,2707,1,54000.0
EE INDONESIA (CP: PAK HENGKY),2018,1,5000000.0
EFA SITORUS,1285,1,44362.0
EFA YUSUF RENDEN,2689,1,72000.0
EFFIE KURNIATI,1285,1,60060.0
EFMI,1310,12,584700.0
EFMI / AMI,925,2,94440.0
EFRA DESE,1554,2,112280.0
EFRAIM,398,3,100000.0
EFRAIM BATUNANGGAR,1193,1,63375.0
EFRAIM SINAGA,1615,1,37100.0
EFRIANTO TANTO,763,2,113015.0
EGA,1980,8,347000.0
EGA INV/20230616/MPL/3294172579,562,1,128100.0
EGA INV/20230726/MPL/3365182664,524,1,80520.0
EGA INV/20230814/MPL/3400637108,506,1,54900.0
EGA INV/20230821/MPL/3412764481,498,1,170876.01
EGA INV/20231108/MPL/3554920274,419,1,80520.0
EGA MANIHURUK,1336,1,25000.0
EGA TOPED,2284,1,60000.0
EGANITA,1429,1,64350.0
EGARIA,1179,1,117812.0
EGARIA FLORENCI BR BATUNANGGAR,448,1,0.0
EGI PINEM,1193,1,63375.0
EIRIKA,2367,1,72000.0
EJHA LARASATI,1254,1,86447.0
EKA DJUHARI INV/20231020/MPL/3520236910,436,1,59475.0
"EKA ELISA SIHOMBING,TEKNIK,UDAYANA",1190,1,63050.0
EKA GILROY KHARIS,1149,1,53350.0
EKA HANLIE,1062,1,45500.0
EKA JUNIS,771,2,95780.0
EKA KAWA,1253,1,25000.0
EKA KELUNG,1227,1,60000.0
EKA KRISTINING RAHAYU,1285,1,43095.0
"EKA KRISTINING RAHAYU,",778,2,123260.0
EKA MARTHAULLY,1913,1,60000.0
EKA MARYANI,1149,1,78000.0
EKA MIKHA MANIK,984,1,68040.0
EKA RAHAYU,84,2,227900.0
EKA REFIANTI-ELLA,1088,1,43875.0
"EKA RICHARDTAMAN RATU INDAH AA2/27, RT.14/RW.7, KEDOYA UTARA, KEC. KB. JERUK, KOTA JAKARTA BARAT",69,1,69000.0
EKA SAIMIMA,1101,2,146250.0
EKA SANDRA PIASAMBE/AGEN TELUR,1192,1,63375.0
EKA SESELI,1262,1,68987.0
EKA SIBURIAN,1612,1,65000.0
EKA SIMARMATA,1542,1,24750.0
EKA TRESNA,794,1,154710.0
EKA UNCEN PAPUA UK,2655,1,408000.0
"EKA,",1099,2,120825.0
EKAKHRIS 230608TESQMWFB,551,1,23800.0
EKAWATY PAMARA,1650,1,58000.0
EKAWATY RANTELILING,15,50,2383100.0
EKIANTA,1192,1,63375.0
EKKER SAOGO,673,1,57420.0
EKKI INV/20231227/MPL/3648033124,370,1,75500.0
EKKLESIA SHENY,2165,1,54000.0
EKO / RUMAH IBU SOFIA,1376,1,62370.0
EKO BASTIAN TAMPUBOLON,979,1,63180.0
EKO MUJIONO,757,1,140000.0
EKO SAPUTRA PANJAITAN,393,1,85000.0
EKO SAPUTRA PARLINDUNGAN,2609,2,88200.0
EKO SAPUTRO,1744,1,64000.0
EKO STAF SAMARINDA,2454,1,35000.0
EKO SUGIARTO,1616,3,183738.0
EKO TRIS ARDI,2568,2,84000.0
EKO WAHYU PRIYANTO,1225,6,221500.0
EKO WAHYU PRIYANTO (MR. WAHYU SMA),1163,1,37500.0
EKO YOSIA K,986,1,100000.0
EKO/GLORIA LEARNING CENTER,1614,1,31800.0
EKOS KOODOH,1614,1,47700.0
EKSON,1476,3,143100.0
ELA,1193,1,63375.0
ELA ASRINI ZENDRATO,1846,2,58520.0
ELA INV/20230701/MPL/3321711168,550,1,29524.7
ELA KRISTIANI,1374,1,64350.0
ELBON H SIAHAAN,572,10,560000.0
ELBON HARRY SIAHAAN,1773,3,173500.0
ELBY SIKOMBONG,1343,1,58500.0
ELDRIAN MULIA,1476,1,52000.0
ELEAZAR EVAN M,1510,1,40000.0
ELEAZAR EVAN MOELJONO INV/20230701/MPL/3321734150,550,1,34000.0
ELEAZAR EVAN MOELJONO INV/20230701/MPL/3321734156,550,1,57300.0
ELEAZAR LEVI MUSABANI,824,2,138190.0
ELEKSIO PATRIK PATTIASINA,1109,2,121250.0
ELEN,2736,2,29000.0
ELEN BENU,1049,1,63375.0
ELENA,2333,1,54000.0
ELEND DEBORA,78,1,17500.0
ELFANO CHRISTIAN SUMENDAP,1074,1,43875.0
ELFANTO,1383,1,74305.0
ELFARIAND DENIS BERTOM,1376,1,27720.0
ELFARIAND LUBIS,766,1,20412.0
ELFINA REHNGENANA,1260,1,32500.0
ELFINA SEFTIANI SITOMPUL STAF BANTEN,1995,7,628300.0
ELFINA SITOMPUL (NY MANIHURUK),1223,1,58200.0
ELFRIDA MARPAUNG,1087,1,73125.0
"ELFRIDA SIMANGUNSONG,",2212,1,48750.0
ELFRIDA SINAMBELA (PC),1990,1,100000.0
ELFRIDE SINAGA,1372,1,48250.0
ELI230308 230418EPCQRXB9,612,1,76560.0
ELIA,984,1,77760.0
ELIA KRISTIANTAMA,987,1,96200.0
ELIA OKKI,436,4,645000.0
ELIA SILITONGA (HRD),1157,2,104000.0
"ELIA,",2309,1,45000.0
ELIA.,824,1,58320.0
ELIAN KADANG,546,1,120000.0
ELIANA SATRIA,2627,1,54000.0
ELICIA APRILIAA,1193,1,63375.0
ELIENA ROOSMALINE,1407,1,24750.0
ELIESER HUTAPEA,864,1,62075.0
ELIESER LAKINES TARIGAN,1313,1,107250.0
ELIEZER KARTIKA,1056,1,50440.0
ELIEZER PRANAWA SETIAWAN,1189,3,100000.0
ELIJA ROCHMAN D.,988,1,25000.0
ELIKA NATALIA,984,1,155520.0
ELIN,1505,4,128700.0
ELIN KADJI,1535,1,59400.0
ELIN NATHANALINE,732,1,97200.0
ELIN TAOPAN,1088,2,144300.0
ELIN.,1075,1,58200.0
ELISA BELINDA,2148,1,65000.0
ELISA LESTARI,1238,1,67900.0
ELISA MOCHTAR,1566,2,111939.0
ELISA PASARIBU,1614,1,34450.0
ELISA TENGGANA,1379,1,90000.0
ELISA TOPED,983,1,58200.0
ELISA WINANDA,1003,1,100000.0
"ELISA,",1945,1,58500.0
ELISABET,1616,1,28560.0
ELISABET AGUSTINA SIHITE,1192,1,63375.0
ELISABET CORNILIA AYUNINGTYAS,1622,1,31800.0
ELISABET CORNILLIA,2161,1,19800.0
ELISABET DIAN PRASTIKA,928,2,130325.0
ELISABET INV/20230114/MPL/2976373517,716,1,45750.0
ELISABET M. C. BANUNAEK,882,1,52000.0
ELISABET PURBA,927,1,63180.0
ELISABET STEPHANY NAINGGOLAN,1178,1,40950.0
ELISABET YP,2338,1,46800.0
ELISABETH,983,2,177600.0
"ELISABETH CHRISTY,",1598,1,68000.0
ELISABETH HUTAURUK,805,1,65000.0
ELISABETH KURNIAWATI,2211,1,48000.0
ELISABETH NATALLINA,1615,1,47700.0
ELISABETH VICTORIA,1551,1,52000.0
ELISABETH YEYEN S.,780,1,20412.0
ELISAPRISCO SUKOCO,1713,1,0.0
ELISAWU07 230606N3WKF0EA,551,1,62205.0
ELISCA (ICA),915,1,63180.0
ELISCA ARKHE SEPTIYOSEVA,1262,1,45000.0
ELISEBA IKA SUSIANDARI,1248,1,25095.0
ELISHA GRACIA HUANG (UP. MS LIN),9,1,0.0
ELISHA KRISTIANI PUTRI,1024,1,63180.0
ELISUA HULU,1448,1,60000.0
ELISUA HULU.,716,1,68000.0
"ELITA CHANDRA,",2211,1,45000.0
ELITA OVINA,1034,1,63150.0
ELITA THEOFANI,853,4,123185.0
ELIZ MANALU,2662,1,210000.0
ELIZA,1616,1,34977.0
ELIZA CHRISTABELLA,2457,1,270000.0
ELIZABET,983,1,77600.0
ELIZABET BELLA,1465,1,65000.0
ELIZABETH,1603,1,65000.0
ELIZABETH (PAULUS SURYA),1069,1,150000.0
ELIZABETH (WA),316,1,0.0
ELIZABETH AFENDY,1794,1,27000.0
"ELIZABETH AFENDY,",1509,1,225000.0
ELIZABETH BIRETNI YUANTI,1309,1,63375.0
ELIZABETH ENDAH GRASIANA,1221,1,41194.0
ELIZABETH ESTER,2638,1,54000.0
ELIZABETH GO,1293,1,0.0
ELIZABETH IRIANTI,1539,1,71280.0
ELIZABETH KATHARINA S,1845,1,38000.0
ELIZABETH LINTANG P,1043,1,47531.0
ELIZABETH NATHANIA WITANTO,2399,1,140400.0
ELIZABETH NELLY,2296,1,45000.0
ELIZABETH RACHEL SOETOPO,1741,2,126000.0
ELIZABETH ROTUA,1262,1,242500.0
ELIZABETH SIMAMORA,2376,1,58500.0
ELIZABETH SOETOPO,2387,1,63000.0
ELIZABETH WIDYA,780,1,41278.0
ELIZABETH WIDYA HS,1615,1,31800.0
ELIZABETH Y ANDREAS,1451,2,99045.0
"ELIZABETH,",1615,1,30740.0
"ELIZABETH,,",1282,1,18870.0
ELIZABETH.,1615,1,31800.0
ELIZABETH..,1584,1,18000.0
ELK ANA YOSAFAT C. SIMANJUNTAK,1926,2,166000.0
ELKANA,2372,1,18900.0
ELLA,2553,1,50000.0
ELLA APRILIA INV/20231017/MPL/3515190354,441,1,56501.0
ELLA NASTER,63,11,200400.0
"ELLA NOVIANTI,",2165,1,60000.0
ELLA UNAIR,2690,1,30000.0
ELLA VERA,920,1,71625.0
ELLA VITRO,1313,2,98950.0
ELLA VITRO KAMESAH,1317,4,664800.0
ELLA YANTIKA,1938,3,128700.0
"ELLA,",141,1,21000.0
ELLA.,981,1,80000.0
ELLAREKSA_ 2310055YUPF2QF,457,1,143550.0
ELLEN (JKT),1876,1,29000.0
ELLEN EMANUELA,1342,2,164550.0
ELLEN LUMEMPOUW INV/20230503/MPL/3211446142,608,1,91500.0
"ELLEN MELAWATY,",983,2,129200.0
ELLEN YUDIANTO,1109,1,72750.0
"ELLEN,",815,3,168653.0
ELLEN.,901,3,182660.0
ELLIATI DJAKARIA,1771,1,110000.0
ELLICE JOSEPHINE ONGKODJOJO,2519,1,54000.0
"ELLICE,",1944,1,58500.0
ELLIN MOY SIMANGUNSONG,915,1,29743.0
"ELLINORA,",2207,1,65000.0
ELLY (CEMPAKA PUTIH),1311,1,84920.0
ELLY CHRISTIE,1280,1,49030.0
ELLY HUNARA,1531,1,48000.0
ELLY MAYA SARI INV/20230129/MPL/3010337711,702,1,64050.0
ELLY MAYANI,1034,1,63050.0
ELLY MT SIANTURI,1351,2,93460.0
ELLY N,1074,1,43875.0
ELLY SIANTURI,887,3,161040.0
ELLY SIANTURI INV/20230619/MPL/3300499425,561,1,64050.0
ELLY SIANTURI INV/20231018/MPL/3516823243,440,1,59475.0
ELLY SIHALOHO_TEKNIK UDAYANA,1193,1,63375.0
ELLY SOEHAR,732,1,97200.0
ELLY UNITOMO,2117,1,25200.0
ELLY WULANDARI,1336,1,25000.0
ELLY.,1430,1,59400.0
ELLYA PASARIBU,1542,1,90000.0
ELLYS (ZOZO,923,1,65000.0
"ELLYS MANALU,",1441,2,389400.0
ELLYS RIANA DAMEULI MANIK,1220,1,24577.5
ELMA EMMANUELA,2204,1,54000.0
ELMAS FEBRINA,1434,1,70000.0
ELNA ANDUK,2906,1,52200.0
ELNY GUNAWAN,1221,3,88375.0
ELOS,864,1,46556.0
ELPI SUMBAYAK INV/20230330/MPL/3143429421,642,1,22875.0
ELPISTA BR TARIGAN,809,2,48675.0
ELPRIADY LAOLI,1962,1,61200.0
ELPRIADY LAOLI (BARU),902,1,62000.0
"ELS,TAN2",794,1,57300.0
"ELSA ANGGI SEPTIA,",2211,1,48750.0
ELSA ARIELLA,1202,1,63375.0
ELSA HUKA,1221,2,41550.0
ELSA HUTAJULU,829,1,54432.0
ELSA INV/20231220/MPL/3634418052,378,1,75500.0
ELSA KURNIATI,711,1,23925.0
ELSA MARIA,983,1,77600.0
ELSA NAROTAMA,15,47,1986400.0
ELSA SINAGA,1615,1,31800.0
ELSA TERESIA,909,1,52000.0
ELSA TOPED,878,1,49660.0
ELSA YURIKE,2254,1,60000.0
ELSA YUSTRI YULI YUSKAL,1614,1,22500.0
ELSAMI HUKA,2652,1,42000.0
ELSHA DAINA,1010,1,24300.0
ELSHA GRACIANA PUTRI SUWARNO,1615,1,29150.0
ELSHA TANIA,2520,1,100000.0
ELSHADAI MARCHELINE,1320,1,56550.0
ELSIH,1222,1,29250.0
ELSINA P. SALAKAY,184,2,57400.0
ELSY,90,8,848000.0
ELSY GALE BANGNGU,302,1,70000.0
ELSY GLANE,1550,1,52000.0
ELSYE PELUPESSY,2077,1,125000.0
ELSYE PELUPESSY.,1710,1,25000.0
ELSYPURNAMA ADISUPUTRA,1272,1,63050.0
ELTI FIXA,1195,1,24375.0
ELTRIS,723,8,712000.0
ELTUIN,872,1,50544.0
ELVA ASRIDA SIPAYUNG,1377,1,24750.0
ELVANI KOSTAVINA,2597,4,84000.0
ELVI,927,2,140940.0
ELVI YUNIANTI,1658,1,75000.0
ELVIA JULYANTI BR SAMOSIR,857,1,58320.0
ELVIN EMERSON,918,2,177650.0
ELVIN MARELLA,983,4,226300.0
ELVIN PAENDE,1883,1,120000.0
ELVIN SITOMPUL,1285,1,88604.0
ELVIN TANIS,2507,1,45000.0
ELVINA,2645,1,65000.0
ELVIRA,1210,2,85800.0
ELVIRA THEODORA,1724,3,165000.0
"ELVIRA THEODORA.,",1056,1,50375.0
"ELVIRA,",1037,1,45925.0
ELVIRA..,1088,1,73125.0
ELVIS PREASLEY,1849,1,40500.0
ELVIS YOEL LOLO,1031,2,124575.0
ELWIN PARORE,2777,1,72000.0
ELY ERMAWATI,2459,2,108000.0
ELYADA ADI,1274,6,433000.0
ELYADA ADI JOESIANTA,23,7,994500.0
ELYADA ADI JOESIANTA.,154,14,1428000.0
ELYON SECONDARY HIGH SCHOOL DARMO (UP: HERMAN SBB),215,1,9562500.0
ELYSABET,1320,1,56550.0
ELYSABET PERMATA,1976,1,61200.0
"ELYSABET,",2212,1,18750.0
EMA MARLINA,1615,1,31800.0
EMA N,1819,2,118000.0
EMA TALUPI,1988,1,100000.0
"EMAN ZALUKHU,",741,1,60000.0
EMANUEL,829,3,153576.0
EMEILYA KUMALA,2340,1,54000.0
EMELIA NATASYA,1538,1,64350.0
EMERALDINE,331,1,0.0
EMI,1222,1,88030.0
EMI PASOLANG,673,1,62205.0
EMIE SOESILOWATI,1193,1,63375.0
EMIL SALIM,820,1,0.0
EMILIA,2525,1,48800.0
EMILIA KRISTIYANTI,1856,1,365400.0
EMILIA WIJAYA UNTUNG,194,1,2880000.0
EMILIANA DEA BUNGA ISTANTIA P,1285,1,44055.0
EMILIYA DORANGGI,1231,1,420000.0
EMILIYA DORANGGI (YAYASAN EBEN HAEZAR),554,1,75000.0
EMILY,1196,1,63375.0
EMMA INV/20230305/MPL/3090780863,667,1,91500.0
EMMA MARETTY,1720,1,40600.0
EMMA MONICA SIAHAAN,1615,1,31800.0
EMMANUEL,1555,1,24870.0
EMMANUEL ALVINO,1024,2,159200.0
EMMI INV/20231106/MPL/3550414340,422,1,19215.0
"EMMIA GINTING,",2466,2,118000.0
EMMY EFFENDY,47,10,2743800.0
EMRY,1102,1,43875.0
ENDA IVENA,2767,1,324000.0
ENDAH DWI,725,1,62205.0
"ENDAH DWI,",2141,1,60000.0
ENDAH PUTRI UTAMI,1510,1,40000.0
ENDAH RAHAYU NINGSIH,2130,2,114000.0
ENDAH SAGALA,1164,2,143050.0
ENDAH SAGALA INV/20230701/MPL/3321997866,550,1,29737.0
ENDAH YULI WIJAYANTI,1036,1,52500.0
ENDANG,967,1,67900.0
ENDANG MEGAWATI (MIMING),1617,1,0.0
ENDANG SULASTRI,983,1,77600.0
ENDANG SURANINGSIH (NUGROHO HADI PRATOMO/ ENDANG SURANINGSIH),1470,1,22000.0
"ENDANG WIDURI, M.TH",685,1,510000.0
ENDROW DONA INV/20240102/MPL/3657014946,365,1,75500.0
ENGEL BUDIKASI,793,1,65000.0
ENGELINE TJIA SOESILO,1062,2,90500.0
ENI,2885,1,22500.0
ENI PARUNG,1598,5,356000.0
ENI SIMBOLON,2696,1,40600.0
ENI SUSANTI,1477,1,62370.0
"ENI,",915,3,157717.0
"ENI,,",984,1,78000.0
ENI.,1321,1,63375.0
ENI..,861,1,42735.0
ENINTA,930,1,260000.0
ENIWATI,1590,1,409500.0
ENI_TJHIN 2304144U0TXUUX,612,1,45936.0
ENJEL DWI K,732,1,63180.0
ENJELINA ROSALY NICOLAAS,2059,1,60000.0
ENNY HADINATA,1702,5,359200.0
ENNY ROSALINA,1133,1,77600.0
ENNY SETIANINGSIH,926,1,0.0
ENOH DANANG,853,3,63180.0
ENOH DANANG DWI SAPUTRA,1320,1,56550.0
ENOS,428,1,65000.0
ENOS JUSTIN,815,1,45458.0
ENOS SIANG,485,2,202000.0
ENRICHO PURBA,1043,2,91406.0
ENRICO,593,3,340000.0
ENRICO WIRAATMAJA,1045,1,63050.0
ENRICO.,377,2,145000.0
ENY,915,2,715000.0
ENY AMBARWATI,78,3,2970750.0
ENY SETIAWATY,1221,1,30050.0
EPAFRAS ARITONANG,1570,1,59400.0
EPAFRAS HALOMOAN HASIBUAN,928,1,57300.0
EPHIPANIAS INV/20240101/MPL/3656957633,365,1,16000.0
EPHY,1636,1,24750.0
EPHYSIA RATRININGTYAS,983,1,77600.0
EPIFANIA PUSPITAHATI,2520,1,53000.0
EPIN (PERKANTAS NABIRE),321,13,1333200.0
ERA,2708,1,25000.0
ERA WAHYU H,411,2,96000.0
ERA YUSKRISTIANI,1510,1,40000.0
ERANISA BR SURBAKTI,1221,1,41193.0
ERAYATI CHRISTIANI GINTING,2672,1,37500.0
ERBINA MELIANA PURBA,1841,1,60000.0
ERDA,2571,1,120000.0
ERFAN,2505,1,50000.0
ERI,987,1,20000.0
ERI IWANTOKO (KOKO),16,55,2510900.0
ERI SINAGA,468,5,146280.0
ERIANTO WONG,1616,1,29751.0
ERIC ANANDA,763,5,271223.0
ERIC ANANDA INV/20231020/MPL/3519221300,439,1,59475.0
ERIC DHARYANTO,806,1,65000.0
ERIC HANSEL,1871,1,65000.0
ERIC KOSDI,1717,1,60000.0
ERIC PUTRA APRIANTO,1063,2,100459.0
ERIC PUTRA APRIANTO.,1024,1,68040.0
ERICA FRANSISCA,1275,1,62260.0
ERICA RESTALY,859,1,57300.0
ERICK CHRISTIAN,1622,3,132150.0
ERICK HANSEL,1133,2,94000.0
ERICK HANSEL W,2687,1,54000.0
"ERICK HANSEL,",2211,1,48750.0
"ERICK HANSEL,,",1055,1,50440.0
ERICK HANSEL.,824,2,139720.0
ERICK HANSEL..,878,2,111735.0
ERICK HELIA,1383,1,65620.0
ERICK KARTIADI,1303,2,80675.0
ERICK NETA,780,1,68040.0
ERICK SETIAWAN,2224,1,58000.0
ERICK.,1088,1,73125.0
ERICKA CLAUDIA,367,3,40950.0
ERICKA..,724,1,114840.0
ERICSON MESSA,1892,1,52000.0
ERIE MADJAN,2357,1,60000.0
"ERIK CLEARY,",1847,1,26600.0
ERIK PRADANA PUTRA,1338,2,130090.0
"ERIK,",2120,1,60000.0
ERIKA,2491,1,45000.0
"ERIKA ANDELA,",2165,1,60000.0
ERIKA DIAN,1671,2,0.0
ERIKA H SINAGA INV/20231023/MPL/3524865806,435,1,59475.0
"ERIKA SINULINGGA,",2176,1,60000.0
ERIKA VANNY,1191,1,58500.0
"ERIKA,",2143,1,225000.0
ERIKA.,1164,1,26325.0
ERIKSON HUTABARAT,1571,1,65000.0
ERIN,1535,1,64350.0
ERIN (PENYULUH),642,1,66990.0
ERIN SINAGA,1612,1,25000.0
ERINA KURNIAWATI,1568,1,62725.0
ERINE (PETRA),1946,4,177900.0
ERINE VERDIANA,2890,1,60000.0
ERINE VERDIANA.,725,1,62205.0
ERIO ADVENTUS,534,1,525000.0
ERIPSON,1372,1,76230.0
ERISCA FEROZA,880,4,184500.0
ERISTA,1615,1,31800.0
ERIZA,983,1,155200.0
ERLAND SIHITE,878,1,49660.0
ERLANGGA DHARMA -,823,11,5421880.0
ERLIN,2162,1,60000.0
"ERLIN,",983,1,77600.0
ERLINA BUDGET,1295,1,27300.0
ERLINA ROSDIANA -YNLM,1320,1,56550.0
ERLINA RUTH,329,1,1142400.0
ERLINA SIADARI,1647,1,160000.0
ERLINA W.H,1920,1,49500.0
ERLINAWATI NAINGGOLAN,2169,1,54000.0
ERLIUS HAREFA,732,1,72900.0
ERLY SARAGIH,1222,1,89158.0
ERMA ESTIASIH,1338,1,63375.0
ERMA PANGARIBUAN,1510,1,26730.0
"ERMI KOESLULAT,",2010,1,58000.0
ERMIYATI,1059,1,85800.0
ERNA,2676,1,54000.0
ERNA NAFADILAH,946,1,19440.0
ERNA SAPTENNO (KEMENTERIAN KORRDINATOR BIDANG PEREKONOMIAN DEPUTI BIDANG KOORDINASI PANGAN),2464,1,58500.0
ERNA.,1132,1,39000.0
ERNA..,863,1,72000.0
ERNALA MALAU,1147,1,22238.0
"ERNAWITA GULTOM,",1778,1,51600.0
ERNEST EMMANUEL SHARNE,1615,1,42400.0
ERNI DAMERIA SIMARE MARE,1511,1,89100.0
ERNI JUNITA SHOPEE,1615,1,32860.0
ERNI MARISTELLA SIRAIT,1308,1,84920.0
"ERNI ONGKO (RIANA),",1741,2,127000.0
ERNI RATNA SARAGIH,2721,1,72000.0
ERNI SIAHAAN,1728,1,75000.0
"ERNI,",2133,1,73800.0
ERNI.,1055,1,50440.0
"ERNI.,",1057,1,50440.0
ERNI/SINAR BAUT,898,4,250000.0
ERNITA EFA SITORUS SNS BOX,1178,1,58500.0
ERNITA HUTABARAT,1498,1,53400.0
ERNITA LESTARI SILAEN,725,3,73050.0
ERNITASIPAYUNG735 230417B1GESND5,612,1,23925.0
ERNY,874,1,103500.0
ERNY INV/20231020/MPL/3519302203,439,1,59475.0
"ERNY,",859,1,66008.0
ERSA AMILIA SARI,553,1,768000.0
"ERSA AMILIA SARI, LIBRARIAN LT.4 (SEKOLAH DIAN HARAPAN)",667,2,1822500.0
ERSA RATNA SARI,2525,1,45000.0
ERSA WILLIAM,2183,2,69000.0
ERTY,984,1,77760.0
ERVA SUSANTO,2514,1,49000.0
ERVIDA,1510,1,40000.0
"ERVIDA,",980,1,77600.0
"ERVIDA,.",857,1,53071.0
ERVIDA.,1075,1,43650.0
ERVIDALIN #230517VDK3766T,582,1,47850.0
ERVIN INV/20230727/MPL/3368610272,523,1,71625.0
ERVINA,1510,2,125000.0
"ERVINA HOSANA,",1615,1,42400.0
ERVINA PAN,1231,3,178000.0
ERVINA SIMANJUNTAK,2844,1,48600.0
ERVINA TAMBUNAN,1435,1,118800.0
"ERVINA,",1615,1,34450.0
ERVINA.,1115,1,48750.0
ERVY CHELZIE,2373,1,34200.0
ERWIN,1344,2,111125.0
ERWIN P J MANURUNG,1129,1,20475.0
ERWIN PRASETYA TOEPAK,907,1,60264.0
ERWIN SIMAELA,1283,1,34475.0
ERWIN TENGGONO,987,2,591000.0
"ERWIN TENGGONO,",931,2,1984500.0
ERWIN WOWILING,1109,1,218250.0
ERYANTO,2519,2,118900.0
ERYTHINA EKA SYLVA,829,6,997066.0
ESA KRISTIAN,915,1,81648.0
ESA TAFONAO INV/20231018/MPL/3516319548,441,1,59475.0
ESAU KRISTIAWAN,898,2,1250400.0
"ESAU KRISTIAWAN,",1251,1,300000.0
ESAU STAF MALANG,685,5,256000.0
ESI OSEDA RAJAGUKGUK,2536,1,22500.0
"ESI OSEDA RAJAGUKGUK,",1877,1,50700.0
ESPERANTO,1311,1,84920.0
ESRA LAURA BERTAULI,766,4,199650.0
ESRA TAMPUBOLON,894,3,184280.0
ESRAHENITA 23041430V4AKTW,612,1,62205.0
ESRALUBIS 2304131QDTWHK1,612,1,52635.0
ESRAWATY SIJABAT,2408,1,48000.0
ESRHA THERESYA SIAGIAN,1499,1,58380.0
ESTER,302,1,70000.0
ESTER ABIGAIL T,1756,1,65000.0
ESTER ANGGRAENI,1189,1,32500.0
"ESTER BANDI,",1570,1,53730.0
ESTER D.R. PASARIBU,1036,1,24375.0
ESTER DS SIMANJUNTAK,1897,1,55000.0
ESTER ERLINA SARI,920,1,40110.0
"ESTER FAJARITA K,",1845,2,104080.0
"ESTER FAJARITA KRISTANTI,",2408,1,40000.0
ESTER FRANSISKA JUNIA,959,1,85360.0
ESTER HUTABARAT,1814,1,25000.0
ESTER JIMIN,1135,1,63050.0
ESTER JUNITA,690,1,23925.0
ESTER KRISDAYANTI,1313,2,85550.0
ESTER LIDYA,1584,1,57900.0
ESTER MARMIYATI,2343,1,60000.0
ESTER NOVIANTI,2170,1,292500.0
ESTER OSHIN ARITONANG,985,9,284900.0
ESTER RAJAGUKGUK,1198,1,190125.0
ESTER RATNA,936,2,76200.0
ESTER RENI,1951,1,68000.0
ESTER SABATINI,1631,1,75000.0
ESTER SHOPEE,1615,1,27560.0
ESTER SIHITE,1008,1,48600.0
ESTER SILALAHI,965,1,95256.0
ESTER SILVANA YOSEPHINE,1227,1,67900.0
ESTER STAF KEFA,2454,1,32500.0
ESTER STAF LAMPUNG,1800,5,378500.0
"ESTER STEFANY,",2065,1,25000.0
ESTER YULIANA,2267,1,54000.0
"ESTER,",2002,1,60000.0
"ESTER, ,",1757,1,60000.0
ESTER.,1668,2,85400.0
"ESTER. ,",1367,1,48750.0
"ESTERDEWI,",2144,2,109900.0
ESTERIA ROSLINA HUTABARAT,915,1,72900.0
ESTERINA,725,1,71775.0
ESTERLINA BR BATUNANGGAR,1196,1,126750.0
ESTERLINA HETHARIA,1443,1,59400.0
"ESTERLITA PUTRI,",2228,1,65000.0
ESTHER,1710,2,76000.0
"ESTHER ARABELLA,",1849,2,118000.0
ESTHER DARMAWAN,1534,1,30000.0
ESTHER GUNAWAN,2000,7,39072000.0
ESTHER LOURENCE BRENDHA AYAL,1407,1,88000.0
ESTHER.,1633,1,60000.0
"ESTHER.,",711,1,23925.0
ESTHERINA OCTAVIA,1899,1,55000.0
ESTI (MAHASISWA),1688,3,140000.0
ESTIE WAHYU,1539,2,188800.0
ETHA,2283,1,58500.0
ETHA RIMBA PAEMBONAN,686,1,120000.0
ETHSA MATITAPUTTY,732,1,63180.0
ETIS NEHE,878,6,406315.0
ETIS NEHE ..,442,2,0.0
ETTA REGAR,1021,4,280850.0
ETTA REGAR INV/20230410/MPL/3169202484,631,1,75030.0
ETTA REGAR INV/20231008/MPL/3498215013,450,1,59757.0
ETTA SIREGAR,916,1,32500.0
ETTY EKO WIDIYAWATI,1221,1,29530.0
ETTY SUSANTY,2738,1,54000.0
EUDIA DESTHALYANA SURYANDAYANI,1433,1,0.0
EUGENIA IVANA KASATYO,1221,1,49802.0
EUGENIA JESSICA,1085,1,88000.0
EUNICE PRITA IMMANUELLA,972,1,63050.0
EUNIKE,2497,1,48000.0
EUNIKE AMADEA KRISETIA,1065,1,53625.0
EUNIKE APRILIANA,1510,1,40000.0
EUNIKE CANTIKA,1003,1,53460.0
EUNIKE CITRANINGTYAS SURYANTO,2301,1,40500.0
EUNIKE DESITA BOERERAN,525,1,300000.0
EUNIKE INTAR,1058,1,50440.0
EUNIKE IRENE KUMASEH,2680,1,54000.0
EUNIKE KUMASEH,2689,1,216000.0
EUNIKE LOLOWANG,1142,1,63375.0
EUNIKE MULIANA SIMANJUNTAK,1367,1,26837.0
EUNIKE PELLO,1153,1,54175.0
EUNIKE PRAMUDYASTUTI,1614,1,42400.0
EUNIKE PUTRI,1255,1,24798.0
EUNIKE SALOMBE,1192,1,63375.0
EUNIKE SEPTARIA,1616,2,91000.0
EUNIKE SIBURIAN,1528,1,64350.0
EUNIKE TABITA SURONO,1034,1,63150.0
EUNIKE WAHONGAN,1960,1,306000.0
EUNIKE WIRAWAN,1313,1,24375.0
"EUNIKE YELENA,",2120,1,60000.0
"EUNIKE,",1615,2,68900.0
"EUNIKE,,",1010,1,63698.0
"EUNIKE,.",853,3,75816.0
EUNIKE.,903,1,24300.0
EUNIKE..,1285,1,28393.0
EUNIKE...,866,1,65000.0
EUNIKEE,984,1,97200.0
EUNZA STORE,1147,1,63375.0
EUODIA AYU,1968,2,181200.0
EUODIA CALLISTA TANTAMA,1622,1,31800.0
EUODIA DESTHALYANA,915,2,45780.0
EV SULINA,894,1,151200.0
EV. ADELINA SEMBIRING,698,5,404000.0
EV. ADRYAN WAHYUDI,41,4,266400.0
EV. AGRADA CIPUTRA,1997,1,6160000.0
EV. AGUSTINUS,1225,1,22500.0
EV. AGUSTINUS (SMP KRISTEN GLORIA 2),1216,1,80000.0
EV. ALBERT LIADINATA,1509,1,225000.0
EV. ARIEF YAP MIN LU,2284,1,30000.0
EV. CARMIA,341,4,1002690.0
EV. CHRISTINA,1793,1,150000.0
EV. DAVIT CONG,1990,5,3966200.0
"EV. DENNY KAWENAS, MDIV.",2170,1,352000.0
EV. DESSY NATALIA,1313,1,68250.0
EV. DIANA SIMAJUNTAK,2226,1,264000.0
"EV. DICKY YOSEPH SIREGAR, S.E., MDIV.",2067,1,80000.0
EV. EDDY CIANG,1780,2,335000.0
EV. FRANKY,2651,3,108000.0
EV. GABRIELA ADRIANI,983,1,48500.0
EV. GODLIFE B. MARTHIN,1927,4,1056100.0
EV. GUNAWAN,334,11,522600.0
EV. GUNAWAN SETIADI,776,1,54400.0
"EV. GUNAWAN SETIADI,",688,1,96000.0
EV. HANSUN,1231,4,357500.0
EV. HENNY PUJIASTUTI,625,3,373800.0
EV. IDA WONGSO,2911,1,216000.0
EV. IKA KRISTANTI,288,1,220000.0
EV. ISNAENI BILA,820,1,0.0
EV. IVAN KWANANDA,181,2,329680.0
EV. KRISTIAN KUSUMAWARDANA,1988,1,440000.0
EV. LIDANIAL,2651,1,45000.0
EV. LUCY,1954,3,159200.0
EV. LUSIANA,539,3,195200.0
EV. LUSIANA (EDUCITY APARTEMEN Y1639),1250,1,52000.0
EV. MARIA FENITA,743,1,0.0
EV. MARTIN LUTHER,842,1,50000.0
EV. MELYANA,2585,1,364800.0
EV. NINING LEBANG RUFF,929,1,1950000.0
EV. ONKY LIBRANA,1571,3,12353400.0
EV. SAMUEL SOEGIARTO,2603,1,227500.0
EV. SAUL,2651,2,90000.0
EV. SOPHIA CHUANG,194,1,336000.0
EV. TIMOTHY SOEGIJANTO,358,1,105000.0
EV. WAHYUDI,902,2,80000.0
EV. YEHEZKIEL F. MAMESAH,2168,1,292500.0
EV.BELLA,502,1,70000.0
EV.MARTHA OEI,779,1,35000.0
EV.TARMINA,16,4,507000.0
EVA,1315,4,3064600.0
EVA AKHDES,2507,1,65000.0
EVA ARIS DIANA,1036,2,164900.0
EVA CELLIA,885,1,63180.0
EVA DESI SULISTYANINGSIH,1647,1,49500.0
EVA FIRMANURA,853,5,143769.0
EVA HERNITA LOM,857,1,62075.0
EVA HERNITA LOM INV/20230619/MPL/3300533043,561,1,59475.0
EVA KURNIAWATI,984,1,155520.0
EVA LASTRI,866,1,24300.0
EVA MALAU,1786,1,51600.0
EVA MANIAGASI,1286,3,136825.0
EVA NOVIANA,1063,1,45500.0
EVA PUSPITA.C,1079,1,60000.0
EVA RIRIS KALIT,915,2,75396.0
"EVA ROSITA,",2301,1,50000.0
EVA SAPTONO,1170,1,26325.0
EVA SHARON,2494,1,18900.0
EVA SITORUS,1002,1,121500.0
"EVA TRYANI JOLEY,",1988,7,425900.0
EVA ULINA SITORUS,1813,1,60000.0
"EVA,",1946,1,58500.0
EVA.,965,2,88180.0
EVA..,1317,1,56550.0
EVALIAN,2522,1,48700.0
EVALINA ELDA,1300,1,63375.0
EVAN ADI KUSUMA JAYA INV/20231003/MPL/3490057882,456,1,73200.0
EVAN ADITYA NADAPDAP,1784,1,51600.0
EVAN BUDI DARMAWAN RUSLI,1221,1,49030.0
EVAN KURNIA ALIM,1510,1,40000.0
EVAN SANJAYA LIBBY,1510,1,40000.0
EVANDER GOLSTIN (BAGIAN GA),1313,1,107250.0
EVANGELINE HUTABARAT,2459,1,22500.0
EVANIA,50,3,211000.0
EVAYANTI CHRISTINA,1129,1,78000.0
EVELIN,915,4,224162.0
EVELIN SENTOSA,1644,8,454700.0
EVELINA JAYANTI,2242,1,52000.0
EVELINE,316,1,0.0
EVELINE ANASTASIA,2658,1,100000.0
EVELINE HANDOJO,1643,1,58000.0
EVELINE MALINDA,55,1,65000.0
EVELINE TANIA M,1510,1,40000.0
EVELYN,1679,1,72000.0
EVELYN AGATHA,2312,1,54000.0
EVELYN C SARAGIH,1539,1,54450.0
EVELYN GLADIS,1615,2,76740.0
EVELYN LOUWRENCYA,2344,1,58500.0
EVELYN NADEAK,907,3,200085.0
EVELYN NAPITUPULU,1192,1,65000.0
EVELYN NESHA ELMARIA (WARUNG PAKPAHAN ATAU HOMESTAY HAU NA BOLON),1230,1,58200.0
EVELYN THOMAS YONATHAN,1088,1,56000.0
EVELYN TYAS NIRMALA,907,2,90314.0
EVELYN TYAS NIRMALA.,984,1,155520.0
"EVELYN,",732,1,194400.0
EVELYNESH15,114,1,28000.0
EVI,1462,1,59400.0
EVI ARTANA GULTOM,996,1,62718.0
EVI BANUREA,725,1,23925.0
EVI ELFRIDA (RUMAH SINAGA POLISI),1335,1,62725.0
EVI GK KETAPANG,646,1,55000.0
EVI GRACE PURBA_FAPET UDAYANA,1193,1,63375.0
EVI LAURENSIA SITANGGANG,1562,1,64675.0
EVI MEDIS,2242,1,76500.0
"EVI MUTIARA, EV",2455,1,63000.0
EVI NORA DAMANIK,673,1,23925.0
"EVI SARI ARIESTA,",2087,1,60000.0
EVI YOHANA,1794,1,60000.0
"EVI,",1115,1,58500.0
EVI.,1087,1,72750.0
EVIANNA GRACE KURNIA,2732,1,45000.0
EVIE,1074,1,152100.0
EVIE DAMANIK,1023,3,126432.0
EVIE SANTOSO,1428,5,717800.0
"EVIE SANTOSO, EV",2242,2,372000.0
EVIE YUNITA S,1338,1,63375.0
EVIEN JANSEN,864,1,52143.0
EVIFANIA NATIOR,2360,2,65000.0
EVIN,2732,1,22500.0
EVIN BHISMA INV/20230619/MPL/3300515711,561,1,64050.0
EVITA DEWI,829,4,1061750.0
EVITA DEWI INV/20230513/MPL/3230819281,597,1,644625.0
EVITA DEWI INV/20230821/MPL/3413675517,498,1,79074.0
EVITA DUMARIA INV/20230520/MPL/3242589092,590,1,91500.0
EVITA DUMARIA SIAHAAN,1856,1,130000.0
EVITA HOSANA,1615,1,31800.0
EVITA PAMELA,2368,1,22500.0
EVITA PETSY,853,3,50544.0
EVITA SEMBIWING,1614,1,30740.0
EVITA SIAHAAN,1688,1,62000.0
EVITA SINAGA,1905,1,55000.0
EVITHA PETSEA TANDILOLO,1615,1,34450.0
"EVNIKE DENDY,",2133,1,65000.0
EVY LADDY PANJAITAN,1335,1,25000.0
EVY SUSANTI,824,1,47000.0
EVY SUSANTI INV/20230701/MPL/3321692512,550,1,57300.0
EVY SUSANTI INV/20230701/MPL/3321692514,550,1,12500.0
EVY SUSANTI INV/20230705/MPL/3329449222,545,1,96075.0
EVY TRIANA,861,2,183708.0
EVYTRIANA73 230607RPE65Y83,551,1,43065.0
EXNATIUS PURWA NANTA,2568,2,99000.0
EXSA SASMITA MALAN,1614,1,34450.0
EXZEL JUNIANTO MARAMPA,950,5,225036.0
EZEKIEL,1383,1,108900.0
EZEKIEL BENAIAH,2499,1,54000.0
EZRA JOICE NATALIE/ PADANG,467,1,52500.0
EZRA RIANTO,1386,1,63000.0
EZRA SIDABUTAR (I. RICO),1272,1,148170.0
EZRA SOLAFIDE,1109,3,871250.0
EZRA SOLAFIDE INV/20231018/MPL/3515882949,441,1,59475.0
"EZRA SOLAFIDE,",1448,1,68000.0
EZRA WAHYU SETYAWAN,1221,1,82875.0
EZRA WIRABUMI,857,2,96290.0
"EZRA WIRABUMI,",1772,2,62000.0
"EZRA,",1510,1,40000.0
EZRA.,1269,1,63050.0
EZRON ABETNEGO SUSANTO,1661,2,150000.0
EZRON SUSANTO,216,1,55000.0
EZRON SUSANTO/GPPS,324,2,65000.0
FABIO INV/20230113/MPL/2974173686,719,1,118950.0
FABIOLA AMANDA,1889,1,60000.0
FADILANDHITA SARAGIH,1615,1,31800.0
"FADILLA AMALIA,",2003,1,50000.0
FADLY JOEL,1571,1,105000.0
FADLY WAMENA,89,1,313600.0
FAIRYBELLE COLLECTION,808,3,164000.0
FAJAR APRIL RIYANTO,1368,1,60000.0
FAJAR DANI,2540,1,54000.0
"FAJAR HOTMAN MANULLANG,",2025,1,58000.0
FAJAR RIYANTO,1283,1,68000.0
"FAJAR,",1448,1,35000.0
FALEN,1209,1,58500.0
FALEN SETIAWI,908,2,158631.0
FALENSYA KELIWULAN,2450,1,54000.0
FALENTINE,673,1,66990.0
FAMATI WARUWU,1181,1,63375.0
FANDI CHRISTIAN HARLI,1965,1,68000.0
FANDO,546,1,0.0
FANDY KURNIAWAN,2460,2,90800.0
FANG FANG,896,1,116640.0
FANLY TOMBOKAN,1101,3,128125.0
"FANLY TOMBOKAN,",1034,1,36250.0
FANNI,982,22,1554400.0
FANNI SIAWANDA,149,1,55000.0
FANNIE,1471,1,43080.0
FANNY,853,3,117821.0
FANNY BELLA,1983,1,70000.0
FANNY FIMANDJAJA,794,1,62075.0
FANNY GLORIA,496,1,65000.0
FANNY KUDUS,912,1,928800.0
FANNY SEPTIANA MURDIPURA,1510,1,40000.0
FANNY SUTIONO,1602,1,51480.0
"FANNY,",2247,2,110000.0
"FANNY, WA",1318,1,88000.0
FANNY.,1255,1,27637.0
FANNY..,1102,2,73925.0
FANTRI,1301,2,135000.0
FANY,1614,1,34450.0
FANY HANNA HUTAGALUNG,1764,3,227000.0
FANY MARSYA - ACCOUNTING,1313,1,56550.0
FANY TJANDRA,2599,1,26000.0
FARAH FADILLAH,1615,1,29680.0
FARIDA ANDUNARA,2133,1,60000.0
FARIDA FRANSISCA SIHOTANG,1624,1,0.0
FARIDA.WIJAYANTI,1336,1,82582.0
FARLY RONDONUWU,1913,1,55000.0
FARREL INV/20230323/MPL/3128144834,649,1,59475.0
FARREL SIBARANI INV/20231018/MPL/3515979887,441,1,59475.0
FARRELL ABRAHAM TANGKULUNG,2501,2,95000.0
FARRELLIUS TRIAN K,808,1,52460.0
FARYDA KOLY,934,2,119745.0
FASKA SITORUS,673,1,25839.0
FATIELI DAELI,271,1,50000.0
FATIMAH,1783,1,58000.0
FATIMAH NASIR,705,1,45000.0
FATIMAH NASIR.,239,1,55000.0
"FAUSTINA JANE SIRIN,",1615,3,191040.0
FAYE BISASU,1966,1,61200.0
FDIADARACINTA 230614CE5YP0M8,551,1,468930.0
FEBBY LAURENCHYA,2417,1,64800.0
FEBBY SHOPEE,915,1,108864.0
FEBBY TOGATOROP,1672,1,20000.0
FEBBY YESITA,701,1,62205.0
"FEBBY,",983,1,97000.0
FEBE AMELIA HARYANTO,2914,1,54000.0
FEBE ANGELIA,1486,3,363000.0
FEBE GRACEWITHA TAMPUBOLON,1801,1,25000.0
FEBE KTB,551,2,100000.0
FEBE MARCELLA,546,1,65000.0
FEBE TJENDIAWAN,1273,1,85360.0
FEBE TPS,5,6,292500.0
"FEBE,",816,2,70820.0
FEBI ARITONANG,2501,1,196000.0
FEBI SITANAYA,1538,1,71280.0
FEBI SITANAYA.,1034,1,73125.0
FEBIOLA,1511,3,227000.0
FEBIYANTI ELISABET,1614,1,34450.0
FEBRI,1255,1,24617.0
FEBRI ARO GEA,1751,1,27000.0
FEBRI KRISTIANA,930,1,65000.0
FEBRI YANTI SINAGA,2463,1,54000.0
FEBRIANA MA TANG,1178,2,211575.0
FEBRIANA MATANG,1146,1,47386.0
FEBRIANI CLARA SURYA,1898,1,50000.0
FEBRIANNA FRIDA,1174,1,73125.0
FEBRIANTY YUSRI LESTARI,1313,1,142350.0
FEBRIKA LENORA,1614,3,129850.0
FEBRINA JULIANTI SITANGGANG,1114,2,355937.0
FEBRINA N.M_PETERNAKAN,1193,1,63375.0
FEBRINA RURI ANANDA,539,6,272100.0
FEBRINA RURI ANANDA PERKANTAS BALI,139,3,123500.0
FEBRINA THERESIA SIRAIT,2673,1,48000.0
FEBRISSA INV/20230820/MPL/3412518539,498,1,75945.0
FEBRIYANTI,1342,1,66300.0
FEBRIYANTI SINAGA,1681,1,49500.0
FEBRIYANTI WAHYUNI LAHEPING,953,1,50544.0
FEBRY GIRSANG,747,1,100000.0
"FEBRYAN TENTUA,",2441,1,60000.0
FEBY INV/20231017/MPL/3514844059,442,1,59475.0
FEBY KRISTIANTI,1088,2,105300.0
"FEDERICA PS,",2211,1,48750.0
FEDERIKA MULYANDARI,930,1,65000.0
FEDORA ELVINA,921,2,117694.0
FEDRICO CHRISNANDA,915,1,63180.0
FEFE,1510,1,40000.0
FEIBE SETIADI,1058,1,50440.0
FEILANY,952,2,104244.0
FEL MELISA (SYAM KIDHAN/SIFA (+6285349112222),687,1,65000.0
FELI,2632,2,93400.0
"FELIA,",1141,1,63375.0
FELICE INV/20230314/MPL/3109735500,659,1,57300.0
FELICIA,979,8,415200.0
FELICIA AGATHA,1570,1,30000.0
"FELICIA BUNTORO,",2155,1,60000.0
FELICIA CHRISTIE,2147,3,210750.0
FELICIA ELLEN,1771,1,65000.0
FELICIA FELICIA,2599,3,157500.0
FELICIA GRACE YOLANDA,1551,1,52000.0
FELICIA GUNAWAN INV/20231017/MPL/3514928508,441,1,59475.0
FELICIA INDRIANI,1063,1,45500.0
FELICIA JULIANI,1591,1,79200.0
FELICIA N,231,4,0.0
FELICIA NIKOLAUS,1057,1,63375.0
"FELICIA,",1383,2,174305.0
"FELICIA,,",1317,1,117000.0
FELICIA.,1221,1,29250.0
FELICIA..,983,1,77600.0
FELICIANA,1218,1,50440.0
FELIKS VP SAMOSIR INV/20230710/MPL/3338025290,540,1,96075.0
FELINA WIDYASARI LEWIER,1024,1,58300.0
FELINE MONICA,1579,1,21000.0
FELIRIUS WARUWU,1074,1,43875.0
FELIRIUSWARUWU 230606P222A7K3,551,2,0.0
FELIRIUSWARUWU 230606P25MS6QM,551,1,33495.0
FELISHA GUNAWAN,864,1,52143.0
FELITA,1058,1,40740.0
FELITA BOAS,1486,2,132320.0
FELITA GUNAWAN,824,1,61960.0
FELITA STANLIE,1222,1,73845.0
FELIX KANTIO HARDHY SAPUTRA,2401,1,34200.0
FELIX LUALDI,1510,2,80000.0
FELIX NATALANDO,1193,1,63375.0
FELIX PYNUSTAN,2547,1,75500.0
"FELIX,,",538,1,108000.0
FELIX.,1539,1,64350.0
FELLICIA AMANDA INV/20230211/MPL/3040391856,688,1,91500.0
FELLICIA VANNY,1240,1,67900.0
FELLONY PRISTA,1959,1,68000.0
FELLY,2610,1,54000.0
FELYA HENDRAWIJAYA,1005,1,98500.0
FEMMY ALLOUW,928,5,1233030.0
FEMMY ALLOUW INV/20230929/MPL/3482265176,460,1,257770.0
FEMMY ALLOUW INV/20230929/MPL/3482267948,460,1,260775.0
FEMMY ALLOUW INV/20231020/MPL/3519760735,439,1,248300.0
FEMMY DWAA,2256,1,60000.0
FENDI CHARLES MAIL,1050,1,26325.0
FENDY.,987,1,96200.0
"FENI YOHANA GARINGGING,",2021,1,18000.0
FENIELI,824,1,66096.0
FENIELI GULO,1221,1,29970.0
FENNY,1510,5,405500.0
FENNY BUDIARTO,1285,1,52477.0
FENNY DIANA,1615,1,24300.0
FENNY OCTAFIANY SIMAMORA,1814,1,27000.0
"FENNY,",2049,1,65000.0
"FENNY,.",1087,1,116400.0
FENNY.,1221,1,29850.0
FENTI EKA MARIS,2617,2,180000.0
FENTY IBU,930,1,65000.0
FENY,1435,1,30000.0
FENY SUTJIATI TJIPTO,2758,2,108000.0
FERA,2665,1,24000.0
FERA (PERPUSTAKAAN SMA LENTERA HARAPAN TORAJA),1920,1,60000.0
FERA ANASTASIA LUNGKANG,1062,1,24375.0
"FERA,",1037,1,26190.0
"FERA,,",1845,1,91200.0
FERA.,766,1,81648.0
FERATINA,2133,2,108000.0
FERAWATI MANULLANG (U.P ZEMIRA BE MUNTE),2141,1,63000.0
FERAWATI SIHOMBING,921,1,47628.0
FERDI DADO,1510,1,40000.0
FERDI MULJADI,1234,1,116400.0
FERDI TODING BUNGA,924,1,1470000.0
FERDIANTO (APHIN),1471,1,49896.0
FERDIECA DESTARINO,2218,1,39000.0
FERDINAN,1087,1,73125.0
FERDINAN TAMPUBOLON,732,1,63180.0
FERDINAND .D,2436,1,48000.0
FERDINAND DWI SAPUTRO,1192,1,58500.0
FERDINAND LUMBANRAJA,2434,1,63000.0
FERDINAND.,857,1,53071.0
FERDINANS,1184,1,48750.0
FERDIYANTO BULU,925,1,130000.0
FERDY,2056,5,319000.0
"FERDY ,",2282,1,60000.0
FERDY FEBRYAN,1678,2,93000.0
FERDY FEBRYAN SUSILO,1615,1,27000.0
FERDY RINUS H,1222,1,29970.0
"FEREN CARENINA,",1778,1,55900.0
FERGI,2274,4,174600.0
FERGI SUSETIYO BUDI,853,6,191010.0
FERGI SUSETIYO BUDI (EGIK),1389,1,49000.0
FERGI SUSETIYO BUDI INV/20230409/MPL/3167031998,632,1,95500.0
FERGINA,1510,1,40000.0
FERI INV/20240101/MPL/3656158197,365,1,16000.0
FERI PONG ANDI,1087,1,20000.0
FERI YANUAR/AGNES LISA,926,1,91000.0
FERINA,1615,1,31800.0
FERINA PASARIBU,1163,1,20475.0
FERIS,2606,1,15000.0
FERIYANTO,1221,1,58500.0
FERIYANTO MANDILA PALLEA,2130,3,183000.0
FERIYANTO PALLEA,1661,2,134000.0
FERIYNTO MANDILA PALLEA,885,2,118340.0
FERNANDES,1441,2,2520000.0
FERNANDO CHRISTIAN,1853,1,58000.0
FERNANDO GESTOR,925,1,65000.0
FERNANDO ISMALIO LUWINDA,1941,3,160200.0
FERNANDO SIHOTANG,1571,2,135000.0
FERNI,1575,1,59700.0
FERNITA MANALU,1545,2,616000.0
FERONIKA MARPAUNG,1157,1,63375.0
FERONIKA SIHITE,1486,1,64350.0
FERRA,727,1,150000.0
FERRI A,2254,1,60000.0
FERRI AGUSTIAN SUKARNO,632,1,100000.0
FERRICIANO BUNTULOBO,1912,1,50400.0
FERRY ..,1377,1,106150.0
FERRY AGUSTA,1283,3,155990.0
FERRY ARIZANDY TARIGAN,1429,1,64350.0
FERRY AYU WARDANI,2577,1,35900.0
FERRY LEMBONG,896,1,50000.0
FERRY RUSTANDI,1251,1,0.0
FERRY SATRIO,1571,2,170000.0
FERRY SETIAWAN,1105,1,48500.0
FERRY/MEITA,984,1,77760.0
"FERTY YOLANDA SIREGAR,",2004,1,60000.0
FEYBE,983,1,77600.0
FHELYA,1149,2,51675.0
FHELYA VALENTIA,980,1,27000.0
FHELYA VALENTIA & IBU TRIATUN,1017,1,25000.0
FHELYA VALENTIA .S,910,1,62000.0
FHELYA VALENTIA.,453,1,60000.0
FHELYA.,184,2,50000.0
FIANTY ROSSANA GOSAL,853,1,60000.0
FIDE EDNO,2176,2,888000.0
FIDE EDNO INV/20230211/MPL/3041166389,688,1,64050.0
FIDEK9898 230604GA1YW7KP,551,1,62205.0
FIDEL,450,3,205000.0
FIELLY BUDIMAN,815,6,358128.0
FIENNY LANGI,824,1,44570.0
FIFI,1688,7,403500.0
FIFI (GKR GEDONG),2151,1,6221600.0
FIFI / TMB,1615,1,42400.0
FIFI PRADYTIA,1109,2,169750.0
FIFI WIJAYA,413,1,75000.0
FIFI.,1313,1,85800.0
FIFI..,1041,1,47531.0
FIFIE HIDAYAT,984,1,97200.0
FIFO0914,1384,1,108900.0
FILEMON HARIONO,2619,1,54000.0
FILIA ALTHEA,1321,1,67550.0
FILIA ALTHEA INV/20230705/MPL/3328784636,546,1,77775.0
FILIA ALTHEA INV/20230814/MPL/3401999603,505,1,50325.0
FILIA ALTHEA INV/20231110/MPL/3557709082,418,1,77775.0
FILIA PAAT,1707,1,60000.0
FILIENIKE FELICIE SUYONO,1192,1,87085.0
FILIPO DAVID TAMARA,907,1,97000.0
FILIPUS ZEBUA,813,1,54000.0
FILLIA,364,1,195000.0
FILLIA.,176,1,195000.0
FILLY,138,1,88000.0
FINILON (WILDA),831,1,0.0
FINKA KARUNIA,860,1,51674.0
FINSEN DEVISTON,1088,1,48750.0
FIONA THEODORA,853,4,133395.0
"FIONA,",1615,1,31800.0
FIONNA SOEKAMTO,1074,1,63375.0
"FIRDAUS DANIELLE,",1941,1,21000.0
FIRDAUZI TFUAKANI,932,1,624000.0
FIRDIANA NOVELLASARI,1174,1,24375.0
FIRDU,1849,1,60000.0
FIRMAN BUNOWO,983,1,77600.0
FIRMAN HAPENDI,887,1,49660.0
FIRMAN TELKOM,124,7,399600.0
FIRMAN/ARDIYONO/TAMPI,1303,1,60000.0
FIRMANTO ANDREAS,2799,1,22500.0
FIRMAZ HANS,1242,1,63050.0
FIRNADI,824,2,108519.0
FIRSTKA,1703,2,110000.0
FIRSTMAN TAMBUNAN,1345,1,37050.0
FISCA,1368,1,60000.0
FISCA MARGARETHA,1283,1,23086.0
FISNU YUDHA PRAMONO,1787,1,25000.0
FITRI,829,1,25785.0
FITRI AGNESIA,1029,2,83320.0
FITRI LIN,1571,2,105000.0
FITRI MANURUNG,33,4,293820.0
FITRI MANURUNG (RHT),188,5,162900.0
FITRI NABABAN,964,2,85360.0
FITRI YULIANA,1524,1,58000.0
FITRIANA ALWIYAH,1615,1,31800.0
FITRIANA SIANIPAR,1538,1,64350.0
"FITRIANI GELLA,",2003,3,169000.0
FITRIANY BANGUN,2092,1,60000.0
FITRY CHANDRA MULYANI ULY,1883,1,65000.0
"FIZLY,",2169,1,60000.0
FLOID,1661,1,57420.0
FLORA,2753,1,144000.0
FLORA.,1506,2,154350.0
FLORENCE EDWINA SINAY,2091,1,60000.0
FLORENCE EVANGELIN RUMTEH,1551,1,52000.0
FLORENCE KRISTANTI SIAHAAN,1519,3,250990.0
FLORENCE NIGHTINGLE,2303,1,58000.0
FLORENCIA CORNELIA,1748,1,35000.0
"FLORENSA MANUPUTTY,",2140,1,129000.0
FLORIANA SARAGIH ( MAK IYUT ),829,1,194400.0
FLORIDA,1313,1,68250.0
"FLOWER REMBET,",2211,2,105000.0
FOERAERA WARUWU,655,1,25839.0
FONI JANUWATI,1510,2,104350.0
FONNYKURNIATI 230429DG4DW7US,612,1,602910.0
"FONY SANJAYA,",1615,1,31800.0
FORMAN NOVRINDO SIDJABAT,2484,4,284000.0
FR. ENCHIK ALDION,1170,1,58000.0
FRANCESCO,1510,1,40000.0
FRANCIS ROHO,533,7,1035770.0
FRANCKLYN PINONTOAN,1320,1,56550.0
FRANDO ALVA PATTY,1320,1,56550.0
FRANDY BRIAN KIPPUW,1412,2,426400.0
FRANGKY HUTAURUK,1664,1,62000.0
FRANK,2732,1,30000.0
FRANKLIN NOYA,2311,2,102000.0
FRANKLIN SILAWA,2542,1,52200.0
"FRANKLIN SILAWA,",1952,1,60000.0
FRANKY,1616,1,43350.0
FRANKY ANDREAN,2136,1,60000.0
FRANKY H.G,1551,1,52000.0
FRANKY KUNCORO,860,1,74490.0
FRANKY ROMPAS,1202,1,63050.0
FRANKY SALIM,2458,1,22500.0
FRANKY TAMBUH INV/20230721/MPL/3356726539,530,1,42975.0
FRANKY.,1222,1,30050.0
FRANS BARINGIN,794,1,57300.0
"FRANS DANIEL MANACHAN,",2207,1,33750.0
FRANS JOSUA MANALU,1617,1,0.0
FRANS KABAN,1350,1,25000.0
FRANS KEVIN HUTASOIT INV/20230827/MPL/3424757070,492,1,59475.0
FRANS M,1877,1,63960.0
FRANS MANUEL,1794,2,118000.0
FRANS MANUEL (KANTOR HUKUM ROBIN SULAIMAN AND PARTNERS),1552,1,68000.0
FRANS PANGERAN SITUMORANG,2212,2,120000.0
FRANS PASARIBU,1332,1,292500.0
FRANSISCA,2379,1,76500.0
FRANSISCA DEBORA,2122,1,60000.0
FRANSISCA RISWANDANI,436,38,4101700.0
FRANSISCA YULIANA,40,2,138000.0
"FRANSISCA,",887,2,119000.0
FRANSISKA,1160,1,24375.0
FRANSISKA ANGGRAINI,1195,1,63375.0
FRANSISKA INTANG RAMES,799,2,498700.0
FRANSISKA MAWARTI,1510,1,40000.0
FRANSISKA UTAMI HAREFA,1222,1,29850.0
"FRANSISKA,",1979,1,58000.0
FRANSISKA.,1031,1,85360.0
FRANSISKUS ASISI SUHARIYANTO,1621,1,264000.0
FRANSISKUS WILSON SAKTI BELAGU WAU,933,1,0.0
FREA,1015,1,67900.0
FRED KOIREWOA,1409,2,78000.0
FREDDY,1514,1,76200.0
FREDDY PUNGUS,1615,1,29680.0
"FREDDY SULAIMAN,.",2024,1,80000.0
FREDDY WALLA,1903,3,580500.0
"FREDDY.,",1050,1,63375.0
FREDERICA SARAGIH,1542,1,64350.0
FREDERICK MARVEL,1616,1,30600.0
FREDRICK LUMBAN TOBING,1313,7,427775.0
FREDRICK TOBING,1507,1,49500.0
FREDRICO SITORUS,1510,1,40000.0
FREDS WALANGARE / SRI MEI HANDAYANI,2099,1,90000.0
FREDY,887,6,339250.0
FREKI MARWAN,1414,1,50000.0
FRELI,2772,2,41700.0
FRENDY MIKTAM,920,1,48132.0
FRENGKI MANULLANG,928,2,116090.0
FRENGKIMANULLANG,1043,5,241619.0
FRENGKY NELSON,952,1,50544.0
"FRENKI,",2079,2,112000.0
FRENKY,1058,6,665315.0
FRENKY (WARKOP ALIONG),1074,3,147915.0
FRENKY VEN INV/20231017/MPL/3515120788,441,1,59201.0
FRENKY WONGSO,1055,1,58200.0
FRENZO MONKALES,1434,1,65000.0
FRESKA KRISTIANA,1538,1,71280.0
FRETLESS FELIX,2225,2,69100.0
FRETS KERIAPY,1673,1,0.0
FREYA KATHLEEN,1510,1,40000.0
FRIDA,1906,3,166900.0
FRIDA OKTAVIA,1003,3,133080.0
FRIDA OKTAVIA (CR),447,1,32500.0
FRIDA OKTAVIA 2,355,5,186180.0
FRIDA SIANTURI,1085,2,117125.0
"FRIDA SIANTURI,,",1043,1,95062.0
"FRIDA.,",1062,1,45500.0
FRIDA/DANIEL,1616,2,66100.0
"FRIDASTYA ANDINI P,",1847,1,45600.0
FRIDASTYA INV/20231226/MPL/3645362927,372,1,178425.0
FRIENDSENPURBA 230616HM22KQ7S,551,1,20097.0
FRIISCA,984,1,36936.0
FRINOPTI,1470,1,59400.0
FRINSISKA JELINDA SAHADULA,2543,2,173000.0
"FRISCA FEBILIA,",2053,1,114000.0
FRISCA LAMPITA,1615,1,43460.0
FRISCHA MUNTHE,2312,1,65000.0
FRISDON WARASI LUMBAN NAHOR,1615,1,32860.0
"FRISKA ADVENTILA HAWINE,",925,1,63180.0
FRISKA NADEAK,1457,1,26730.0
FRISKA PONTORIA,1000,3,155828.0
FRISKA RENI YANTY SIANIPAR,2371,1,54000.0
FRISKA SIANIPAR,1313,1,56550.0
FRISKA SIANTURI,1059,1,45500.0
FRISKA SINAMBELA,996,1,24375.0
FRISKA SITANGGANG,1604,2,90000.0
FRISKA TAMPUBOLON,1615,2,99450.0
FRISKA ULI JUNITA,919,1,65000.0
FRISKA YUNITA LUMBANTOBING,1762,1,60000.0
"FRISKA,",2133,3,175000.0
FRISKA.,1075,1,87300.0
FRISKACIA #230515R11R1DWJ,582,1,86130.0
FRISKILIA INV/20231018/MPL/3516583023,440,1,68625.0
FRISKILIA INV/20231101/MPL/3540178287,427,2,-50325.0
FRISTIANTY,243,1,52000.0
FRITZ (VONNY),1192,3,134000.0
FRIZINTIA,2308,1,54000.0
FRONDY,861,1,51045.0
FRONDY.,683,1,62205.0
"FRYSKA SIMAMORA,",2410,1,60000.0
FUCHYANTO LIM,2158,1,50000.0
"FUDIANTO,",2270,1,60000.0
FUNNY CHANDRA,983,1,155200.0
GABE SULTAN,1285,1,43757.0
GABE SULTAN GILBERT NAPITUPULU,2247,1,54000.0
GABITY,1104,1,63375.0
GABRIEL,1603,1,60000.0
GABRIEL FIORENTINO SETIADIN,2288,2,178000.0
GABRIEL GILANG - MASTA 2020,983,2,145500.0
GABRIEL MIRSA WICAKSONO,1153,6,333340.0
GABRIEL PHILEMON,795,3,256872.0
GABRIEL RIZAL HUTASOIT (TITIPAN BUKU UTK BU DIAN),632,1,704000.0
GABRIEL YOBERT RAJO,1049,1,63375.0
GABRIELA,2458,2,84000.0
GABRIELA ADRIANI,1730,1,100000.0
GABRIELA CINTHYA DONA,1855,1,65000.0
GABRIELA MAHODIM,1320,1,56550.0
GABRIELA PRATOMO,1470,1,74250.0
GABRIELLA,1313,1,68250.0
GABRIELLA BAWUNO,1192,1,63375.0
"GABRIELLA CAHYA,",2183,1,60000.0
GABRIELLA KALUMATA,1307,1,27300.0
GABRIELLA LOSA,1193,1,63375.0
GABRIELLA LUKERTINA,1190,1,63375.0
GABRIELLA M.U,955,1,58320.0
GABRIELLA NATALIE,1539,1,44550.0
GABRIELLA PANYUWA-UDAYANA,1197,1,65000.0
GABRIELLA SAMOSIR,2515,1,49500.0
GABRIELLA SETIADY,1313,1,56550.0
GABRIELLA TRIVIA,1544,1,65000.0
GABRIELLA.,1221,1,45002.0
GABRIELLIA JASMINE,984,1,77760.0
GABRIELM.W.732001 (SHOPEE),640,1,52635.0
GABRILA PINATIK,145,1,54000.0
GABRILIA,1615,1,68900.0
GABY,1538,2,65250.0
GABY BERNADETTE,2697,1,54000.0
GABY BOHAM,1088,2,151125.0
GABY DIAN,1283,1,59752.0
GABY GLEARY LYANTI PANJAITAN,1539,1,64350.0
GABY INV/20230701/MPL/3321974986,550,1,44000.0
GABY MALANG,2008,1,22500.0
"GABY,",732,1,63180.0
GABY.,1285,1,60060.0
GABY..,561,1,70000.0
GADING SUMMA BAN (RIANA),908,1,60264.0
GALAXY PROPERTI,1031,1,63050.0
GALIH AULIA,1321,1,67550.0
GALIH AULIA N,1671,1,0.0
"GALIH NUGRAHA, B. PHARM",1146,1,107250.0
GALIH PRAMUDITYA,1951,1,28000.0
GALINASARI,1255,1,63375.0
GALUH,983,1,26190.0
GALUH PUSPA GITA,1500,1,64350.0
GAMALIEL BANGKIT SETIAJI,2655,1,54000.0
GAMALIEL NIKODEMUS BUIFENA. SP,1146,1,120000.0
GAMALIEL PASARIBU,1510,1,40000.0
GAN SHU SAN,1510,2,80000.0
GANDA DOLOKSARIBU,984,1,77760.0
"GANDA,",1058,2,108375.0
GANDA.P.DOLOKSARIBU,968,1,20000.0
"GANTO,",1615,2,42000.0
GARDEEN,1310,2,157350.0
GARDINI EVE,829,5,474440.0
GARIN PERMANA INV/20231028/MPL/3534049750,429,1,59475.0
GATOT GUNARSO,1615,1,34450.0
GATOT SUBIJANTO,780,1,22648.0
"GATOT SUBIJANTO,",597,2,110400.0
GATOTSUBIJANTO 230502M62D87YV,611,1,86130.0
GATOTSUBIJANTO 230502MHM5F152,611,1,47850.0
GATUWARI,984,1,77760.0
GAV,1222,1,30010.0
GAVRA/BIDAN ELIS,1615,1,29680.0
GAVRIEL KENT SUTADI (2018),1043,1,47531.0
GAVRIEL KENT SUTADI (MASTA 2018),1109,1,72750.0
GAWAT GINANJAR,1615,1,30740.0
GAYU,1146,2,126055.0
GAYUSTAR KURNIAWAN ANDRIYAS,1668,1,68000.0
GBI GIBEON,30,23,222258600.0
GBI GIBEON (UP:BP. HARIYADI),1932,2,9254000.0
GBI GRAHA FAMILI,71,3,3976000.0
GBI KRISTUS PENCIPTA (UP: BAYU),2255,1,1260000.0
GBI ROCK MARGOREJO (DANIEL HANDY),1875,1,9856000.0
GBI ROCK SBY (UP:STEVEN),1976,1,6468000.0
"GBS KOSMETIK,",2023,1,18000.0
GEBY NAPITUPULU (STAFF PURCHASING),1692,1,60000.0
GEBY TERESIA,1532,1,64350.0
GEDALYA G MALIK,795,1,44500.0
GEDY,2135,1,226800.0
GEGET ELITE,859,3,213200.0
GEGET ELITE.,322,2,135000.0
GELENMARPAUNG 230608U3HB3R4C,551,1,23800.0
GENEVIENE N. D. BIRING,1162,1,63050.0
GENIA OKTRI,732,1,24300.0
GEO FRAYANUS,316,1,65000.0
GEORGE,1193,1,63375.0
GEORGE ALEXANDER,1510,1,40000.0
GEORGE HADI SANTOSO INV/20231107/MPL/3552155715,415,1,27450.0
GEORGE HUTAURUK,862,1,63180.0
GEORGE IKO,1847,1,49400.0
GEORGE PABLO ADRIEL,1193,1,63375.0
GEOVANI / JOVANDA,1470,1,49200.0
GERALD,927,1,27216.0
GERALD BWI,706,4,189700.0
GERALD TPS,1862,18,649700.0
GERALD.,858,1,61753.0
GERALDI KARLITOS,435,1,195000.0
GERALDI RYAN WIBINATA,1390,2,103255.0
GERALDO OKTAVIAN,1646,6,305800.0
GERALDOALVIN_TEKNIKUDAYANA,1193,2,121875.0
GERALDYNE MOOY,1003,6,277725.0
GERALDYNE MOOY.,824,1,49000.0
GERARDINE EUNIKE,2410,1,50000.0
GERARDINE PATRICIA,861,2,85883.0
GERAWATI KRISMONIKA,1614,2,78440.0
GERD,911,1,63180.0
GEREJA BETHANY FATHERS HOUSE,1797,1,840000.0
GEREJA C3 THE BUKIT,673,1,780000.0
GEREJA GKY GREEN VILLE KOLPORTASE,2569,1,180000.0
GEREJA KRISTEN JAKARTA JEMAAT KARTINI,1259,1,4900000.0
GEREJA KRISTEN KALIMANTAN BARAT (GKKB) (UP: SIAT LI),1610,1,588000.0
GEREJA KRISTEN TRITUNGGAL (UP:TUNGGONO),2175,2,7920000.0
GEREJA KRISTUS YESUS (GKY) JEMAAT BSD,2255,3,2691000.0
GEREJA KRISTUS YESUS JEMAAT PALEMBANG (UP: EV. SOMAH),1896,4,6977600.0
GEREJA STADION (BUDY HARYANTO),421,2,386000.0
GEREJA STADION SEMARANG (UP. BP. RONALD),71,1,150000.0
GEREJA TORAJA TANGERANG (UP: IWAN DANNARI/PATRIK),2772,2,282500.0
GERRAULLY SIMANJUNTAK,1231,1,58200.0
GERRIT ROTTI,1510,1,40000.0
GERRY,1510,1,40000.0
"GERRY SEBASTIAN,",2206,2,85500.0
GERRY SELVANO,2242,2,138000.0
GERRY TARIGAN,1988,1,54000.0
"GERRY TARIGAN,",2375,1,60000.0
GERRY YAHYA,1101,1,73125.0
GERSON LIM,853,1,58320.0
GERY,977,1,63050.0
GERY FEBRIAN,1510,1,40000.0
GERY MICHEL SATUNGU INV/20230309/MPL/3099462693,664,1,65880.0
GESANG NATA LATU KANDAU,1045,1,63050.0
GETSEMANEVIA (PERKANTAS SOLO),562,1,70000.0
GETSEMANI,1511,1,32500.0
GEVANIA PUJIANTO,725,2,111675.0
GHEA DOTULONG,766,1,63180.0
GHIRZA KUSUMA GALIH PRIMANDA,906,2,158631.0
GHIRZA KUSUMA GALIH PRIMANDA INV/20230122/MPL/2993660929,709,1,59475.0
GHIRZA KUSUMA GALIH PRIMANDA.,859,1,57300.0
"GHIRZA KUSUMA GALIH PRIMANDA.,",1051,1,68500.0
GI FIONA THEODORA,2218,5,2114000.0
GI IWAN,2617,3,414400.0
GI YOHANA E. TAMBUNAN,2290,1,40900.0
GI. BENONI OTNIEL,939,6,580400.0
GI. IVAN SIMEON HALIM,857,3,274920.0
GI. LAUMI (GKY JEMAAT PLUIT),1904,1,10560000.0
GI. MARTIN KURNIAWAN,2366,2,1782000.0
"GI. NICANDER,",1274,1,24749.0
GI. NINA UMBOH,1845,3,922500.0
GI.DESY KAWATU,1094,1,756000.0
GIAN MELLYANO SIAHAIJA (PAPK),1023,1,24328.0
GIAN SAPUTRA,1031,1,78570.0
GIBRAEL,2826,1,45000.0
GIBRAEL JIREH,1979,1,56000.0
GIBSON HUTAGALUNG,2098,2,68000.0
GIDEON,2738,1,54000.0
GIDEON ABED NEGO,1253,1,42000.0
GIDEON ANG INV/20231019/MPL/3518003602,440,1,118950.0
GIDEON HARTONO,1320,1,56550.0
GIDEON LEVIN,2079,1,22500.0
GIDEON S (UNTUK MBAK RINA STAF SEMARANG),2156,1,30000.0
GIDEON SIHOTANG (UNTUK MBAK RINA STAF SEMARANG),625,1,45000.0
"GIDEON,",1109,1,72750.0
GIDEON.,1476,1,54450.0
GIDION PAJANGA,1571,1,65000.0
GIHON,1063,1,45500.0
GIHON SIMAMORA,1716,1,52200.0
GII HOK KIM TONG,2106,1,264000.0
GILBERT CHRISTIAN,1192,2,63375.0
GILBERT CHRISTIAN.,690,3,125385.0
"GILBERT ERIC KABA,",2098,2,130000.0
GILBERT KURNIAWAN CIT 2022 LT 8,908,1,52000.0
GILBERT LIBERTY TAMPI,559,1,70000.0
GILBERT S,832,1,60000.0
GILDA,766,1,63180.0
GILDA ATHALIA,1612,1,100000.0
GILLY,1109,2,109610.0
GILLY CEN,907,1,59210.0
GILLY CEN INV/20230701/MPL/3321806500,550,1,60000.0
GIMIN HUSIN,1221,1,29850.0
"GIMO ATMOJO, 6282227743334",2211,1,48750.0
GINA AGNESIA,2620,1,54000.0
GINA PRATIWI SIREGAR,1955,1,45000.0
GINA PRATIWI SIREGAR.,1272,1,63375.0
GINA RELIMBA,1209,1,50700.0
GINA TAMUSA,1043,2,281124.0
GINANJAR,2122,7,218400.0
GINANJAR.,673,2,121632.0
GINI WINDIASARI,2686,1,54000.0
GINI WINDIASARI INV/20230920/MPL/3466723698,469,1,137478.0
"GINI WINDIASARI,",1058,7,484125.0
GINS ROGELS SUMANTI,90,1,85000.0
GINTOEL,907,4,189962.0
GIOSHOP_ID 230802K3FUC7FT,496,1,47850.0
GIOVANI,2147,1,50050.0
GIOVANI ADELINE MEIJANTO,925,1,72750.0
GIOVANI NATASHA,1615,1,42400.0
GIOVANI PURBA,1206,2,151125.0
GIOVANI SARAI,2179,1,65000.0
GIOVANI.,857,1,63180.0
GIOVANNA VALENTINE INV/20230228/MPL/3079026311,672,1,45750.0
GIOVANNI,984,1,77760.0
GIOVANNI BILLY,1199,1,58200.0
GIOVANNI PAKPAHAN,864,1,52143.0
GIOVANNI PAKPAHAN INV/20230825/MPL/3420781455,495,1,45566.0
GIOVANNY,2338,1,54000.0
"GIOVANNY, BANTEN",1877,1,46800.0
GISELA INDIRA,642,1,62205.0
GISELA THEODORA,1899,2,120000.0
GITA CHRISTY BLIBLI,168,1,100000.0
GITA CHRISTY PITONO,2501,1,54000.0
GITA EMS,1249,1,48500.0
GITA ERYSHA,1877,1,50700.0
GITA FREDERICA,1510,2,138600.0
GITA OLIVIA,1255,1,24550.0
GITA RIA,1221,1,29850.0
GITA SIMAMORA,2031,1,50000.0
"GITA,",2211,1,48750.0
GITHA,939,2,0.0
GITO GRII,1343,2,162000.0
GITTA,983,1,77600.0
GIVEN CHRIS CARNADI,901,1,52000.0
GKA ELYON PREGBUND,762,2,1680000.0
GKA ELYON SATELIT,1934,1,1350000.0
GKA GLORIA,2871,1,32000.0
GKA GLORIA GALAXY,2296,2,5000000.0
GKA GLORIA NIRWANA,558,5,940000.0
GKA GLORIA PACAR,2913,1,80000.0
GKA GLORIA TB,2074,4,239900.0
GKA GRACIA,464,4,1360000.0
GKBJ DEPOK (UP. CIKIAN KHOU),2015,1,1584000.0
GKBJ KELAPA GADING,538,1,4725000.0
GKE PURUK CAHU,2248,1,42000.0
GKI DEPOK,219,2,1517400.0
GKI DEPOK (UP BPK. ACHMADI SIRINGORINGO),69,4,957600.0
GKI EMAUS SURABAYA (UP:YOHANES PRATAMA),2182,1,1584000.0
GKI GADING SERPONG,2535,7,445500.0
GKI KEBAYORAN BARU,2021,8,2792000.0
GKI KEBAYORANBARU WILAYAH XI/CELLGROUP/SIDHARTO,2471,2,202200.0
GKI PALU,2024,2,9240000.0
GKI PONDOK CANDRA UP KOMISI DEWASA,2813,2,2700000.0
GKI PREGBUND,2021,1,31500.0
GKI PREGBUND PJ BENOWO,2893,1,59400.0
GKI STADION (BUDY HARYANTO),814,3,914000.0
GKI STADION SEMARANG (UP. BP. RONALD),719,1,65000.0
GKIN TALITAKUMI,1892,3,721500.0
GKJ PURWODADI,2715,3,786000.0
GKKA INDONESIA JEMAAT BANJARMASIN,2651,1,30000.0
GKKA TENGGILIS,194,18,3173600.0
GKKB PONTIANAK (UP: TATA),181,5,1885500.0
GKKK KALQM KUDUS JYP UP PDT.EVI MUTIARA,2147,1,1701000.0
GKKK PADANG (EV. MARUNE),2031,1,3750000.0
GKKK SURAKARTA,310,1,98000.0
GKKK YOGYAKARTA (CP:SIEN ING),2011,2,7392000.0
GKMI KUDUS UP . IBU ENDANG,2696,2,1200000.0
GKPB FAJAR PENGHARAPAN BANDUNG,2640,1,2940000.0
GKPB MDC KUPANG (CEFRRY DJENAL),139,1,2625000.0
GKPB MDC SAMARINDA,1542,1,480000.0
GKPKR KUPANG (IMEL JACOB),310,1,544000.0
GKPKR LAUJE (BPK. RUSLI HASAN),310,1,272000.0
"GKPKR PALU, KEDAI 27 (BPK. VIKTOR SOAKALONE)",310,1,204000.0
GKT BUMI PERMAI,869,1,22400.0
GKT HOSANA BUMI PERMAI,2155,2,119500.0
GKY BSD (UP. ELVIS 0852 8488 1892),1309,2,200400.0
GKY BSD (UP: ANTON UTOMO/GI FERI IRAWAN),1163,2,11116800.0
GKY CIMONE,412,1,5200000.0
GKY CITRA UP. IBU LUCY,2758,2,4413500.0
GKY MAKASSAR (UP:LESTARIANI WARUWU),2268,1,5280000.0
GKY SUNTER A/N GI. FIFI WIJAYA,2051,2,68900.0
GKY SURABAYA,1807,1,378000.0
GLADIES,1321,1,64350.0
GLADIES MARIA,1615,1,34450.0
GLADY DELTALIA LANAPU,655,1,95700.0
GLADYS,2109,3,282000.0
GLADYS ASTONO,983,2,310400.0
GLADYS HARYANTO,2346,1,54000.0
GLEAM PRATAMA SIHOMBING,1470,1,59400.0
GLEINY YULIEN P,1115,1,160000.0
GLEINY YULIEN PICARIMA,1309,1,75000.0
"GLEINY YULIEN PICARIMA,",1031,1,80000.0
GLENDA INGRID EUKHARISTI,1371,1,76230.0
GLENN SIANIPAR,1822,1,50000.0
GLORIA,1658,1,65000.0
GLORIA BIWIN,1285,1,60760.0
GLORIA BORORING,725,1,65076.0
GLORIA BORORINGG,984,1,77760.0
GLORIA DAVITA,1022,5,818775.0
"GLORIA DAVITA,",1615,1,127200.0
GLORIA DEVINA ARIELLA,766,1,63180.0
GLORIA DISTRIBUTOR,9,134,107527000.0
GLORIA GISELA (JUAN IMANUEL),1102,1,97500.0
GLORIA IMMANUELA ENDHY,1510,1,40000.0
GLORIA MEGA,1154,1,53625.0
GLORIA MERDEKAWATI AMBASALU,853,1,41066.0
GLORIA NATALIA,1276,1,63469.0
GLORIA PAPENE,732,1,97200.0
GLORIA POTALANGI,205,1,60000.0
GLORIA PUTRI,2898,1,49500.0
"GLORIA VISELLA,",2274,1,50000.0
GLORIA WAGEY,766,6,333704.0
GLORIUS TALANGRASA,1689,1,60000.0
"GLORIUS TALANGRASA,",1510,1,40000.0
GLORIUS TONGAT,711,1,25839.0
GLORY,808,1,63180.0
GLORY EKASARI,1571,1,105000.0
GLORY OPTIK,1350,3,160110.0
GLORYA MAGDALENA,2828,1,20000.0
GMI GLORIA MEDAN (UP ERVIDA),758,1,3037500.0
GMI MUEN MEDAN (UP: IBU FEBI),2806,1,4225000.0
GMIM KRISTUS MANADO,159,2,4329000.0
GMIM KRISTUS MANADO (AKRIGLENN),105,2,1564500.0
GNG ONLINE SHOP,1320,1,78000.0
GO CHIN TJWAN,2521,2,99000.0
GO ENG CHUN,983,1,77600.0
GODELIVA IRENE RAWUNG,1088,2,112500.0
"GODELIVA IRENE RAWUNG,",742,1,100000.0
GODLIF CH. POEH,1571,1,105000.0
GODLIF CHRISTIAN POEH,2113,5,352800.0
GOENAWAN SETIADI,732,2,97570.0
GOENAWAN SETIADY,907,2,121285.0
GOKLAS HENDRA UKTOLSEJA,1197,1,63375.0
GOKMARIA NABABAN,1322,1,75000.0
GOLDO NAINGGOLAN,1058,1,45500.0
"GOLDWIN MANDALA,",2081,2,120000.0
"GOLIN TUSI,",1335,2,128375.0
GOMES,1924,4,131300.0
GOOGLE BOOK,96,21,53910480.58
GOSPEL LITERATURE INTERNATIONAL,2540,1,0.0
GOSPELINA LAKUSA,944,1,50544.0
GOVINDA BAYU AJI,184,2,24375.0
GOVINDA BAYU AJI INV/20230611/MPL/3285829752,562,1,64050.0
GPPS SEPANJANG (UP: IBU ANIES),2116,2,6714400.0
GRACE,1451,4,354800.0
GRACE .,1372,1,68310.0
GRACE A.,1021,1,67900.0
GRACE ADELINA,1202,1,63375.0
GRACE AMANDA,1192,1,64025.0
GRACE APRILLIA,1615,1,30740.0
GRACE AUDREY,1320,1,56550.0
GRACE C,2815,1,66000.0
GRACE CANA,253,2,43000.0
GRACE CANA.,673,1,62205.0
GRACE CLAUDIA INV/20230406/MPL/3160239695,632,1,64050.0
GRACE DESY M RUMIMPUNU,1178,1,63375.0
GRACE DORA,1279,1,63375.0
GRACE ELISA,1310,1,68250.0
GRACE ELISABETH,1538,1,71280.0
GRACE EMILIA,2631,1,180000.0
GRACE EMILIA INV/20231018/MPL/3515651861,441,1,59475.0
GRACE EMILIA.,1346,1,48250.0
GRACE FEBRIANA ARDIYANTO,1510,1,40000.0
GRACE FELINNA,1075,2,101850.0
GRACE FERNANDO,1724,1,58000.0
"GRACE GLORY,",2105,1,100000.0
GRACE JOGJA,1435,1,63000.0
"GRACE JULI CARLINA NABABAN,",2211,1,52500.0
GRACE KARTIKA,37,6,980000.0
GRACE KURNIATI,2221,1,110000.0
GRACE LILYANE,2308,1,54000.0
GRACE LOVE STORE,1222,1,29970.0
GRACE MARLYN,2620,1,54000.0
GRACE MARY,2154,5,2538500.0
GRACE MATULESSY,2350,1,85000.0
GRACE MONALISA,2435,1,20000.0
GRACE MUSTIKA,1902,1,65000.0
GRACE MUSTIKA SARI,1790,5,294500.0
GRACE NAOMI,1616,1,33150.0
GRACE NATALIA,1122,1,20475.0
"GRACE NATALIA OLIVIA,",1847,1,19000.0
GRACE PANGEMANAN,1896,5,317100.0
GRACE PRIMAYANTI,853,1,61236.0
GRACE PUTRI DJATMIKO,1510,1,40000.0
GRACE PUTRI INDAH SARI.,863,1,72900.0
GRACE REFANI,829,2,147415.0
GRACE S,310,1,70000.0
GRACE SIAHAAN,2487,1,54000.0
GRACE SIANTURI,1471,1,680000.0
GRACE SILAEN,1948,1,75000.0
GRACE SIMARMATA,1616,1,69396.0
GRACE SINAGA,1615,1,23850.0
GRACE SITEPU,2095,1,60000.0
GRACE TANDEAN,2382,1,46800.0
GRACE TIRZA AWOLA,1193,1,63375.0
GRACE TOBING,1614,2,54300.0
GRACE TOTTING,1671,1,55000.0
GRACE VINDA ARELLA BTH,1193,1,63375.0
GRACE WATTIMENA,2648,1,21600.0
GRACE WIRADI.,766,1,204120.0
GRACE ZEFANYA,1707,1,58000.0
"GRACE,",1300,1,48750.0
"GRACE,,",642,1,20097.0
GRACE.,1510,1,40000.0
"GRACE.,",1286,1,54600.0
"GRACE.,.",857,1,53071.0
GRACE..,778,1,19600.0
"GRACE...,",1088,1,43875.0
GRACEA ELYDA SARAFET.S,926,1,0.0
GRACECAELLA,1512,1,24750.0
GRACECIKA MARTHGARETH,1710,1,80000.0
GRACECILIA,1579,1,21000.0
GRACELLA SMAGA,1260,1,32500.0
GRACELLA_ESTER 230701TMYF85AF,522,1,31102.0
GRACEPUTRIINDAHSARI 230417BN6AQ9GN,612,1,25839.0
GRACEPUTRIINDAHSARI 2306126HKB2XUH,551,1,95700.0
GRACEREF 230701TK8ES8NU,522,1,46648.0
GRACESELA ZEBUA,1845,1,98800.0
GRACESIANA PAULINA,1084,1,117000.0
"GRACESIANA,",2210,1,48750.0
GRACIA,1122,2,130960.0
GRACIA ALUMNI,2605,3,194200.0
GRACIA AUDREY KAREN TIMBOEL,898,1,50544.0
GRACIA KARUNIA I.,915,1,42865.0
"GRACIA KELANA,",2478,1,58000.0
GRACIA M. S,1368,1,60000.0
"GRACIA PASARIBU,",2211,1,43500.0
GRACIA PRATIWI DK,927,1,63180.0
GRACIA RESIDENCE,1230,1,60000.0
GRACIA SUSANTI,732,2,143015.0
GRACIA UBAYA,2326,1,54000.0
GRACIA VECTORIA M,2042,1,52200.0
"GRACIA,",824,2,150300.0
GRACIA..,1222,1,29850.0
GRACIAMARY 230410RERC7REQ,612,1,52157.0
GRACIAMARY 230411TVNFW38C,612,1,42122.0
GRAICELLA PMK,83,1,32500.0
GRAMI (UP:KEZIA ENDHY),184,9,56563500.0
GRANT ANDRESS,2683,1,108000.0
GRANT NIXON,1488,1,225000.0
GRASELLA MINGKID,1877,1,19500.0
GRASIANA AURELLIA,1428,1,68000.0
GRATIA,1681,2,102600.0
GRATIA YOSUA,1155,4,401330.0
GREACEE ICHI,829,1,19100.0
GREATIANA EKINTA TARIGAN,1544,1,65000.0
GREENIA MELIADI,1510,1,40000.0
GREGORIAN J,316,1,0.0
GREGORIAN J.,1102,4,167275.0
GREGORIAN JERAHMEEL,1571,4,123550.0
"GREGORIAN JERAHMEEL ,",780,3,100606.0
"GREGORIAN JERAHMEEL,",1222,5,188280.0
GREGORIAN JERAHMEEL.,815,3,128027.2
GREGORIAN JERAMEL,1329,1,40000.0
GRESIANA,1615,1,42400.0
GRESSTY SITEPU,915,1,40824.0
GRETHA AGNESIA,2316,1,54000.0
GRETIA,1193,1,63375.0
GRII ANDIKA SURABAYA,2676,1,285600.0
GRIKA,1765,2,118000.0
GRISELLA,795,1,50544.0
GRISELLA GULTOM,2186,1,60000.0
GRYZELDA BRITNEY MARCELINE,1204,1,63375.0
GSJA AMBENGAN (IBU INDRIANTI),148,1,63000.0
GSJA PERISAI IMAN (UP:FERNANDO SITUMEANG),1557,1,210000.0
GULTOM,866,1,63180.0
GUMULYA DJUHARTO,1674,1,58000.0
GUNADI,2078,1,116000.0
"GUNADI,",1255,1,130020.0
GUNAIDI INV/20231218/MPL/3631679964,379,1,457500.0
GUNAWAN,2260,2,136500.0
GUNAWAN HARTONO,271,1,50000.0
GUNAWAN SETIADI,159,3,616000.0
GUNAWAN.,1602,1,65000.0
"GUNAWAN.,,,",1615,1,26500.0
GUNTUR,1654,3,120500.0
GUNTUR SILABAN,1254,1,63000.0
GUNTUR SIMBOLON,2113,1,52200.0
GURNING_SANTRI 230615F3CYRPM9,551,1,66990.0
GUSNARDI FERNANDUS GAGO,795,1,63180.0
GUSTAV G. HAREFA,1230,1,38800.0
GUSTAV G. HAREFA INV/20231021/MPL/3520808017,436,1,62075.0
GUSTAV HAREFA,642,3,251820.0
"GUSTI,",2443,1,60000.0
GUSTIANA,1946,1,58500.0
GUSTIANA.,1245,1,85360.0
GWEN,953,1,63180.0
GYTHA,983,1,97000.0
H MANULLANG,987,1,96200.0
H. MANURUNG,2435,1,72000.0
HABRIAN YUDHA,1519,2,193200.0
HACHETTE BOOK GROUP INC,2540,1,0.0
HADI,1616,1,30600.0
HADI (SHOPEE),1615,1,34450.0
HADI CHRISTIANTA INV/20231019/MPL/3517296125,440,1,59475.0
HADI LESMANA,1109,1,54562.0
HADI WIDODO,961,2,212840.0
HADI.,583,1,100000.0
HADY SONATAN DEDY INV/20231130/MPL/3594484451,398,1,24381.87
HADYAN TANWIKARA,1132,12,1015900.0
HAGAR,816,1,72900.0
HALDI ALWI PERANGIN ANGIN,1161,1,63375.0
HALIM.S,815,2,115350.0
HALLIE ANG / HELLI,2415,1,54000.0
HALMARITON SIMANJUNTAK,1510,1,40000.0
HAN INV/20231225/MPL/3643251067,372,1,75500.0
HAN LOIS HERLAMBANG,2514,1,50000.0
HANA - HTI,1469,1,59400.0
HANA FATMAWATY,1313,1,24375.0
"HANA FATMAWATY,",984,1,77760.0
HANA GRATIA,1285,1,45112.0
HANA HELVIANI TIKA,1177,1,409500.0
HANA KEZIA,1307,1,68250.0
HANA LASOR,1253,1,18606.25
HANA MAYLIDIA S.,2683,1,45000.0
"HANA PRATIWI,",2114,2,125000.0
HANA RORI,1510,1,40000.0
HANA RUTH BEATRIX,1539,1,64350.0
HANA SHELINA SEPTIANA,1493,1,64350.0
"HANA TARIDA TAMBA,",2211,1,45000.0
HANA. PRATIWI TEROK,1402,1,136620.0
HANAFI SETIAWAN,1147,2,116400.0
HANAFI SETIAWAN.,829,2,132840.0
HAND,851,1,57300.0
HANDANI HUTAPEA,1401,1,64350.0
HANDI IRAWAN,1699,1,40600.0
HANDOJO,1510,1,40000.0
HANDOKO,2512,2,116000.0
HANDOKO KOSASIH,1735,4,228000.0
HANDOKO NOERTJANDRANATA,1150,1,53350.0
HANDREW,1660,1,57420.0
HANDY,1973,1,56000.0
HANDY THUNARDI,1041,1,94574.0
"HANDY,",673,4,637500.0
HANGRI RIHI (ASTINA MARPAUNG),1313,1,175500.0
"HANI,",2211,2,80250.0
HANIA GRACIA INV/20230710/MPL/3336913651,541,1,62412.5
HANIEL,314,1,24300.0
HANLOIS1 230511DT30M54Y,611,1,114840.0
HANNA,1615,1,68900.0
HANNA ASSA,1313,2,146250.0
HANNA DAMAYANTI,427,1,70200.0
HANNA DHARMANTO,1221,1,146850.0
HANNA GRACE,1188,1,65000.0
HANNA MARGARETHA,2387,1,54000.0
HANNA ONGKOSOETRISNO,1885,4,385200.0
HANNA SEPRINA,915,2,130000.0
"HANNA,",983,1,77600.0
HANNAH,915,1,40824.0
HANNAH KENANGA EUNIKE,2220,1,45000.0
"HANNAH KENANGA EUNIKE,",2185,1,60000.0
HANNAH VICTORIA,2023,3,234500.0
HANNI JUWITA,1569,2,108000.0
"HANNY A,",1895,7,419400.0
HANNY DANI,1112,1,75000.0
HANNY DIYENI SALOH,1441,2,225000.0
HANNY JULIANY DANI,2732,1,54000.0
HANNY MIRANDA,1088,2,129675.0
HANNY PANGESTU,1615,1,29680.0
HANNY YAHYA,1092,1,65000.0
"HANNY,",983,1,63050.0
"HANNY,,",725,1,239250.0
HANRY WAROUW,2263,1,50000.0
HANS,2332,1,72000.0
HANS ANG,983,1,77600.0
HANS CHRISTIANTO ANDOKHO,2681,1,72000.0
HANS GENI,1616,1,32849.0
HANS INV/20231111/MPL/3559965080,415,1,71343.75
HANS SIMANJUNTAK,1206,1,63050.0
HANS STEFANO INV/20231009/MPL/3500014729,450,1,104310.0
HANS WIBISONO,1384,1,96500.0
"HANS,",1863,1,56000.0
HANSDIKA AGUSTINUS,2366,1,46800.0
HANSEL,1079,1,58200.0
HANSEL AUGUSTAN,674,1,50000.0
HANSEL VALENTINO ZALUCHU,732,1,194400.0
HANSEN,2290,1,94500.0
HANSEN RICHARDO,1510,1,40000.0
HANSEN RINALDO,1093,1,58200.0
HANSEN YOHANES,859,2,1260462.0
HANSO HANGTUA,1122,2,162500.0
HANSUN ROHANIAN GKA ELYON,1274,1,210000.0
HANUR AJI,1535,1,71280.0
HAPOSAN LUMBANTORUAN,239,1,225000.0
HAPPY,1615,9,261360.0
HAPPY FEBRIYANTI SINAGA,2177,1,54000.0
HAPPY NATALISA,314,5,102070.0
HAPPY STAF,74,41,2706500.0
HAPPY TOELLE,1573,1,30000.0
HAPPY TRIARTA,1455,1,38000.0
"HAPPY,",1614,2,67840.0
"HAPPY,,",690,1,62205.0
HAPSAK LEWI BOANERGES,1605,2,87000.0
HAPSARI,338,1,112500.0
HAPTUN 230604GE8KMJFK,551,1,23925.0
HARAPAN SINAGA,727,1,45000.0
HARAPAN UTAMA MAKMUR,843,1,79995.0
HARDI,1383,1,74305.0
HARDI LIE,1571,1,105000.0
HARDI WIYONO,987,2,140075.0
HARDI WIYONO2,201,5,227000.0
HARDIANI,983,1,77600.0
HARI MANTO,1615,2,58540.0
HARI SETYAWAN,655,1,26796.0
HARI WAHYONO,926,1,130000.0
HARIADI,824,4,223590.0
HARIADI INV/20231122/MPL/3579584566,405,1,82350.0
HARIADI SUWASONO,1222,3,154330.0
"HARIADI SUWASONO,",1088,4,220873.75
"HARIYANTO,",794,1,51570.0
"HARIYANTO,,",1615,1,34450.0
HARIYANTO.,896,1,151632.0
HARIYONO WONGSOHADI,2640,3,486000.0
HARLINA,476,1,65000.0
HARLYNA INV/20230810/MPL/3394796450,510,1,59475.0
HARMADA,1384,2,107115.0
HARNOSVERICMS,1471,2,75896.0
HAROLD RETOR,987,1,96200.0
HARPINA SOMBA,1063,1,45500.0
HARPINA SOMBA.,986,1,100000.0
HARRIS KRISTANTO,971,3,179460.0
HARRIS KRISTANTO (PT. USAHA SEKAWAN FARMASI INDONESIA),809,1,116400.0
HARRIS W,835,3,50544.0
HARRIS WIBISONO,1325,1,58500.0
HARRISONRAHARJO,1102,2,114595.0
HARRY CHRISTIAN NR,944,2,87675.0
HARRY PANJAITAN,1615,2,107450.0
HARRY PANJAITAN.,1164,1,63375.0
HARRY RAIHIN,2497,2,103500.0
HARRY SAKTI,371,5,339000.0
"HARRY SINAGA,",2241,1,48000.0
HARRY SUHADI,824,1,47000.0
HARRYSALEH 230607Q277HGXP,551,1,47800.0
HARSONO TJENG,1178,1,67900.0
HARTANTO,1283,3,216332.0
HARTANTO GUNAWAN,1472,1,54450.0
"HARTARTI,",1877,1,53040.0
HARTAWAN,920,5,415597.0
HARTAWAN INV/20231029/MPL/3534839111,429,1,19215.0
HARTINI,1321,1,84920.0
HARTINI.,853,5,219615.0
HARTINI..,872,1,50544.0
HARTONO,2177,2,100000.0
HARTONO TJOKROADJI,1846,1,41800.0
"HARTONO TJOKROADJI,",1488,2,290000.0
"HARTONO,",1621,1,46400.0
HARTONO..,383,1,80000.0
HARUN,680,1,25000.0
HARUN SUGITO,1654,1,60000.0
HARVEY MONINGKA,1066,2,401040.0
HARYANTO,1065,1,45500.0
HARYATI,1430,1,51480.0
HARYO,2256,2,146500.0
HARYO TRI ADMAJA,1615,1,31800.0
HARYOKO NJOTO INV/20231218/MPL/3631433133,380,1,91500.0
HARYONO DR SPPD,1689,1,25000.0
HARYONO TAFIANOTO,1615,1,18550.0
HARZ INV/20231229/MPL/3651391180,369,1,75500.0
HASCARYANI W (BAGIAN KEUANGAN),2242,2,106000.0
"HASCARYANI WAHYU,",2211,1,45000.0
HASIAN,726,1,75000.0
HATTA HALIMAS,1058,1,50440.0
HATTA HALIMAS INV/20231122/MPL/3579756285,405,1,25400.0
HATTA HALIMAS.,226,1,62000.0
HAYUNING INDAH,930,1,65000.0
HAZELEA,983,1,77600.0
HEARTLINE CENTER BUILDING (UP: YANCE PIRIS),1227,1,1750000.0
HEDDY FERRY,1778,1,50000.0
HEDLIDA DIRTARINA SIBUEA,219,1,110000.0
HEDWIN,1780,1,85000.0
"HEIDI RIANA,",2130,2,1075000.0
HEIDY DIANTA SELANNO,706,1,96000.0
HEINZ PEARLY WOKAS,2049,4,1534000.0
HEINZ WOKAS (CC/TT SDH MANADO),1058,3,3854030.0
HEINZ WOKAS INV/20230717/MPL/3349573994,534,1,93590.0
HEKSANIANABABAN,718,1,62205.0
HELDA,1861,10,261500.0
HELDA LIANTO,1176,1,63375.0
HELDA SIHOMBING,2346,1,54000.0
"HELDA SIHOMBING,",1448,1,65000.0
HELDIANA,1221,1,29250.0
HELEN,1587,1,79000.0
HELEN ANDRIANI,1615,1,31800.0
HELEN ANGGRAINI,1745,2,198000.0
HELEN INV/20230521/MPL/3244717330,590,1,59475.0
HELEN INV/20230731/MPL/3375609999,520,1,62075.0
HELEN MANOE.,1528,1,60000.0
HELEN NOVITA,983,1,82450.0
HELEN SITINJAK (RIO),766,1,26244.0
"HELEN.,",1056,1,45500.0
HELENA,1615,1,42400.0
HELENA AURORA SILALAHI,829,1,64940.0
"HELENA AURORA SILALAHI,",928,2,122075.0
HELENA INTAN,1178,1,63375.0
HELENA VERA DITHA ASTARI,1283,3,150161.0
HELGA,1470,1,71280.0
HELGA APRILLA,1444,1,94050.0
HELGAA,984,1,97200.0
HELIN ELOK,2585,1,54000.0
HELLEN,1285,1,33675.0
HELLEN LUSIANA,1043,1,142914.0
HELLY MANOPO,732,1,97200.0
HELMINA MANURUNG,984,1,20412.0
HELMINA REYNOSA,683,1,62205.0
HELMY SARJONO,1062,1,58200.0
HELNI,683,1,23925.0
HENDA FEBRIAN EGATAMA,1221,3,171393.0
HENDERI KUS,1390,1,81060.0
HENDI SUTRISNO,907,2,85400.0
"HENDI,",1237,1,1092000.0
HENDRA,2365,1,20000.0
HENDRA AWENK,643,1,51000.0
HENDRA DWI PRAMANA,2493,1,60000.0
HENDRA GORBI TITO MANURUNG,2688,1,45000.0
HENDRA GUNAWAN NABABAN,690,1,62205.0
HENDRA INV/20230515/MPL/3234668798,593,1,45750.0
HENDRA KURNIA WIJAYA,1178,6,6196000.0
HENDRA KWEE,853,2,196313.0
HENDRA MULIANA,1150,1,55000.0
HENDRA POTU / WAYAN BUDIARTHA,963,2,243000.0
HENDRA PS,1383,1,74305.0
HENDRA SETIAWAN,859,2,129743.0
HENDRA SIPAYUNG,1102,2,109750.0
HENDRA TAMPUBOLON,1422,1,70000.0
HENDRA TAN,2497,1,45000.0
HENDRA TANATA SINULINGGA,987,1,96200.0
HENDRA VIKA,983,1,77600.0
HENDRA YOHANES,1384,2,128321.0
HENDRA YOHANES INV/20230701/MPL/3321672442,550,1,39000.0
"HENDRA,",794,2,101230.0
"HENDRA,,",794,1,51900.0
HENDRA.,983,1,77600.0
HENDRAWAN WIDODO.,114,1,350000.0
HENDRI KWISTIANUS,725,1,23925.0
HENDRI PERMANA,2879,1,40500.0
HENDRI SIHOMBING,1456,1,55440.0
HENDRI SUTANTO,1897,1,56000.0
HENDRI TAMRIN,1386,1,118800.0
"HENDRI,",2101,1,63000.0
HENDRIK,2415,1,54000.0
HENDRIK KUBIKA,1846,1,49400.0
HENDRIK MANIK INV/20231113/MPL/3562669238,415,1,27450.0
HENDRIK PAMASE,2371,1,45000.0
HENDRIKUS EKO. S,1304,1,63375.0
HENDRO,2805,1,43000.0
HENDRO INV/20231020/MPL/3519282722,439,1,59475.0
HENDRO RICHARD DEL PIERO,1510,1,40000.0
HENDRO SURYAWIBAWA,893,2,195000.0
"HENDRO SURYAWIBAWA,",734,2,315000.0
HENDRO TJAHJONO,1448,1,64350.0
HENDRO WIJAYA,2632,2,211500.0
HENDRO.,1290,1,39400.0
HENDROJATI ARFANDI,1953,1,58000.0
HENDRY,1498,3,132500.0
HENDRY MONGKAU,547,3,141218.0
HENDRY MONGKAU INV/20230622/MPL/3306175261,558,1,64050.0
HENDRY MONGKAU INV/20231018/MPL/3516918831,440,1,59475.0
HENDRY SANJAYA,1191,1,63050.0
"HENDRY SANJAYA,",433,1,55250.0
HENDRY TAN,1471,1,51350.0
"HENDRY,",1571,1,105000.0
HENDY,815,7,398144.0
HENDY W,1510,1,40000.0
HENDYS,1477,3,127900.0
HENGKY,1251,1,64020.0
HENGKY ANDRIAN,1007,1,26244.0
HENGKY IRWANTO (TOKO DADAHA HELM),2919,1,108000.0
HENGKY JITA INV/20230603/MPL/3269746018,581,1,979500.0
HENGKY MAMANUA,984,2,107010.0
"HENGKY MAMANUA,",812,1,65000.0
HENGKY PUTRA,1721,1,80000.0
HENGKY SETIAWAN S,1878,3,143600.0
HENGKY SUCIADY,984,1,97200.0
HENGKY SUGIANTO,1615,1,43460.0
HENGKY SUSANTO,1616,2,109232.0
HENI SETIOAYU,1164,1,100000.0
HENING CERIA HIA,1221,1,27230.0
"HENING CERIA HIA,",959,1,50544.0
HENITA TANGDI BALI (SENDY) GBT KRISTUS BINTANG FAJAR,2343,1,60000.0
HENKY JONATHAN,1022,3,172470.0
HENNI,2805,1,48000.0
HENNIE MS,525,15,33149600.0
HENNY,1221,1,49350.0
HENNY A WILIS,927,3,167280.0
HENNY H,1962,1,75000.0
HENNY KALANGI,182,1,135000.0
HENNY KURNIAWATI,987,1,96200.0
HENNY SETIAWAN,851,1,57300.0
HENNY SIMBOLON,1313,4,272300.0
HENNY SIPAYUNG,1616,1,33150.0
HENNY SONIA FEBRIANTY HOLENG,1615,1,36040.0
HENNY TAMBA,1499,1,90000.0
"HENNY,",1015,5,281040.0
HENNY.,1227,1,57280.0
"HENNY.,",1056,1,50440.0
HENOCH WILIANTO,814,1,54000.0
HENOCH WILIANTO HARTONO,1283,1,81480.0
"HENOCH WILIANTO HARTONO,",794,2,99900.0
"HENOKH CHRISTIANTO PURNOMO,",2211,2,120000.0
HENRICO JTDN,794,1,109125.0
HENRIETTE PRISCILLA,1044,1,63375.0
HENRRY,824,1,61600.0
HENRY,1074,1,43875.0
HENRY GUNADI INV/20230701/MPL/3321695268,550,1,55000.0
HENRY HENGKY,1766,1,65000.0
HENRY JECSON MESAH,22,1,90000.0
HENRY PANGGABEAN,1509,1,450000.0
HENRY TANDIONO,1389,1,50000.0
HENY,732,11,743052.0
HENY BUDIATI,1510,1,40000.0
HENY HANDJAYA,984,1,77760.0
HENY HUKA,1313,1,56550.0
HENY INV/20231211/MPL/3617284693,384,1,173850.0
"HENY,",1045,1,63375.0
HENY.,809,1,75816.0
HENYPHAN #230524H7P17XM5,582,1,47850.0
HEPATA KLS MUNTE,853,3,105948.0
HEPPI SIRAIT STAF MEDAN,181,2,851000.0
HEPY DWIARTI,983,1,77600.0
HERA,984,1,77760.0
HERA INV/20230728/MPL/3369915531,523,1,68625.0
HERA SITEPU,1314,1,70000.0
HERA SITEPU.,984,1,77760.0
HERAWATI,1505,4,471000.0
HERAWATY GOSAL,1057,1,42710.0
HERBERT PANONDANG SINAGA,2366,1,60000.0
HERBIN RAJAGUKGUK,915,4,266250.0
HERBIN RAJAGUKGUK.,1021,1,67900.0
HERBY,1615,1,31800.0
HERDIANA,1036,1,63150.0
HERDITA LESTARI,1218,1,63375.0
HERDYAWAN YOGA,1107,1,48500.0
HERDYAWAN YOGA K,1105,1,24250.0
HERI,808,3,152771.0
HERI BATAM,2773,1,400000.0
HERI FATLIES RIPI,1511,1,79200.0
HERI KRISTANTO,525,2,1161330.0
HERI KURNIAWAN,1090,1,67900.0
HERI PANJAITAN,1102,1,146250.0
HERI PRATAMA,1304,1,22500.0
HERI SOERJONO,2448,2,393000.0
HERI SUTRISNO,1315,1,65000.0
"HERI,,",915,1,68040.0
HERIAANTO BAAN,562,1,390000.0
HERIANTO LIMANTARA,383,19,607100.0
HERIJANTO,145,3,315000.0
HERIJON MR SIMBOLON,2568,1,44000.0
HERIJON SIMBOLON,903,1,54600.0
HERIYANTO LIMANTARA,1706,12,969700.0
HERLAMBANG JAYA,1092,1,1050000.0
HERLAMBANG JAYA / VICTOR WIBAWA,1076,1,1575000.0
HERLAN HERMAWAN,1148,1,429000.0
HERLI ANDRIANTO,1386,1,115800.0
HERLIAN S,2163,1,94500.0
"HERLIANY HANDOYO,",2151,2,114000.0
HERLIN,1615,4,247850.0
HERLIN KRISTINA,1510,1,40000.0
"HERLIN,",1107,1,72750.0
HERLIN.,993,1,48750.0
HERLIN..,915,1,47628.0
HERLINA,1570,1,51740.0
"HERLINA B,",2354,1,48000.0
HERLINA HANDAYANI INV/20231021/MPL/3521363213,436,1,59475.0
HERLINA JULENTA,323,1,130000.0
HERLINA NADEAK,161,1,80000.0
HERLINA SEMBIRING,829,3,76863.0
HERLINA SIANTURI INV/20230110/MPL/2966074801,722,1,23875.0
HERLINA SIANTURI INV/20230317/MPL/3117002084,653,1,133700.0
HERLINA SIMANJUNTAK,1346,1,63375.0
HERLINA.,824,1,64940.0
HERLINE,1057,1,50440.0
HERLINSUGARI 230614C0SB0X5R,551,1,66990.0
HERMA,1679,1,75000.0
"HERMA,",930,1,65000.0
HERMAN BADARUDDIN,1832,1,6160000.0
HERMAN BENYAMIN HERMAN BENYAMIN,1108,1,25000.0
HERMAN J,2585,2,112500.0
HERMAN LIMBONO,1048,2,127075.0
HERMAN S,983,1,77600.0
HERMAN SAGALA,1542,1,64350.0
HERMAN SAMUEL L T,2687,1,54000.0
"HERMAN,",2093,2,119700.0
HERMANTO,853,4,138000.0
HERMANTO..,882,1,50544.0
HERMAWANDI SITUMORANG,1193,1,63375.0
HERMAWATI,1797,2,97500.0
HERMIN PAKIDING,2008,2,114000.0
HERNADI TANZIL,780,12,613621.0
HERNADI TANZIL INV/20230625/MPL/3310637640,555,1,57637.5
HERNADI TANZIL INV/20231212/MPL/3621313963,384,1,86500.0
HERNANDO MATHIAS RINALDI,732,1,72900.0
HERNAWA INV/20231022/MPL/3521981980,436,1,118950.0
HERNAWATI SAMOSIR,2156,9,320800.0
HERNI SUSANA,2301,4,167000.0
HERNY,1531,1,144000.0
HERNY KONGGUASA,1221,1,31010.0
HERNY KONGGUASA INV/20230705/MPL/3329658164,545,1,96075.0
HERNY KONGGUASA INV/20231024/MPL/3526665772,434,1,59475.0
HERNY KONGGUASA.,824,1,64940.0
HERODION PRIBADI,1181,1,63375.0
HERRIS,864,1,52143.0
HERRMAN,1483,1,57200.0
"HERRMAN,",1846,1,38000.0
HERRY SUSANTO,824,4,308995.0
"HERRY YULIANTO,",2140,5,289000.0
HERTI E SIANIPAR,963,1,63180.0
HERTINA SITINJAK,1394,1,24750.0
HERTY RITA,2431,1,45000.0
HERU HIMAWAN,275,5,428000.0
HERU KARMANTORO,1300,1,35100.0
HERU LIN,920,1,60147.0
HERU SETIONO,1617,1,78940.0
"HERU SUBAGYO,SE",1132,1,37050.0
HERVIANTO_TOMO 230701TF9QQS0K,522,1,35700.0
HERVIANY MIRA,1461,1,54450.0
HERWIN,1383,1,86850.0
HERY,1206,1,58200.0
HERY CHIN,1133,1,39000.0
HERY CIU,857,1,71556.0
HERY DARMAWAN,2675,1,104400.0
HERY SUGIYANTO,829,5,301156.0
"HERY SUGIYANTO,",91,2,2780000.0
HERY YANTO,1052,1,65000.0
HERYANZUS SITINJAK (PA BATAM),1127,6,1039500.0
HERYCA,851,1,57300.0
HERYSUGIYANTO28 230609VJQW0CEG,551,1,62205.0
HERYYANTO TJUNG,2155,1,22500.0
HESSY CHANDRA,744,1,200000.0
HESTER SARA,1610,1,21000.0
HESTI,2716,1,72000.0
"HESTI HUTAJULU,",1505,1,44550.0
HESTI MARIANCE,1021,1,63050.0
HESTIN KLAAS,2201,1,54000.0
HESTY PAKPAHAN,2435,1,64800.0
HESTY SORONG,959,1,216000.0
HESTYKURNIASARI886 230615FEGUJDCM,551,1,66990.0
HESUS,2242,1,48000.0
HETI BILA,1846,1,34200.0
HETTY ERVINA MARPAUNG,34,6,2429400.0
HETTY JOSEFINA MANURUNG,1102,1,43875.0
HEYKE HENKEL,2183,1,125000.0
"HEYKE HENKEL,",743,1,100000.0
HEYKE SITINJAK,372,1,100000.0
HEZKIEL HERIYANTO,1021,3,284800.0
HEZKIEL HERIYANTO INV/20230703/MPL/3325024952,547,1,59475.0
HEZKY VDK,853,4,126360.0
HEZKY VDK.,878,1,62075.0
HEZRA SEINI RUBA BALIK,1035,1,63150.0
"HEZRA SEINI RUBA BALIK (JL. LODAN DALAM RT. 03/RW 8 ANCOL, PADEMANGAN)",867,1,0.0
HIA INV/20231019/MPL/3518061101,440,1,59475.0
HICO28,1193,1,63375.0
HIDAYAT AYU (VENIE-WAROPEN),701,1,62205.0
HIELDA,1043,1,63375.0
HILARIO NATHANAEL GOTO,861,1,43307.0
HILDA,1274,1,48500.0
HILDA JUSUF,1975,1,168000.0
HILDA PASARIBU,1615,1,31800.0
"HILDA TALLO,",1847,1,44080.0
HILDA TPS,16,8,349500.0
"HILDA,",1938,1,65000.0
HILDA.,363,1,160000.0
HILDE SIANIPAR,1699,1,0.0
HILJI #230522B9RRW5VP,582,1,47850.0
HILKIA PUTRA - GEREJA BETHEL TABERNAKEL (LORONG SAMPING KAWASAKI),2513,1,75000.0
HILMAN CHRISTIFANO,1482,2,101800.0
HIMAWAN,996,1,75000.0
HIMAWAN HADIRAHARDJA,824,3,180037.0
HIMAWAN INV/20230726/MPL/3365266284,525,1,137250.0
HIMAWAN TEGUH PAMBUDI,894,3,219180.0
HINGO1 SHOPEE,489,1,90603.0
HISKY SAMPE,1680,1,30000.0
HISTORY,1037,1,0.0
HITLER MANIK,1221,1,48750.0
HIZ1E9ZWO1 230607REKSAJSU,551,1,33495.0
HIZKIA IFFANDA TJAHYADI,815,4,167667.2
HIZKIA OKTOBERLIANTO,1183,1,130000.0
HIZKIA PUSPAHADI,1073,1,58200.0
HIZKIA SASANGKA JATI,1587,1,54450.0
HIZKIA SETIAWAN,903,9,855065.0
"HIZKIA SETIAWAN,",1045,1,72750.0
HIZKIA SETIAWAN.,1016,1,72750.0
HIZKIA SIAHAAN,2408,2,72000.0
HIZKIA TIMOTHY T. LESMANA,1551,1,52000.0
HIZKIA WIJAYA,711,1,62205.0
HIZKIA WINNER SIAHAAN,1741,3,257000.0
"HIZKIAINRIANTA,",1505,1,59400.0
HO GIOK ME,2805,1,86400.0
HO GUSNIATI,1430,1,120000.0
HO NOVIANTY,337,8,778000.0
HOCKY SARI READYESKI,1708,2,120000.0
HOLLY TESTAMENTYAS,1571,6,372500.0
"HOLY,",2471,1,65000.0
HONG DIYANTO TRISYE INV/20230925/MPL/3474724977,464,1,25620.0
HONI HARI PUTRI,1533,1,71280.0
HORASMAN MUNTHE,1313,5,356180.0
HORASMAN MUNTHE.,1268,2,64944.0
HOSANA,1204,2,72750.0
HOSANA EDUCATION,1070,77,4566170.0
"HOSANA EDUCATION,",274,294,16069875.0
HOSANNA GRACE ELYSABETH HUTAUR,1513,1,84150.0
HOSEA D/A FRENGKY,22,8,816000.0
HOSEA JULIANO,1104,1,85800.0
HOSEA JULIANO LAKSMONO,907,1,62075.0
HOSEA SUSANTO,2759,2,62100.0
HOSEA WISANTA,853,3,50544.0
HOSEAFARDANA,1238,1,39467.5
HOTBER PASARIBU,1696,1,90000.0
HOTMA BIDANITA KENANGA MANIK,1617,3,222000.0
HOTMA SIAHAAN,2520,1,18000.0
HOTNA HERLINA MARBUN,1681,2,130000.0
"HOWARD RICARDO,",2001,2,118000.0
HOWARD SAMUEL ROBERT,1904,1,68000.0
HOWARD TUWAIDAN,2399,3,162000.0
HUGO,1308,2,285000.0
HUGO INV/20231018/MPL/3516087288,441,1,59475.0
HUGO PIERRE,1615,2,63600.0
HULAPE HALENA AIRTHUR,916,1,65000.0
HUSIM RINALDI,1615,1,36040.0
HUSNA,1615,1,36040.0
HUTMER MARSADA SIPAYUNG,1193,1,63375.0
HWI SIONG,983,1,97000.0
HWINIARTO,1623,1,25000.0
HYLCIA WENAS,2606,1,52200.0
I GEDE SUPRADNYANA,829,1,75816.0
I MADE BENITO,1192,1,63375.0
I MADE DEVA KRISMA NANDA PUTRA,1207,1,63050.0
I NYOMAN WIDIANTARA .,1562,3,170200.0
I WAYAN LELO BAYA,2095,1,16200.0
I5I5KQMJ00 (SHOPEE),640,1,25839.0
IAN RICHARD / MISCELLANEOUSME,1510,1,40000.0
IBETH,2687,1,45000.0
IBU ADELINE PUSPITA,1477,1,54450.0
IBU AGUSTINA PANGKEY,524,2,630000.0
IBU ANIK,411,1,30000.0
IBU ARTA,815,1,20370.0
IBU ASRI (STTRI JAKARTA),2568,1,90000.0
IBU BERTIE,2772,1,864000.0
IBU CHRISTINE KALIMANTAN,996,2,485000.0
IBU DEBORAH,2682,1,12800.0
IBU DEBY,1290,1,40000.0
IBU DEVIANA,1350,1,25000.0
IBU DIAN STEFANI,928,1,325000.0
IBU DR. RITA DIANY P. SARAGIH,831,1,140400.0
IBU DWI,1707,1,0.0
IBU DWI MARIA,1203,1,0.0
IBU ELI,2688,1,50000.0
IBU ELVI,2574,1,54000.0
IBU EMMA,2379,1,72000.0
IBU ENGELINE TJIA SOESILO,807,1,39000.0
"IBU ERNI,",1325,1,1440000.0
IBU ESTER KUMALA,1057,1,58200.0
IBU ESTHER RATNANINGSIH,2074,1,100000.0
IBU EVA,882,1,1312500.0
IBU EVA INV/20230926/MPL/3478174232,462,1,64442.0
IBU EVA INV/20231031/MPL/3538138849,428,1,59475.0
IBU EVA K,929,1,65000.0
"IBU EVA,",780,4,319953.0
IBU EVERLYN,582,1,273000.0
IBU FENNY,2373,1,45000.0
IBU FETY,1127,1,38800.0
IBU FHIEN ALOM,1674,1,68000.0
IBU FIEFI PANGESTU,2631,1,135000.0
IBU GRACE,1199,2,136850.0
IBU HANITA INA,1658,1,62000.0
IBU HARMY LESTUNY,1527,1,240000.0
IBU HENNY SUSANTI (UP. GRACE),2088,1,28000.0
IBU HERMA,2723,1,12600.0
IBU INA IIN MENDROFA,915,1,40824.0
IBU IRAWANI,1254,1,65000.0
IBU IRAWANI SUGIARSO,1470,1,165000.0
"IBU IRAWANI SUGIARSO,",1342,1,70000.0
IBU IRAWANI.,70,1,56000.0
IBU IRIANA,156,2,190400.0
IBU IVONNE,1349,1,62725.0
IBU JEANE UMBAS,1813,2,102600.0
IBU JENI TANAN VIA IBU YENNI KEPALA TU,230,1,297600.0
IBU JOENG HUA SOE,707,1,480000.0
IBU JOJO,2654,1,128000.0
IBU JULI,1528,1,528000.0
"IBU KABDI,",2169,1,60000.0
IBU KASMAWATI,2175,2,2706000.0
IBU LENNY,1084,1,291000.0
"IBU LENNY,",938,1,80000.0
IBU LIA FAROKA,1371,1,288000.0
IBU LIA SAMUEL INV/20231020/MPL/3519089887,439,1,59475.0
IBU LIDIA,1939,1,1344000.0
IBU LIDIA.,725,1,60000.0
IBU LILIANA,177,1,90000.0
IBU LILY,930,1,195000.0
IBU LINDA,2820,1,117000.0
IBU LINDA ADIJAYA,933,1,40000.0
IBU LINDAWATI,1625,1,966000.0
IBU LINGGAWATI (ISTRI PAK AMOS),1717,1,99000.0
IBU LISA,2135,2,243000.0
IBU LISIANA TANTY,254,1,90000.0
IBU LUSIA KASLIM (CHRISTINA RSUB),1059,2,128040.0
IBU LUSYE,2513,1,45000.0
IBU LYDIA,920,1,34093.0
IBU MANOE,1470,1,57900.0
IBU MARIA,811,1,28000.0
IBU MARIA TAN (YASINDO),681,1,65000.0
IBU MARIANIK RAHARDJO,1381,1,96000.0
IBU MARIS,1381,1,48000.0
IBU MARTHA OEI,853,1,53071.0
IBU MARYAM INV/20231019/MPL/3518675266,439,1,59475.0
IBU MEIKE C. MUJIONO,1940,1,68000.0
IBU NATALIA WIJAYA,743,1,0.0
IBU NUKE,1537,1,47600.0
IBU OKTOVIANA,1283,1,61110.0
IBU PDT. YUNELIS DRAHA,807,4,0.0
IBU PDT.BERTHA NASAN,928,2,2990000.0
IBU PENNY,1290,1,40000.0
IBU PRATIWI,2161,7,4385000.0
IBU PRISCILA LITA,122,1,30000.0
IBU RINCE WENI,1681,4,180500.0
IBU RONALD,984,1,97200.0
IBU ROSGENTINA,1509,1,225000.0
IBU ROSI,1509,1,49500.0
IBU RUSTIDA,1506,1,48000.0
IBU SALLY,1373,1,384000.0
IBU SELMI,177,1,90000.0
IBU SELVIANA SAA,1472,1,55000.0
IBU SHERLY,2445,1,54000.0
IBU SHIANNY,743,1,100000.0
IBU SIOLING,754,3,237000.0
IBU SURYA,984,1,77760.0
IBU SURYANI,2872,1,54000.0
IBU SUSAN TOPED,1283,1,122220.0
IBU SUSAN.KARISO,1768,2,81200.0
IBU SYENNY EFENDI,1381,1,96000.0
IBU TJIOE SIANG,744,1,100000.0
IBU TJUTJU,1230,1,58200.0
IBU TRIFOSA LILY SUSANTI,748,1,90000.0
IBU UNJUR SARIANNA SIMATUPANG (UP: JULIO),1173,11,2019800.0
IBU WIDYA YAUWAN,1241,1,48500.0
IBU WIWIN,2822,2,468000.0
IBU YATIE,2763,1,25000.0
IBU. KARTINI,924,1,130000.0
ICA,984,1,77760.0
"ICA,,",780,1,32620.0
ICA.,965,1,58320.0
ICA..,866,1,63180.0
ICHA,725,2,96075.0
ICHA PANGGABEAN,2431,1,54000.0
ICHWAN,780,1,33075.0
ICHWAN INV/20230705/MPL/3329428248,545,1,96075.0
IDA,1510,1,40000.0
IDA ANGGREANI,1615,1,36040.0
"IDA AYU SRI UTAMI,",1839,1,75000.0
IDA DELIMA PURBA,2623,1,54000.0
IDA HASIAN/YOLANDA TRIANA,1028,1,88000.0
IDA LESTARI,622,1,100000.0
IDA MATARAM,1891,2,60000.0
IDA ROYANI HALOHO,1195,1,63050.0
IDARI GEA,984,1,97200.0
IDASIPAHUTAR790 23041577WGY7AD,612,1,76560.0
IDAWATI TRISNO,2525,1,47900.0
IDEL YOMA,915,1,40824.0
IDEM SARI,1007,1,60140.0
IDO SIMBOLON,1189,1,63375.0
IDRIS,744,1,21250.0
IDUL YASRI KOYONGKAM,824,6,299573.0
IE FANGCHU,1435,11,681000.0
IE KEVIN,1510,1,40000.0
IETALASE 2306115REWHUQQ,551,1,66990.0
IFAN NDRURU,1221,1,68250.0
IFRAN,1056,1,145500.0
IGE ESTU UTAMI,1687,1,60000.0
IGEN YOUTH,2094,1,1421000.0
IGNASIUS UMBU KABEKU,766,1,63180.0
IGNATIA,1021,2,180180.0
IGNATIA CHRISTA,1689,1,65000.0
"IGNATIO,",1776,1,167700.0
IHAN MARTOYO,593,2,63000.0
IIN,2536,1,58500.0
IIN HAREFA,957,2,371600.0
IIN SITEPU,1713,2,388000.0
IIN WINDA ROSINTA,1048,1,63050.0
IINV/20221123/MPL/2840539340,766,1,23115.0
IIS ACSHA,860,56,2413900.0
IJEN SUHENDRA,1442,1,0.0
IKA,1003,1,63180.0
IKA / PAK KATIJAN,1285,1,61425.0
IKA JATU NAWANGSIH,2584,1,43000.0
IKA JUNIAR KRISTIANI,957,1,87480.0
IKA K.,742,2,37500.0
IKA LOVINA,1020,1,26325.0
IKA MARISSA,1616,1,14761.0
"IKA NOVITASARI,",1932,1,50000.0
IKA NUGRAHENI,2471,1,69000.0
IKA PURWANINGSIH,655,1,44979.0
IKA PUTRI,949,1,63180.0
IKA SEPTIANA ERYANI,1409,2,210000.0
IKA SIAHAY,2283,1,152000.0
IKAWATI,2143,1,210000.0
IKCAM,965,1,50544.0
IKE,1300,1,17550.0
IKE CHANDRA NOVITASARI,907,2,51244.0
IKE PRABAWANTI,979,1,77200.0
IKE REMI,1409,9,356700.0
"IKE REMI ,",359,3,208300.0
IKE REMI MARTANDO,1707,1,0.0
IKE WAGEY PELLO,1147,1,162525.0
IKE WAHYU,2063,2,104000.0
IKIJOSSTENAN 230608TEWU8JCF,551,1,23800.0
IKO BOANGMANALU,1684,1,18000.0
"ILA,",2232,1,60000.0
ILLENE VICTORIA INV/20231228/MPL/3648671638,370,1,75500.0
ILLONA RATNA PURI,994,2,50700.0
ILMA,1568,1,76117.0
ILONA KARAMOY,1500,1,105000.0
ILVA MIFTAH,1043,1,63375.0
IMA ITA SIMBOLON,878,1,49660.0
IMA ITA SIMBOLON INV/20231024/MPL/3526349447,434,1,59475.0
IMAITA SIMBOLON,1102,1,54843.75
IMAM BASUKI,859,1,114600.0
IMAM WIJOYO INV/20231210/MPL/3615278142,384,1,86500.0
IMAN,1313,1,56550.0
"IMAN DIANTA SEMBIRING,",2354,1,39000.0
IMANDA WIJAYANTI,1458,1,67320.0
IMANNUEL WANDA,2340,1,55000.0
IMANUEL,2326,1,22500.0
IMANUEL CHRISTIAN,2793,1,34200.0
IMANUEL EKA TANTAPUTRA,19,2,700000.0
IMANUEL JACOB WUARLELA,2044,1,60000.0
IMANUEL L,1951,3,136200.0
IMANUEL LOTHAR MT PERKANTAS JAMBI,562,1,420000.0
IMANUEL MEOK,1884,1,35000.0
IMANUEL NDAPAMERANG,824,4,893480.0
IMANUEL PKTS BALI,1842,1,25200.0
IMANUEL RONALDO,1185,2,111550.0
IMANUEL RONALDO.,878,2,117560.0
IMANUEL SULUH,808,1,52488.0
IMANUEL TOMMY PURNOMO,1615,1,26500.0
IMANUEL WIBOWO,1904,1,65000.0
IMANUELA KAMBUNO,829,1,64940.0
IMANUELLA PETRA,1313,1,56550.0
IMARIA AGUSTIANY SIMANJUNTAK,1505,2,139600.0
"IMARIA AGUSTIANY SIMANJUNTAK,",852,1,0.0
IMARS SUWIGNYO,1384,1,108900.0
IMAWATI GEA,1063,1,45500.0
IMELDA JULIANA SIBARANI,1579,1,80000.0
IMELDA SAFITRI,2526,1,45000.0
IMELDA SITUMORANG,2519,1,49500.0
IMELDA SOWANDI,965,1,50544.0
IMELDA TRANGGONO TING,1378,1,108900.0
"IMELDA YULIVIA,",2291,1,50000.0
"IMELDA,",915,1,24300.0
IMELDA/CITRA,965,1,106920.0
IMELDA/CITRA.,725,2,107577.0
IMELIA YOHED,2333,3,125000.0
"IMELIA YOHED ,",2276,1,45000.0
IMELSEMBIRING 230602B5A3QHK0,581,1,62205.0
IMMANUEL,2668,1,30000.0
IMMANUEL AGUS HANDOKO,1507,4,237000.0
IMMANUEL H. YAPSAWAKY,1615,1,30740.0
IMMANUEL SARAGIH,2526,1,45000.0
"IMMANUEL SARAGIH,",732,4,154800.0
IMMANUEL SARAGIH.,119,1,90000.0
IMMANUEL SETIAWAN SIREGAR,433,1,65000.0
IMMANUEL ZALUCHU,1941,1,25000.0
IN HOAT/ HENDRAWAN,1960,1,61200.0
INA BUDIARSO-DANGAWILA,2583,1,60900.0
INA PRISKILA DAELI,872,1,116640.0
INAWATI KOSASIH,13,15,4252700.0
INAWATY TEDDY,1091,1,0.0
INDACHI PURADA MAULINA,2399,2,108000.0
INDAH AKK ANASTASYA,1842,1,42500.0
INDAH ATIKA SARI,1057,1,40625.0
"INDAH ATIKA SARI,",701,2,168975.0
INDAH BARUS,2784,1,22500.0
INDAH EDYWATI,2165,1,170000.0
INDAH HOTMIAN APRINI PAKPAHAN,2648,1,54000.0
INDAH INRI,157,1,98000.0
INDAH ISTAPAWATI,2280,1,14400.0
INDAH KRISTYANINGRUM,2471,2,123000.0
"INDAH KRISTYANINGRUM (IT),",2088,1,25000.0
INDAH PERMATA,828,1,25000.0
INDAH PMK KOTA,642,5,120200.0
INDAH SEFTYA,655,1,26796.0
INDAH SETYANING ARI,433,3,168000.0
INDAH YOESIANTA,984,1,59680.0
INDAH YOESISNTO INV/20230210/MPL/3038231797,691,1,91500.0
INDAH YOESISNTO INV/20230818/MPL/3409492263,498,1,57710.0
INDAWATI MARSUDI,1320,1,56550.0
INDAYANI,698,1,360000.0
INDIA ALISYA (WENY LESTARI),1684,1,60000.0
INDIRA ANDRIA,1197,1,63375.0
INDIRA DEWI RANIATI,1289,1,85800.0
INDIRA NAFARIN,1756,1,65000.0
INDIRA TABITA,2093,3,168000.0
INDONESIA CARE (UP:ESNI),1154,2,678200.0
INDOSEAL (U.P. NANA WANGSA),2640,1,54000.0
INDRA (GKI KOTA MODERN),1121,1,720000.0
INDRA JAYA,471,1,70000.0
INDRA KURNIADI TJANDRA,882,4,8545000.0
INDRA KURNIAWAN,1615,1,30740.0
INDRA MIDIAN,711,1,62205.0
INDRA TAN,1051,1,75000.0
INDRA WAHYUDI,794,3,158055.0
INDRA WAHYUDI INV/20230114/MPL/2976793666,716,1,70575.0
INDRA.,646,1,51000.0
INDRAWATI ALIM,709,2,52000.0
INDRAWATI HANDJAJA,928,1,93590.0
INDRAWATY INV/20231017/MPL/3515093505,441,1,169804.2
INDRI,2435,1,58500.0
INDRI OSYANA,2526,1,49000.0
INDRI R. BANGGOWI,1603,1,62725.0
"INDRI SIBURIAN,",1615,1,39750.0
INDRI SIMAREMARE,1115,1,50700.0
"INDRI,",2242,1,36000.0
INDRI.,1612,1,57900.0
INDRI..,921,1,44226.0
INDRIANI,984,1,233280.0
INDRIANI HUTAGALUNG,1707,1,75000.0
INDRIANI MODOK INV/20240105/MPL/3663671460,362,1,59475.0
INDRIANI PASAE,1544,1,65000.0
INDRIANI S,1216,1,24375.0
INDRIATI,1227,1,29850.0
INDRIATI AYUB,1453,1,25000.0
INDRIATNO HARDIJANTO,1571,1,105000.0
INE HERAWATI,904,1,62000.0
INE SARAGIH (KOST BU EDI LASEM,673,1,62205.0
INEKE,1905,1,65000.0
INEKE I.K.,2515,4,820800.0
INEKE KURNIAWAN,1664,1,79200.0
INES KRISTANTI PUTRI DAELI,1313,1,17550.0
"INES TRESSIA,",2288,1,45000.0
INGE HUTABARAT,286,4,879000.0
INGE KRISTIANI,1416,3,192350.0
"INGE KRISTIANI,",2179,3,199000.0
INGE MARTINA,1601,1,25000.0
"INGE TIRTA KARIKA,",2403,1,40000.0
INGGRID,853,3,50544.0
INGGRID EMELIA,1282,1,24525.0
INGGRID GURNING,1615,1,37100.0
"INGGRID,",786,1,50000.0
INGGRID.,732,1,63180.0
INGGRIDBG #230514PK8GNB6B,582,1,74646.0
INGGRIED RESMOL,983,3,223296.0
"INGGRIED RESMOL,",816,1,66096.0
INGGRIT TEOPILUS,996,1,63375.0
"INGRATSUSI MARVIANI,",928,2,99575.0
INGRID AMELIA,2458,1,45000.0
INGRID DEVI CARISSA,1007,1,68040.0
INGRID THERESIA PANJAITAN INV/20230106/MPL/2957315618,723,1,71850.0
INHOME,1470,1,47520.0
INIKITA KOMUNIKA,1273,1,86080.0
INJILIA OKTAVIA LUMUNON,944,3,264260.0
"INKE MARIA BANGALINO,",1429,3,254700.0
INNA BURA,965,1,63180.0
INNEKE,1614,1,31800.0
"INNEKE SANJAYA,",2185,2,117000.0
INNES MEILINDA,1550,1,79200.0
INPRA SETYANINGSIH,2654,1,54000.0
INRASOPA LONGE RINDI,2346,1,54000.0
INRI YANA TAMPUBOLON,1614,1,30740.0
"INRIDIANA ANGELINA LODI,",2074,2,90000.0
INRIDIANA ANGELINA LODI.,1178,1,120000.0
INSANURRIZKI,955,1,63180.0
INSEREN KREY,1295,1,25000.0
INSWASTI CAHYANI,1728,1,35000.0
INTAN,926,5,391500.0
INTAN ALDA,853,3,50544.0
INTAN HOETAMI ADHI PRAMONO,2438,1,58500.0
INTAN NOVIANTY DESTA,1002,1,24300.0
INTAN PASULU,1184,1,63375.0
INTAN PUSPITA SARI,1615,1,31800.0
INTAN RATTEDATU,944,1,58320.0
INTAN ROSEFINE,2767,1,48000.0
INTAN SIAHAAN,2581,1,54000.0
"INTAN SRI DEWI ELISABET SIANTURI,",2129,1,60000.0
INTAN STAF TORAJA,393,1,227500.0
INTAN UBAYA,1393,3,97500.0
INTANALDA,1313,1,63375.0
INTEN PRIMAWESTRI,2654,2,104000.0
INTERVARSITY PRESS (ATTN: AMANDA KEESEE),650,1,0.0
INTHA ALICE,824,1,61236.0
INTHA MUSKANANFOLA,1221,1,29250.0
INUNG,1210,1,24375.0
INUNG AYU KINASIH,2344,1,60000.0
INUY NURYANA,1133,1,50000.0
INV /20230808/MPL/3390393994 LEVIN HARYADI,512,2,0.0
INV/20221115/MPL/2822938868,766,1,113400.0
INV/20221117/MPL/2825956675,766,1,38200.0
INV/20221118/MPL/2828652903,766,1,38200.0
INV/20221118/MPL/2829847330,766,1,38800.0
INV/20221118/MPL/2829980131,766,1,66150.0
INV/20221118/MPL/2830051289,766,1,38200.0
INV/20221118/MPL/2830292138,766,1,66150.0
INV/20221119/MPL/2830439262,766,1,66150.0
INV/20221119/MPL/2830456625,766,1,66150.0
INV/20221119/MPL/2830702607,766,1,66850.0
INV/20221119/MPL/2830926540,766,1,57300.0
INV/20221119/MPL/2830940638,766,1,59535.0
INV/20221119/MPL/2831066498,766,1,66150.0
INV/20221119/MPL/2832132064,766,1,66150.0
INV/20221120/MPL/2833391329,766,1,38200.0
INV/20221120/MPL/2833430448,766,1,66150.0
INV/20221120/MPL/2833522030,766,1,66150.0
INV/20221120/MPL/2834198635,766,1,132300.0
INV/20221121/MPL/2834270639,766,1,62075.0
INV/20221121/MPL/2834547666,766,1,66150.0
INV/20221121/MPL/2835812957,766,1,94500.0
INV/20221121/MPL/2836214429,766,1,63075.0
INV/20221121/MPL/2836722594,766,1,66150.0
INV/20221122/MPL/2837048657,766,1,214875.0
INV/20221123/MPL/2839437885,766,1,74490.0
INV/20221124/MPL/2843726924,766,1,66150.0
INV/20221125/MPL/2844038440,766,1,66150.0
INV/20221125/MPL/2844043879,766,1,33250.0
INV/20221125/MPL/2844987867,766,1,66150.0
INV/20221125/MPL/2845724957,766,1,37800.0
"INV/20221125/MPL/2845738764,",719,1,37800.0
INV/20221125/MPL/2845837914,766,1,106700.0
INV/20221125/MPL/2845876001,766,1,135800.0
INV/20221126/MPL/2847960254,766,1,66150.0
INV/20221126/MPL/2849478548,766,1,66150.0
INV/20221127/MPL/2850863177,766,1,58400.0
INV/20221127/MPL/2850883540,766,1,37800.0
INV/20221128/MPL/2853555368,766,1,66150.0
INV/20221128/MPL/2854168413,766,1,66150.0
INV/20221130/MPL/2861066340,738,1,66150.0
INV/20221130/MPL/2861271087,762,1,72990.0
INV/20221130/MPL/2861338320,738,1,49500.0
INV/20221130/MPL/2861407755,738,1,66150.0
INV/20221130/MPL/2861561723,738,1,66150.0
INV/20221201/MPL/2862982212,733,1,75600.0
INV/20221202/MPL/2865588361,733,1,76125.0
INV/20221202/MPL/2867044998,733,1,92610.0
INV/20221202/MPL/2867296786,733,1,38200.0
INV/20221204/MPL/2870379895,733,1,38800.0
INV/20221204/MPL/2870801385,733,1,61425.0
INV/20221204/MPL/2870887038,733,1,44500.0
INV/20221204/MPL/2871586657,733,1,70000.0
INV/20221204/MPL/2872057305,733,1,61425.0
INV/20221204/MPL/2872154952,733,1,66850.0
INV/20221205/MPL/2872486768,733,1,22300.0
INV/20221205/MPL/2872585999,733,1,116250.0
INV/20221205/MPL/2872763800,733,1,70000.0
INV/20221205/MPL/2874017841,733,1,94500.0
INV/20221205/MPL/2874408168,733,1,46500.0
INV/20221205/MPL/2874690599,733,1,48500.0
INV/20221205/MPL/2874934209,733,1,68800.0
INV/20221205/MPL/2875068876,733,1,37800.0
INV/20221206/MPL/2875624809,732,1,87750.0
INV/20221209/MPL/2884450662,733,1,37800.0
INV/20221209/MPL/2886722398,733,1,37600.0
INV/20221209/MPL/2886850581,733,1,62112.5
INV/20221210/MPL/2887505541,733,1,70320.0
INV/20221210/MPL/2888895814,733,1,85050.0
INV/20221212/MPL/2892052772,732,1,23625.0
INV/20221212/MPL/2894570424,732,1,37800.0
INV/20221212/MPL/2894808819,732,1,85050.0
INV/20221212/MPL/2895263345,732,1,94500.0
INV/20221213/MPL/2896471756,732,1,94500.0
INV/20221213/MPL/2896488593,732,1,97000.0
INV/20221213/MPL/2896503775,732,1,194000.0
INV/20221213/MPL/2896525038,732,1,94500.0
INV/20221213/MPL/2896611848,732,1,97000.0
INV/20221213/MPL/2896676405,732,1,76210.0
INV/20221213/MPL/2896676408,745,1,94500.0
INV/20221213/MPL/2896689239,732,1,97000.0
INV/20221213/MPL/2897000352,732,1,194000.0
INV/20221213/MPL/2897070397,732,1,64800.0
INV/20221213/MPL/2897126610,732,1,194000.0
INV/20221213/MPL/2897167614,732,1,94500.0
INV/20221213/MPL/2897220964,732,1,291000.0
INV/20221213/MPL/2897652879,732,1,97000.0
INV/20221213/MPL/2898075708,732,1,472500.0
INV/20221213/MPL/2898380494,732,1,94500.0
INV/20221213/MPL/2898555629,732,1,94500.0
INV/20221213/MPL/2898600363,732,1,94500.0
INV/20221213/MPL/2898609548,732,1,97000.0
INV/20221213/MPL/2898663724,732,1,94500.0
INV/20221214/MPL/2898846268,732,1,94500.0
INV/20221214/MPL/2898882225,732,1,94500.0
INV/20221214/MPL/2898918118,732,1,94500.0
INV/20221214/MPL/2898943484,732,1,94500.0
INV/20221214/MPL/2899235012,732,1,97000.0
INV/20221214/MPL/2900152032,732,1,209520.0
INV/20221214/MPL/2900648524,732,1,189000.0
INV/20221215/MPL/2901897269,732,1,94500.0
INV/20221215/MPL/2902406009,732,1,94500.0
INV/20221215/MPL/2902406011,732,1,75030.0
INV/20221216/MPL/2904790170,732,1,94500.0
INV/20221216/MPL/2904832720,732,1,97000.0
INV/20221216/MPL/2905289164,732,1,94500.0
INV/20221216/MPL/2905685436,732,1,97000.0
INV/20221216/MPL/2905791913,732,1,94500.0
INV/20221216/MPL/2905849781,732,1,94500.0
INV/20221217/MPL/2907608477,732,1,194000.0
INV/20221217/MPL/2907795895,732,1,94500.0
INV/20221217/MPL/2908185069,734,1,48132.0
INV/20221218/MPL/2909227336,732,1,97000.0
INV/20221218/MPL/2910020344,745,1,97000.0
INV/20221219/MPL/2910604755,732,1,97000.0
INV/20221219/MPL/2911559229,732,1,94500.0
INV/20221219/MPL/2911962152,732,1,94500.0
INV/20221220/MPL/2914257819,732,1,61425.0
INV/20221220/MPL/2914262020,732,1,61425.0
INV/20221220/MPL/2914265554,732,1,61425.0
INV/20221222/MPL/2918470299,732,1,73625.0
INV/20221222/MPL/2918894345,732,1,72900.0
INV/20221222/MPL/2919205188,732,1,94500.0
INV/20221222/MPL/2919775482,732,1,69875.0
INV/20221223/MPL/2922225998,734,1,100000.0
INV/20221227/MPL/2930044948,732,1,61075.0
INV/20221227/MPL/2931395544,732,1,465600.0
INV/20221228/MPL/2935055557,732,1,60425.0
INV/20221229/MPL/2935369345,732,1,113400.0
INV/20221229/MPL/2935701618,732,1,85950.0
INV/20221229/MPL/2936338441,732,1,113400.0
INV/20221229/MPL/2937869734,732,1,57300.0
INV/20221230/MPL/2938353368,732,1,113400.0
INV/20221230/MPL/2939466198,732,1,232800.0
INV/20221231/MPL/2941098541,732,1,116400.0
INV/20230101/MPL/2943360608,724,1,117525.0
INV/20230101/MPL/2944522861,724,1,112200.0
INV/20230102/MPL/2945450486,724,1,171900.0
INV/20230104/MPL/2951078451,724,1,179340.0
INV/20230105/MPL/2955096865,724,1,109800.0
INV/20230106/MPL/2956228440,724,1,68625.0
INV/20230106/MPL/2956328239,724,1,82350.0
INV/20230221/MPL/3060745541,673,1,62075.0
INV/20230227/MPL/3075769629,673,1,76400.0
INV/20230228/MPL/3077697102,673,1,45750.0
INV/20230703/MPL/3323843727,524,1,96075.0
INV/20230703/MPL/3324415271,524,1,96075.0
INV/20230703/MPL/3325385273,524,1,96075.0
INV/20230807/MPL/3388610035 STEFANUS ANUGRAHA LUKMANTO,512,1,137250.0
INV/20230810/MPL/3395063936 PAULINA SUSANTI,509,1,59475.0
INV/20230810/MPL/3395282732 TEOFILUS,509,1,59475.0
INV/20230810/MPL/3395513383 WILLIAM TANUJAYA,509,1,61762.0
INV/20230810/MPL/3395523018 WILLIAM TANUJAYA,509,1,19215.0
INV/20230816/MPL/3404673890 JOSHUA RIZKY,504,1,98728.0
INV/20230818/MPL/3408825160 ANA DJUWITA,499,1,49524.0
INV/20230818/MPL/3409302756 KOMANG A. WIBOWO,499,1,74681.0
INV/20230818/MPL/3409480177 NEONI,499,1,71553.0
INV/20230823/MPL/3418277808 ALB*** WIJ***,495,1,64524.0
INV/20230824/MPL/3418959576 MON*** CHRI*****,495,1,49364.0
INV/20230829/MPL/3428822669 FIONA,490,1,91500.0
INV/20230830/MPL/3429512552 BEBE S,490,1,128100.0
INV/20230831/MPL/3433294725 CATHERINE,488,1,59475.0
INV/20230901/MPL/3434716340 KM TOBING,485,1,73200.0
INV/20230901/MPL/3434972223 POPIE,485,1,322080.0
INV/20230902/MPL/3435929002 RINTIH SUKMARIA ZENDRATO,485,1,59475.0
INV/20230906/MPL/3443989775 BUDI SUSANTO,482,1,62220.0
INV/20230907/MPL/3444704697 RAJA,482,1,64050.0
INV/20230916/MPL/3460861235 BUDIMOELJONO REKSOSOESILO,471,1,59475.0
INV/20230916/MPL/3461018566 FERY,471,1,109800.0
INV/20230917/MPL/3461126916 AGUS B,471,1,68625.0
INV/20230923/MPL/3472224546 EPHY,465,1,25620.0
INV/20230924/MPL/3473198023 JULIANA ERA,464,1,25620.0
INV/20230924/MPL/3473556460 BUDIMOELJONO REKSOSOESILO,464,1,167550.0
INV/20230924/MPL/3473760813 DEBY JOHANNIS,464,1,25620.0
INV/20230925/MPL/3475711619 LILIANA,463,1,64442.0
INV/20231003/MPL/3490473529 YUSAK TOTO,455,1,1074375.0
INV/20231006/MPL/3494689776 RIDWAN TANGKILISAN,453,3,54900.0
INV/20231006/MPL/3494826310 ANITA PURWANTI,453,1,143250.0
INV/20231006/MPL/3494901221 ICHWAN,453,1,68625.0
INV/20231011/MPL/3505524607 IKE CHANDRA NOVITASARI,447,1,25620.0
INV/20231011/MPL/3505540246 MEGAWATI,447,1,25620.0
INV/20231014/MPL/3509419699 IRTON MADIKA,443,1,94330.0
INV/20231026/MPL/3530473624,429,1,476600.0
INV/20231026/MPL/3530479363,429,1,476600.0
INV/20231027/MPL/3530921104,429,1,237900.0
INV/20231027/MPL/3531242807 TOKOPEDIA,427,1,59475.0
INV/20231114/MPL/3565291630 ANDREAS,413,1,68625.0
INV/20231117/MPL/3569676418,424,1,73200.0
INV/20231123/MPL/3580857520 EIRENE EUNIKE,404,1,219600.0
INV/20231123/MPL/3581067781 MARDE STENLY MAWIKERE,404,1,36600.0
INV/20231123/MPL/3581362519 CHRISTINE KURNIAWATI,404,1,183000.0
INV/20231124/MPL/3582304915 KENEZIA HERMANUS,404,1,25000.0
INV/20231124/MPL/3582388412 KOKO ELIESER GINTING,404,1,30000.0
INV/20231125/MPL/3585194489 HARRY SETYADI WIJAYA,401,1,24705.0
INV/20231130/MPL/3594977980 TOPED,389,1,54900.0
INV/20231202/MPL/3598502490 VILIA OBADJA,394,1,68625.0
INV/20231202/MPL/3599508238 LIAU SAU JUNG,394,1,73200.0
INV/20231202/MPL/3599512456 LIAU SAU JUNG,394,1,59475.0
INV/20231203/MPL/3600972525 ANNEKE,394,1,42975.0
INV/20231204/MPL/3603442430 TOPED,389,1,54900.0
INV/20231206/MPL/3607820222 TEVANDRA NAHA,391,1,32025.0
INV/20231207/MPL/3608041508 HEZKIEL HERIYANTO,391,1,80520.0
INV/20231209/MPL/3613273968 AJI TIYO,387,1,89670.0
INV/20231209/MPL/3613454170 ANTONIUS ARIF,387,1,91500.0
INV/20231209/MPL/3614438523 DIAN,387,1,54900.0
INV/20231210/MPL/3615784047 KHRISTIANTO,387,1,73200.0
INV/20231211/MPL/3616345639 SATRIA IMANUEL,387,1,73200.0
INV/20231211/MPL/3616465291 FINDA,387,1,68625.0
INV/20231211/MPL/3617926590 EGA,386,1,59475.0
INV/20231212/MPL/3618184810 EKO SUGIARTO,386,1,39550.0
INV/20231212/MPL/3618277586 MARGARETTA,386,1,18300.0
INV/20231212/MPL/3618482440 BIMA,386,1,54900.0
INV/20231212/MPL/3619052341 SONNY EMMANUEL CORNELIUS,386,1,36900.0
INV/20231214/MPL/3624487696 STEVEN WINDYARTO,383,1,181450.0
INV/20231215/MPL/3625602281 FINDA,383,1,230625.0
INV/20231215/MPL/3625665718 DHANIEL,383,1,86925.0
INV/20231215/MPL/3625756339 SHELFIE TJONG,383,1,94220.0
INV/20231215/MPL/3626016050 TITUS CANDRA,383,1,59475.0
INV/20231220/MPL/3635747240 TOPED,370,1,75500.0
INV/20231221/MPL/3636401414 TOPED,380,1,366000.0
INV/20231229/MPL/3650972239 BRYANT SAFERO,369,1,75500.0
INV/20240105/MPL/3664404730 MARCHEL,359,1,95500.0
INV/20240105/MPL/3664590576 EV. TUTY EFFENDY ISTIANTO,359,1,93590.0
INV/20240105/MPL/3664659994 SDRI. LILIANA,359,1,89670.0
INV/20240106/MPL/3666555192 STEPHANIE ANGELINA PANGESTU,359,1,91500.0
INV/20240107/MPL/3666986358 VIVI,359,1,91500.0
INV/20240107/MPL/3667276999 BENONI OTNIEL,359,1,80520.0
INV/20240107/MPL/3667317852 FILIA ALTHEA,359,1,77775.0
INV/20240107/MPL/3667663558 ANTONY WIJAYA,359,1,91500.0
INV/20240107/MPL/3667926695 TIO,359,1,54900.0
INV/20240107/MPL/3667961842 RUDY TANTYO,359,1,91500.0
INV/20240109/MPL/3670825453 TOPED,361,1,82350.0
INV/20240109/MPL/3671593030 TOPED,346,1,82350.0
INV/20240109/MPL/3671870514 TOPED,361,1,91500.0
INV/20240111/MPL/3674274962 OLIVER WIBISONO,356,1,183000.0
INV/20240111/MPL/3675395365 HARIADI,355,1,82350.0
INV/20240111/MPL/3675446740 RONY KRISTANTO,355,1,82350.0
INV/20240111/MPL/3675585250 CAROLINA,355,1,82350.0
INV/20240112/MPL/3676330796 CHARLES HUTAPEA,355,1,82350.0
INV/20240112/MPL/3676977115 JONATHAN LAMPATAR SIREGAR (DOSEN AKUNTANSI),352,1,82350.0
INV/20240112/MPL/3677128419 ALBERT LIADINATA (ANEKA JAYA),352,1,82350.0
INV/20240113/MPL/3677396822 ALFONS TAMPENAWAS,352,1,76400.0
INV/20240113/MPL/3678570857 SAMUEL BUDI (ELTHA),352,1,91500.0
INV/20240114/MPL/3679667330 DEVON SUARDI,352,1,82350.0
INV/20240114/MPL/3679980933 STEVEN WINDYARTO,352,1,183000.0
INV/20240114/MPL/3680115334 LILIANA,352,1,82350.0
INV/20240114/MPL/3680126889 LINDA,352,1,82350.0
INV/20240114/MPL/3680126890 LINDA,352,1,91500.0
INV/20240114/MPL/3680167446 KEVIN,352,1,64050.0
INV/20240115/MPL/3680394985 EDWARD,352,1,100650.0
INV/20240115/MPL/3680619903 RATNAWATI,352,1,91500.0
INV/20240115/MPL/3681380919 TOPED,346,1,91500.0
INV/20240115/MPL/3682128879 REZA MUBARAK PASARIBU,351,1,82350.0
INV/20240116/MPL/3683672544 MEILY,350,1,77775.0
INV/20240116/MPL/3683998008 INE,350,1,2562000.0
INV/20240118/MPL/3687869921 MICHELIA SIAGIAN,348,1,68625.0
INV/20240119/MPL/3688072884 GRESIA,348,1,22875.0
INV/20240119/MPL/3689322580 DAUD ALVIN,345,1,42975.0
INV/20240120/MPL/3690755215 IVAN SETIAWAN,345,1,68625.0
INV/20240120/MPL/3691093748 KATHLEEN ABBY LIMANTORO,345,1,274500.0
INV/20240123/MPL/3696402359 JORDAN SITOMPUL,343,1,68625.0
INV/20240123/MPL/3696530328 ALBERT DANIEL PATTISELANNO,343,1,61762.0
INV/20240124/MPL/3697043878 TIMOTIUS,343,1,42975.0
INV/20240125/MPL/3700728584 DANTE,341,1,64050.0
INV/20240126/MPL/3702679133 FRENKY VEN GEREJA KRISTUS YESUS (GKY) SURABAYA,338,1,47000.0
INV/20240129/MPL/3708315826 ANJU HUTABARAT,338,1,53900.0
INV/20240130/MPL/3710690929 SAMUEL RAJA PANGONDIAN SIMANUNGKALIT,337,2,32500.0
"INV/20240131/MPL/3713148924 ROSRITA TIONIWAR ,",335,1,59475.0
INV/20240131/MPL/3713150751 HARDJO ARIF,335,1,62075.0
INV/20240201/MPL/3714413548 BUDHI,335,1,76400.0
INV/20240202/MPL/3716037084,331,1,54900.0
INV/20240203/MPL/3718751196 JENNI LINARDI,331,1,77300.0
INV/20240204/MPL/3721951134 MARTIN SANDJAYA,331,1,80520.0
INV/20240205/MPL/3722413759 RENATO,331,1,109800.0
INV/20240206/MPL/3725020991 DEVID SIREGAR,330,1,59475.0
INV/20240206/MPL/3725680273 DANIEL MARBUN,330,1,54900.0
INV/20240208/MPL/3728762104 IGNATIUS ALRIANA HARYADI MOEL,328,1,58250.0
INV/20240208/MPL/3728769450 ABEDNEGO,328,1,62075.0
INV/20240209/MPL/3729457534 DESI MN,327,1,59475.0
INV/20240209/MPL/3729659194 HENDRIK SIAHAAN,327,1,54900.0
INV/20240209/MPL/3730294525 SION HALIM,327,1,59475.0
INV/20240210/MPL/3730722198 HERY SUGIYANTO,326,1,62075.0
INV/20240210/MPL/3731592046 RICKY SETIAWAN,325,1,59475.0
INV/20240211/MPL/3731995658 JULIANNE RAMALI,325,1,114375.0
INV/20240211/MPL/3732438957 WINSTON HARIYANTO,325,1,62075.0
INV/20240211/MPL/3732447976 IMMANUEL SARAGIH,325,1,62075.0
INV/20240211/MPL/3732588244 YEHUDA STEFANO,325,1,65000.0
INV/20240211/MPL/3732880530 HARTAWAN,324,1,65000.0
INV/20240212/MPL/3733724410 ALFAN,324,1,62075.0
INV/20240212/MPL/3733827321 FRITS JOHAN SAHUREKA,324,1,62075.0
INV/20240212/MPL/3734048193 DANTE,324,1,59475.0
INV/20240213/MPL/3735973689 NOVENA ADELWEIS GISELA,323,1,59475.0
INV/20240213/MPL/3736103990 CLEMING TEDJOKUSUMO,323,1,45750.0
INV/20240215/MPL/3737996712,324,1,59475.0
INV/20240215/MPL/3738290686 AGNES,321,1,54900.0
INV/20240215/MPL/3738384929 YUDITH,321,1,137250.0
INV/20240215/MPL/3739452270 FAEL,320,1,59475.0
INV/20240216/MPL/3740218520 SAMUEL RAJA PANGONDIAN SIMANUNGKALIT,320,1,59475.0
INV/20240219/MPL/3744291066 DANIEL,317,1,62075.0
INV/20240219/MPL/3745229614 ABRAHAM REYNALDO KURNIAWAN,317,1,62075.0
INV/20240219/MPL/3745690010 ERIC ANANDA,316,1,59475.0
INV/20240219/MPL/3745731631 YUDI KURNIAWAN,316,1,59475.0
INV/20240219/MPL/3746002727 RANY MARIANA,316,1,59475.0
INV/20240220/MPL/3748381500 DEVON SUARDI,316,1,59475.0
INV/20240220/MPL/3748491328 SATRIYA GULTOM,316,1,40110.0
INV/20240221/MPL/3748968880 PRIMAPRATONO,315,1,100650.0
INV/20240221/MPL/3749567464 ELLY SIANTURI,315,1,60000.0
INV/20240221/MPL/3749849861 MICHAEL FRENS,315,1,62075.0
INV/20240223/MPL/3752825268 EVI PURBA,313,1,74115.0
INV/20240223/MPL/3752954703 JANE KARINA,313,1,22875.0
INV/20240223/MPL/3754168030 ANUGERAH SARON,310,1,68625.0
INV/20240223/MPL/3754248648 DAVID CV. MADYA KARYA,313,1,64050.0
INV/20240223/MPL/3754260267 DESSY ANDRIANI,313,1,64050.0
INV/20240224/MPL/3754637299 CHAIRANI M R SINAGA,312,1,64050.0
INV/20240224/MPL/3754962832 DEBY JOHANNIS,312,1,64050.0
INV/20240224/MPL/3754970719 MELINA KURNIAWAN,312,1,64050.0
INV/20240224/MPL/3756028011 IKA WIDYASTUTI,310,1,179340.0
INV/20240225/MPL/3757354107 YESIKA APRILIAN DEWI,311,1,64050.0
INV/20240225/MPL/3757630503 NOLEN M MANIK,310,1,68625.0
INV/20240226/MPL/3759236717 NOVELIA P,310,1,62075.0
INV/20240226/MPL/3759263374 VICI LESTARI,310,1,64050.0
INV/20240226/MPL/3760108132 REZA MUBARAK PASARIBU,310,1,64050.0
INV/20240226/MPL/3760361579 YEHEZKIEL ABDI,310,1,66850.0
INV/20240226/MPL/3760371433 YULIA,310,1,68625.0
INV/20240227/MPL/3761802301 TOMY,309,1,95500.0
INV/20240227/MPL/3762057551 SION HALIM,309,1,64050.0
INV/20240227/MPL/3762178967 DARWIN TERISMAN ZEGA,309,1,64050.0
INV/20240228/MPL/3763831757 YOSIA BUDIONO,308,1,91500.0
INV/20240228/MPL/3764271176 CHRISTAN REKSA ARINDA SETYOBUDI,308,1,133700.0
INV/20240228/MPL/3764552689 DEVID SIREGAR,307,1,64050.0
INV/20240228/MPL/3764554992 DEVID SIREGAR,307,1,73200.0
INV/20240228/MPL/3764617659 DANIEL SUTADI,307,1,64050.0
INV/20240301/MPL/3768090405 HARTONO,306,1,64050.0
INV/20240301/MPL/3768868294HENDRY MONGKAU,306,1,64050.0
INV/20240301/MPL/3768906570 ESA TAFONAO,306,1,66850.0
INV/20240302/MPL/3769476011 SIMON STEVI,305,1,66850.0
INV/20240302/MPL/3770060535 IBU EVA,305,1,64050.0
INV/20240302/MPL/3770461406 PRISKA,305,1,62906.0
INV/20240302/MPL/3770675052 JULIA SULEEMAN,305,1,128100.0
INV/20240302/MPL/3770887720 HERNADI TANZIL,305,1,64050.0
INV/20240302/MPL/3770890106 FANNY FIMANDJAJA,305,1,64050.0
INV/20240303/MPL/3773250397 ANDRE,304,1,64050.0
INV/20240304/MPL/3773423065 DEASMA HAZEL,303,1,62075.0
INV/20240304/MPL/3773861274 IRENE STEVANI,303,1,128100.0
INV/20240304/MPL/3773949415 EDDY SALIM,303,1,64050.0
INV/20240304/MPL/3774236105 SONYA,303,1,91500.0
INV/20240304/MPL/3774493235 ASHLEY,303,1,66850.0
INV/20240304/MPL/3775406909 ARJANTO,303,1,66850.0
INV/20240304/MPL/3775488546 NIFAIDA LIONER,303,1,66850.0
INV/20240305/MPL/3775624927 NYDIA VALENTINA,302,1,64050.0
INV/20240305/MPL/3776055364 TIFANNY CHRISTY,302,1,64050.0
INV/20240305/MPL/3777074654 ESA TAFONAO,301,1,54900.0
INV/20240305/MPL/3777276462 BPK CAHYADI,301,1,64050.0
INV/20240305/MPL/3777406690 DAVID,301,1,54900.0
INV/20240305/MPL/3777477845 FRIDASTYA,301,1,64050.0
INV/20240306/MPL/3777800715 WIDI HANDRIYANTO,301,1,91500.0
INV/20240306/MPL/3778525995 RUBEN ARGANA H.D,301,1,76400.0
INV/20240307/MPL/3779693314 YAYUK BULAM S,300,1,80000.0
INV/20240307/MPL/3780682796 IRFAN TULAK,299,1,82350.0
INV/20240310/MPL/3785655138 SAMUEL TUMEWU,295,1,137250.0
INV/20240312/MPL/3787624641 INGRID CLAUDIA,295,1,73700.0
INV/20240312/MPL/3787992134 NATHAN GUNAWAN,295,1,59000.0
INV/20240312/MPL/3788225723 ALEX HENDRIK MAMESAH,295,1,76400.0
INV/20240316/MPL/3796270995 LAWRENCE WISELY,291,1,54900.0
INV/20240316/MPL/3796277663 RAPHAELLE AZELIA,291,1,57300.0
INV/20240317/MPL/3797890595 SULTAN SERUI (JEAN LAWALATA SERUI) DAYZAQ,290,1,47750.0
INV/20240321/MPL/3807045601 BEATRICE,286,1,59475.0
INV/20240324/MPL/3811998808 FANNY MARIA,282,1,43000.0
INV/20240326/MPL/3816274742 FRIDASTYA,281,1,53075.0
INV/20240327/MPL/3818725426 SAMUEL SISWONO,280,1,44430.0
INV/20240327/MPL/3819239107 JOSUA,280,1,109800.0
INV/20240328/MPL/3821594992 JOHANNES,279,1,137250.0
INV/20240328/MPL/3821802829 SAMUEL ASTRA,279,1,54900.0
INV/20240328/MPL/3822089900 ESTHER,279,1,68625.0
INV/20240328/MPL/3822619487 KORNELIUS,240,2,139995.0
INV/20240330/MPL/3826702902 IMANUEL HARKESPAN,277,2,77775.0
INV/20240330/MPL/3826760014 IGREYA KEKE,277,1,115290.0
INV/20240331/MPL/3829439776 WI KHAI,276,1,45750.0
INV/20240331/MPL/3830210429 DARWIN TERISMAN ZEGA HEAD OFFICE,276,1,45750.0
INV/20240331/MPL/3830225671 DEVON C04,276,1,45750.0
INV/20240331/MPL/3830225672 DEVON C04,275,1,59475.0
INV/20240331/MPL/3830242915 HERY SUGIYANTO,276,1,47750.0
INV/20240331/MPL/3830272344 GERY,276,1,45750.0
INV/20240331/MPL/3830275815 REZA MUBARAK PASARIBU,276,1,45750.0
INV/20240331/MPL/3830393293 DENNY,276,1,45750.0
INV/20240401/MPL/3831243491 MEILANY D,275,1,137250.0
INV/20240401/MPL/3831322697 MARDE STENLY MAWIKERE,275,1,45750.0
"INV/20240401/MPL/3831440017 IBU HERA (HARAP DITUNGGU, ORANG TUA)",275,1,45750.0
INV/20240401/MPL/3831554546KM TOBING,275,1,45750.0
INV/20240401/MPL/3831648749 LIAU SAU JUNG,275,1,45750.0
INV/20240401/MPL/3831943166 CHARLES HUTAPEA,275,1,45750.0
INV/20240401/MPL/3832062453 YOURIKE PATRICIA NAMAH,275,1,91500.0
INV/20240401/MPL/3832340372 BU TEGUH,275,1,82350.0
INV/20240401/MPL/3833051552 HERNADI TANZIL,275,1,45750.0
INV/20240401/MPL/3833430004 RISSANTI AYUDITA,275,1,47750.0
INV/20240401/MPL/3833535978 HENDRY MONGKAU,275,1,45750.0
INV/20240402/MPL/3834541480 MARIA REBECCA,275,1,45750.0
INV/20240402/MPL/3835333233 RANDY GUNAWAN,275,1,45750.0
INV/20240402/MPL/3836422033 DANTE,275,1,45750.0
INV/20240403/MPL/3837526728 EGA,273,1,64050.0
INV/20240403/MPL/3838211103 TEDDY WIJAYA,273,1,91500.0
INV/20240403/MPL/3838358743 RAYMOND TAMPUBOLON,273,1,45750.0
INV/20240403/MPL/3838561543 WILLIAM TANUJAYA,273,1,45750.0
INV/20240403/MPL/3838702147 CARMIA MARGARET,273,1,118950.0
INV/20240403/MPL/3838702148 CARMIA,273,1,91500.0
INV/20240403/MPL/3838885759 SUSI,273,1,71370.0
INV/20240403/MPL/3838888754 SUSI,273,1,45750.0
INV/20240403/MPL/3839005182 MARIO HUTAGALUNG,272,1,45750.0
INV/20240404/MPL/3840232426 STEPHANIE,272,1,47750.0
INV/20240404/MPL/3841198991 BUDIMOELJONO REKSOSOESILO,272,1,45750.0
INV/20240404/MPL/3841506805 KARNADI,272,1,45750.0
INV/20240404/MPL/3841654348 ARIES MADETHEN,271,1,47750.0
INV/20240405/MPL/3842475403 INDRA WAHYUDI,271,1,45750.0
INV/20240405/MPL/3843963657 CAROLINA,268,1,45750.0
INV/20240407/MPL/3846118411 LENNY,268,1,54900.0
INV/20240408/MPL/3846771201 ALVIN,268,1,77775.0
INV/20240408/MPL/3847255157 ANDREAS,267,1,68625.0
INV/20240409/MPL/3847568303 LILIANA,267,1,45750.0
INV/20240409/MPL/3847618073 HENDY,267,1,45750.0
INV/20240410/MPL/3847868376 MARGARETTA,266,1,45750.0
INV/20240413/MPL/3850867263 ARCELIA,263,1,54900.0
INV/20240414/MPL/3851720508 HANNAH VICTORIA(SMU LT. 6),262,1,56730.0
INV/20240414/MPL/3852539410 YUNUS ADI NUGROHO,262,1,59475.0
INV/20240415/MPL/3854259681 ERIC ANANDA,261,1,45750.0
INV/20240415/MPL/3854304529 ALBERT DANIEL PATTISELANNO,261,1,23000.0
INV/20240416/MPL/3856624705 LILY LIDYA (DIAN),260,1,45750.0
INV/20240417/MPL/3857581551 ULI,259,1,45750.0
INV/20240417/MPL/3858652413 REXYVO YURIST KUSUMA DOPINSA,259,1,59475.0
INV/20240418/MPL/3859163794 JOTLIE,258,1,45750.0
INV/20240418/MPL/3859163795 JOTLIE,258,1,71370.0
INV/20240418/MPL/3859828550 NOVENA ADELWEIS,258,1,45750.0
INV/20240418/MPL/3860643390 TINE,258,1,45750.0
"INV/20240419/MPL/3860736552 THOMAS (TITIP RESEPSIONIS, JANGAN DI POPBOX) (",257,1,45750.0
INV/20240419/MPL/3861494962 MARTINUS MICHAEL,257,1,71625.0
INV/20240420/MPL/3862998125 IFRAN,256,1,54900.0
INV/20240424/MPL/3868862822 MICHELLE GUNAWAN,252,1,82350.0
INV/20240424/MPL/3870083006 VALESKA HARIANJA,252,1,0.0
INV/20240426/MPL/3873660909 DR. ELIA A.B KUNCORO (D.A. MBAK HAR),250,1,71625.0
INV/20240429/MPL/3877626417 AGNES SUKANDAR,247,1,59475.0
INV/20240502/MPL/3883155448 JEFFREY GAZALIE,244,1,55000.0
INV/20240506/MPL/3890271462 ALBERT KURNIAWAN LIEM,240,1,67125.0
INV/20240506/MPL/3890871855 AVELINE,240,1,67125.0
INV/20240506/MPL/3891218434 FITRIANA SALIM,240,1,100650.0
INV/20240510/MPL/3897967258 ALEX,236,1,25245.0
INV/20240511/MPL/3898875663 LILIK,235,1,71600.0
INV/20240512/MPL/3901270862 STELLA YOHANNA,234,1,147675.0
INV/20240513/MPL/3902305962 GERY,233,1,58175.0
INV/20240515/MPL/3906321338 NICODEMUS,231,1,67125.0
INV/20240517/MPL/3910788554 JONATHAN,229,1,53700.0
INV/20240517/MPL/3910833361 CINDY,229,1,35800.0
INV/20240517/MPL/3910836450 NOVENA ADELWEIS,229,1,35800.0
INV/20240517/MPL/3910844211 IVAN JONATHAN ABBALOVE MINISTRIES,229,1,35800.0
INV/20240517/MPL/3910894835 EMMY EFFENDY,229,1,35800.0
INV/20240518/MPL/3911157487 MARINA,228,1,98450.0
INV/20240518/MPL/3911157488 MARINA,228,1,37590.0
INV/20240518/MPL/3911567339 EVIEN JANSEN,228,1,35800.0
INV/20240518/MPL/3911570234 JOSHUA B,228,1,35800.0
INV/20240518/MPL/3912400471 EKARINA,228,1,56100.0
INV/20240518/MPL/3913105779 MAYLIN DJUANA,228,1,67125.0
INV/20240519/MPL/3913639164 REZA MUBARAK PASARIBU,227,1,44750.0
INV/20240519/MPL/3913832181 ALBERT ANDREAS,227,1,44750.0
INV/20240519/MPL/3915220718 BUDIMAN,227,1,44750.0
INV/20240519/MPL/3915351416 HIENDARTA,227,1,67125.0
INV/20240520/MPL/3916656628 ADRIAN,226,1,53700.0
INV/20240520/MPL/3917640708 SONYA PRIYARNI,226,2,102850.0
INV/20240520/MPL/3917701312 PANTAS,226,1,81725.0
INV/20240522/MPL/3922030009 PRISKA,224,1,44750.0
INV/20240524/MPL/3923972665 SRIW******** MEND****,222,1,78380.0
INV/20240524/MPL/3924013682 BERNICE ALIHAMSJAH,222,1,116350.0
INV/20240524/MPL/3924635762 RACHEL FRANCIS ROHO,222,1,44750.0
INV/20240524/MPL/3925122822 RUTH MARETHA,222,1,58175.0
INV/20240524/MPL/3925510635 NANDA,222,1,62650.0
INV/20240524/MPL/3925528967 MICHELLE KRISTINA,222,1,62650.0
INV/20240525/MPL/3926380772 JULENDA NIKIJULUW,221,1,49550.0
INV/20240525/MPL/3927521671 SAMUEL HUMPHREY,221,1,70125.0
INV/20240525/MPL/3927569634 NIATRISYA,220,1,85024.0
INV/20240526/MPL/3929094368 EVA LITTA,220,1,67125.0
INV/20240526/MPL/3929154904 JULIANA,220,1,44750.0
INV/20240527/MPL/3929554854 ALEX,219,1,42125.0
INV/20240527/MPL/3929554855 ALEX,219,1,55490.0
INV/20240527/MPL/3929650889 MEL,219,1,57825.0
INV/20240527/MPL/3930360896 EDDY HARTANTO,219,1,60775.0
INV/20240528/MPL/3931732998 SUPRIYANTO FREDDY,218,1,83505.0
INV/20240528/MPL/3932774624 VINA VICOLYA,218,1,46750.0
INV/20240529/MPL/3934857765 DEWIDEX,217,1,44750.0
INV/20240529/MPL/3934895514 ANDREAS BASTIAN,217,1,51425.0
INV/20240529/MPL/3934928988 VALERIE MEIKE,217,1,44750.0
INV/20240529/MPL/3934947791 YOSPAUL LAMANIFAK,217,1,49225.0
INV/20240529/MPL/3934949309 HENNY,217,1,49225.0
INV/20240529/MPL/3935047443 ALFA IMANNUEL,217,1,48975.0
INV/20240529/MPL/3935150626 LUKAS CAKRA RAHARJA,217,1,49225.0
INV/20240529/MPL/3935155307 DARWIN TERISMAN ZEGA,217,1,49225.0
INV/20240529/MPL/3935163452 TIKADEWI,217,1,49225.0
INV/20240529/MPL/3935212847 HERWIN,217,1,47525.0
INV/20240529/MPL/3935259719 STEPHANIE,217,1,49225.0
INV/20240530/MPL/3935335206 SONIA,216,1,76075.0
INV/20240530/MPL/3935506265 DHAN*** SUMATERA SELATAN,216,1,51425.0
INV/20240530/MPL/3935509508 DHANIEL,216,2,102725.0
INV/20240531/MPL/3937346443 SUPRIYANTO FREDDY,215,1,59475.0
INV/20240531/MPL/3937692579 BASTANTA BANGUN,215,1,19215.0
INV/20240531/MPL/3937721652 VINNY CHANDRA,215,1,56520.0
INV/20240531/MPL/3938184281 TYAS AFFANDI,215,1,336600.0
INV/20240531/MPL/3938481490 ARYANTO WIJAYA,215,1,49225.0
INV/20240531/MPL/3938504711 LINDA,215,1,49425.0
INV/20240531/MPL/3938533134 ELBE*** DKI JAKARTA,215,1,34010.0
INV/20240531/MPL/3938533134 ELBERTH,215,1,34770.0
INV/20240531/MPL/3938857975 MS MAYA,215,1,0.0
INV/20240531/MPL/3938861939 LIAU SAU JUNG,215,1,49225.0
INV/20240531/MPL/3938908009 ARDIAN JIMMY HARYANTO,215,1,112200.0
INV/20240601/MPL/3940308141 DEVON C04,214,1,49225.0
INV/20240601/MPL/3940681039 SUKWANTO OKKY,214,1,53700.0
INV/20240602/MPL/3941939131 MARGARETTA,214,1,49225.0
INV/20240602/MPL/3942396803 REZA MUBARAK PASARIBU,213,1,49225.0
INV/20240602/MPL/3942553426 PRISCILLA NOVELIA,213,1,100650.0
"INV/20240603/MPL/3944002550 CARMIA GEREJA KRISTEN IMMANUEL HOSANNA,",212,1,98450.0
INV/20240604/MPL/3946362209 DANU AJI NUGROHO,210,1,49225.0
INV/20240605/MPL/3947370123 SANO,210,1,56100.0
INV/20240605/MPL/3947507818 SIMON SUPRIADI,210,2,56100.0
INV/20240605/MPL/3947516993 STEVAN,210,1,49225.0
INV/20240605/MPL/3947521554 GIL** BANTEN,210,1,49225.0
INV/20240605/MPL/3948280364 BESTY,209,1,53700.0
INV/20240605/MPL/3948495368 SCO**,210,1,115005.0
INV/20240606/MPL/3949497798 STEVE W,209,1,49225.0
INV/20240606/MPL/3950497584 JOHNSON FERNANDO,209,1,49225.0
INV/20240606/MPL/3950519027 VERA WITARSA,209,1,49225.0
INV/20240606/MPL/3950525932 WIRIAWAN BERNADUS,209,1,49225.0
INV/20240606/MPL/3950710487 JULIKA (THE AMBON MANISE SHOP),209,1,51425.0
INV/20240606/MPL/3951057778 ERNITA ERNITA,209,1,49225.0
INV/20240606/MPL/3951245468 SAMMY,209,1,47225.0
INV/20240606/MPL/3951278342 MERRY MANAFE,209,1,49225.0
INV/20240606/MPL/3951566947 LENNY,209,1,49225.0
INV/20240606/MPL/3951633376 JULI WINNER,209,1,147675.0
INV/20240606/MPL/3952103185 EZRA HENTAWAN SUWANDI,209,1,89500.0
INV/20240607/MPL/3952593632 DANTE,208,1,49225.0
INV/20240607/MPL/3952759199 DAVIN DJAFRI,208,1,47865.0
INV/20240607/MPL/3953023515 PAULA CHRISTYANTI MULYATAN,208,1,48025.0
INV/20240607/MPL/3953772510 LALA TANIU,208,1,98450.0
INV/20240607/MPL/3954002242 JENY,208,1,246125.0
INV/20240607/MPL/3954073429 TIMOTIUS,208,1,49225.0
INV/20240609/MPL/3956044080 ROSELANI,206,1,70000.0
INV/20240609/MPL/3957173256 INGE HAKIM,206,1,70000.0
INV/20240609/MPL/3957187565 RUDI BADJIDEH,206,1,55490.0
INV/20240610/MPL/3958933551 GUNAWAN HARTONO,205,1,48025.0
INV/20240610/MPL/3958960828 BUDIMAN.,205,1,49225.0
INV/20240613/MPL/3963100139 CINDY,202,1,56730.0
INV/20240613/MPL/3963669624 DANIEL BANI WINNI EMMA,202,1,67125.0
INV/20240613/MPL/3963928062 HOTMA SIANIPAR,202,1,25060.0
INV/20240614/MPL/3964674185 EVY SUSANTI,201,1,71600.0
INV/20240614/MPL/3965016848 HELENA AURORA SILALAHI,201,1,86020.0
INV/20240614/MPL/3965859662 HEL*** ELIS**** DKI JAKARTA,201,1,50325.0
INV/20240616/MPL/3969402879 IR** PRAT**** JAWA BARAT,199,1,56675.0
INV/20240617/MPL/3970706878 MAR** TA*,198,1,50900.0
INV/20240619/MPL/3974548212 IMAN*** HARK*****,196,1,68625.0
INV/20240622/MPL/3979570913 ARIES WIRANATA,193,1,67125.0
INV/20240622/MPL/3980511315 RUDIANTO SITUNGKIR,193,1,64050.0
INV/20240622/MPL/3980537278 DIAN NOVIA GLENN,193,1,62650.0
INV/20240623/MPL/3982420894 LUCKY YUDISTIRAWAN (KAMAR NO.1),192,1,59475.0
INV/20240624/MPL/3982656545 RENDI SETIAWAN,191,1,62650.0
INV/20240624/MPL/3983096118 LITA,191,1,112200.0
INV/20240624/MPL/3983510108 DEDE,191,1,89500.0
INV/20240624/MPL/3984241313 JOSHUA KURNIAWAN,190,1,62650.0
INV/20240625/MPL/3985493372 NGAKAN MADE ANDREW IMMANUEL,190,1,113460.0
INV/20240625/MPL/3986903327 APRI.STEPHANI,190,1,67125.0
INV/20240625/MPL/3986998167 IFRAN,190,1,64050.0
INV/20240627/MPL/3989737161 LIAU SAU JUNG,188,1,25060.0
INV/20240627/MPL/3989781382 LYDIA KURNIAWATI,188,1,25060.0
INV/20240627/MPL/3990043675 JENNY ERFINA SARAGIH,188,1,28325.0
INV/20240627/MPL/3990525688 FEBBY SURYANA,188,1,62650.0
INV/20240627/MPL/3991136035 JIMMY TOGAR GULTOM,188,1,25060.0
INV/20240627/MPL/3991195252 DANTE,188,2,62650.0
INV/20240629/MPL/3995607760 DHANIEL,186,2,145775.0
INV/20240630/MPL/3996273754 DANIEL SUTADI,185,1,58175.0
INV/20240701/MPL/3997874877 DAVID AGNES CHYNTIA,184,1,58175.0
INV/20240701/MPL/3998252385 DWI RAHAYU ERNY KRISTINA,184,1,65450.0
INV/20240701/MPL/3998419977 VICTORIO SUWONDO,184,1,58175.0
INV/20240701/MPL/3998723152 MISAEL PRAWIRA,184,1,55490.0
INV/20240701/MPL/3998723153 MISAEL PRAWIRA,184,1,58175.0
INV/20240701/MPL/3998749087 YUDITH TAFFY NOBEL,184,1,58175.0
INV/20240701/MPL/3998916615 FL. HARTOSUBONO,184,1,74800.0
INV/20240702/MPL/4000769452 RICHIESON MARCELLINO,183,1,53700.0
INV/20240702/MPL/4000922370 RYAN MICHAEL ROBOT,183,1,59475.0
INV/20240703/MPL/4002285517 DANTE,182,1,58175.0
INV/20240703/MPL/4002285518 DANTE,182,1,82350.0
INV/20240703/MPL/4003465023 RUTH DEBORA,182,1,109800.0
INV/20240704/MPL/4004601577 HERY SUGIYANTO,181,1,60775.0
INV/20240705/MPL/4006277821 GERALDO OKTAVIAN,180,1,59475.0
INV/20240705/MPL/4006608742 IRA,180,1,116350.0
INV/20240705/MPL/4007112152 STEFANUS ANUGRAHA LUKMANTO,180,1,76075.0
INV/20240706/MPL/4008372591 SHERLY TOPED,179,1,40275.0
INV/20240706/MPL/4008512618 CHANDRA WIJAYA,179,1,58175.0
INV/20240706/MPL/4009106078 THOMAS ADITYA,179,1,125300.0
INV/20240706/MPL/4009612247 LENTINA SIREGAR,179,1,73200.0
INV/20240707/MPL/4010358967 ILLENE VICTORIA,178,1,67125.0
INV/20240707/MPL/4012508569 RUDY TANTYO,178,1,89500.0
INV/20240707/MPL/4012588755REZA MUBARAK PASARIBU,178,1,58175.0
INV/20240708/MPL/4015085538 HENTY,177,1,89500.0
INV/20240709/MPL/4016227474 RACHEL,176,1,67125.0
INV/20240709/MPL/4016486636 TOBIAS TANUWIJAYA,176,1,55113.0
INV/20240709/MPL/4016889799 IBU EVA,176,1,58175.0
INV/20240709/MPL/4016962344 HARIADI,176,1,58175.0
INV/20240709/MPL/4017064678 EDI KURNIAWAN,176,1,62000.0
INV/20240710/MPL/4018676413 ARYANTO WIJAYA,175,1,58175.0
INV/20240710/MPL/4018735224 KM TOBING,175,1,58175.0
INV/20240711/MPL/4019666995 LIAU SAU JUNG,174,1,58175.0
INV/20240711/MPL/4019729956 LENNY,174,1,71600.0
INV/20240711/MPL/4019952176 TOBI TANU,174,1,93500.0
INV/20240711/MPL/4020671351 EDI KURNIAWAN,174,1,52450.0
INV/20240711/MPL/4020747030 ESTER PASLA,174,1,50325.0
INV/20240712/MPL/4021339536 WIDI HANDRIYANTO,173,2,85025.0
INV/20240713/MPL/4023157782 BASTANTA BANGUN,172,1,75180.0
INV/20240713/MPL/4023693768 GABY GABY,172,1,5407.0
INV/20240713/MPL/4023755301,172,1,54900.0
INV/20240713/MPL/4023848083 IVANDER PURVANCE,172,1,91500.0
INV/20240713/MPL/4023854349 SETEGUKYAKULT,172,1,58175.0
INV/20240713/MPL/4023873805 STEVE W,172,1,75180.0
INV/20240713/MPL/4023877709 BENNY,172,1,59070.0
INV/20240713/MPL/4023892747 YUMIN,172,1,41175.0
INV/20240713/MPL/4023922442 ARISA F PANGARIBUAN,172,1,27034.0
INV/20240713/MPL/4023933533 FITRI FELISYA,172,1,100650.0
INV/20240713/MPL/4023933534 FITRI FELISYA,172,1,58175.0
INV/20240713/MPL/4024008199 YENNY EKA,172,1,-3388.0
INV/20240713/MPL/4024054686 ADISUPUTRA RADJATADOE,172,1,38843.0
INV/20240713/MPL/4024054687 ADISUPUTRA RADJATADOE,172,1,58175.0
INV/20240713/MPL/4024115035 LIAU SAU JUNG,172,1,56385.0
INV/20240713/MPL/4024133440 OWEN,172,1,20382.0
INV/20240713/MPL/4024138354 GINTOEL,172,1,80520.0
INV/20240713/MPL/4024207898 MEILANY D,172,1,137250.0
INV/20240713/MPL/4024219283 GILLY,172,1,50325.0
INV/20240713/MPL/4024219873 IWAN,172,1,38622.0
INV/20240713/MPL/4024246390 ELLY SIANTURI,172,1,-5085.0
INV/20240713/MPL/4024280605 MARGARETTA,172,1,91500.0
INV/20240713/MPL/4024345222 FRENKY,172,1,43855.0
INV/20240713/MPL/4024376507 OKTOVIONALDI,172,1,39559.0
INV/20240713/MPL/4024384354 MICHAEL,172,1,37814.0
INV/20240713/MPL/4024403433 FIONA HARJONO,172,1,64050.0
INV/20240713/MPL/4024410239 CHANDRA WIJAYA,172,1,109800.0
INV/20240713/MPL/4024443417 MELINDA,172,1,8888.0
INV/20240713/MPL/4024449659 KEVIN,172,1,52500.0
INV/20240714/MPL/4024472654 ARI S,171,1,59475.0
INV/20240714/MPL/4024715287 ETTA REGAR,171,1,82350.0
INV/20240715/MPL/4026145278 RUDIANTO SITUNGKIR,170,1,58175.0
INV/20240715/MPL/4027226354 PAULINA SUSANTI,170,1,52390.0
INV/20240716/MPL/4028528023 ANGLIN TANA,169,1,67125.0
INV/20240716/MPL/4029488086 TITUS KURNIAWAN,169,1,53990.0
INV/20240716/MPL/4029609334 IMAN DIGIOH,169,1,67125.0
INV/20240717/MPL/4029855696 LIDYA KURNIAWAN,168,1,89500.0
"INV/20240717/MPL/4030248343 GER*** MUA** DKI JAKARTA,",168,1,79475.0
INV/20240717/MPL/4031211823 TITUS CANDRA,168,1,107400.0
INV/20240718/MPL/4033386548 STEP***** DKI JAKARTA,167,1,65450.0
INV/20240719/MPL/4034446397 GUNA** HART**,166,1,85000.0
INV/20240721/MPL/4038604132 BUDIMAN,164,1,107400.0
INV/20240721/MPL/4038609887 RONALD S,164,1,76075.0
INV/20240722/MPL/4040187354 ALEN,163,1,53700.0
INV/20240723/MPL/4041086386 AL* SAL** JAWA TIMUR,162,1,215985.0
INV/20240723/MPL/4041654318 EDI KURNIAWAN,162,1,149600.0
INV/20240723/MPL/4042170292,153,1,49225.0
INV/20240724/MPL/4042636226,153,1,49225.0
INV/20240724/MPL/4043137552 CINDY HARYANTO,161,1,89500.0
INV/20240724/MPL/4043753082 STEPHANIE,161,1,62650.0
INV/20240724/MPL/4043812611,153,1,49225.0
INV/20240725/MPL/4045399162 GIDEON,160,1,64050.0
INV/20240726/MPL/4047064408 KENT SUTADI,159,1,56730.0
INV/20240726/MPL/4047066621 KENT SUTADI,159,1,85025.0
INV/20240726/MPL/4047562000 YON*** BUDI***,159,1,109800.0
INV/20240726/MPL/4047752553 HARVIN PRATAMA,159,1,67125.0
INV/20240726/MPL/4048294016 WIDI HANDRIYANTO,159,1,76075.0
INV/20240726/MPL/4048501022 LUKAS S,159,1,49225.0
INV/20240727/MPL/4049596870 MATIUS LEVRONKA,158,1,49225.0
INV/20240727/MPL/4050809887 CHANDRA WIJAYA,158,1,49225.0
INV/20240728/MPL/4052048634 HARTAWAN,157,1,52360.0
INV/20240728/MPL/4052506102 INRI VEREL PRADITA PALEBANGAN,157,1,67125.0
INV/20240729/MPL/4054752081 HAROLD,156,1,80550.0
INV/20240729/MPL/4054792843 AGNESTIEN,156,1,51425.0
INV/20240730/MPL/4055280534 ANDREAS SUKOWIJOYO,155,1,55490.0
INV/20240730/MPL/4055280535 ANDREAS SUKOWIJOYO,155,1,49225.0
INV/20240730/MPL/4055484564 MS. LANGKAY,155,1,56100.0
INV/20240801/MPL/4060383564 MR. ALEX TAGUKAWI,153,1,89500.0
INV/20240802/MPL/4063493813 VESTEN PANELEWEN,152,1,109800.0
INV/20240803/MPL/4065141209 DARWIN TERISMAN ZEGA,151,1,44750.0
INV/20240804/MPL/4065677234 EUNIKE LOLOWANG,150,1,67125.0
INV/20240804/MPL/4066718146 JULIANA,150,1,49225.0
INV/20240804/MPL/4066852466 DANTE,150,1,44750.0
INV/20240804/MPL/4066852467 DANTE,150,1,49225.0
INV/20240804/MPL/4066957010 REZA MUBARAK PASARIBU,150,1,44750.0
INV/20240804/MPL/4067058102 WIDI HANDRIYANTO,150,1,67125.0
INV/20240805/MPL/4067373170 DAVID SIJABAT,149,1,49225.0
INV/20240805/MPL/4067848018 SETYOADI PURWANTO,149,1,49225.0
INV/20240805/MPL/4068638466 DANIARTI DHYAN CHRISTANTI,149,1,82350.0
INV/20240805/MPL/4068813960 KEZIA,149,1,49225.0
INV/20240806/MPL/4070412582 ENDANG RIJATUN,148,1,49225.0
INV/20240806/MPL/4071397537 MICHELLE AURELIA ISA,148,1,77775.0
INV/20240806/MPL/4071397538 MICHELLE AURELIA ISA,148,1,26180.0
INV/20240806/MPL/4071397539 MICHELLE AURELIA ISA,148,1,48105.0
INV/20240806/MPL/4071715817 BUDIMAN,148,1,44750.0
INV/20240807/MPL/4072066940 LEN** JAWA TIMUR,147,1,49225.0
INV/20240807/MPL/4073080693 MARGARETTA,147,1,44750.0
INV/20240807/MPL/4074032048 NATA**** THAM*** JAWA TIMUR,147,1,70075.0
INV/20240808/MPL/4074215144 RO** JAWA TIMUR,146,1,58175.0
INV/20240808/MPL/4076739934 SUHERNI,146,1,62650.0
INV/20240810/MPL/4079596415 VAICO MAMOLA,144,1,62650.0
INV/20240810/MPL/4079639029 HARUN GUNAWAN,144,1,67125.0
INV/20240810/MPL/4080267794 ELA,144,1,44750.0
INV/20240810/MPL/4080424855 ERWINA,144,1,59475.0
INV/20240811/MPL/4081381441 ERIC ANANDA,143,1,44750.0
INV/20240812/MPL/4083058377 ALI SALIM,142,1,45750.0
INV/20240812/MPL/4083764631 DEBORA KRISDIANA,142,1,44750.0
INV/20240812/MPL/4084249976 LUSIA DIVI (6285157338297),142,1,53700.0
INV/20240812/MPL/4084266748 ANTHONY PRIBUDI,142,1,438550.0
INV/20240814/MPL/4087325614 MARDE STENLY MAWIKERE,140,1,75075.0
INV/20240814/MPL/4087699066 AARON IRWANTO,140,1,67125.0
INV/20240814/MPL/4089047802 LINDA,140,1,91500.0
INV/20240814/MPL/4089106977 ONGKO WIJOYO,140,1,44750.0
INV/20240815/MPL/4089559526 MAT*** LEVR****,139,1,35800.0
INV/20240815/MPL/4090597851 DANIEL ADI WIJAYA,139,1,53700.0
INV/20240815/MPL/4090656301 ESA TAFONAO,139,1,44750.0
INV/20240815/MPL/4091173000 KEVINA NATHANAEL INDRIA ARDY,139,1,25060.0
INV/20240816/MPL/4091322120 ALEX,138,1,62650.0
INV/20240816/MPL/4091600192 DJONI FEBRIANTO,138,1,44750.0
INV/20240816/MPL/4092006638 ON** LIBR*** JAWA TENGAH,138,1,44750.0
INV/20240816/MPL/4092214836 NAN** DKI JAKARTA,138,1,44750.0
INV/20240816/MPL/4092220273 HER** TA* DKI JAKARTA,138,1,67125.0
INV/20240816/MPL/4092406126 SAMUEL RUSLI,138,1,55490.0
INV/20240816/MPL/4092446111 SAMUEL JEREMY I,138,1,49225.0
INV/20240816/MPL/4092803068 FRE*** VE* JAWA TIMUR,138,1,49750.0
INV/20240817/MPL/4094344696 YOEL KRISTIANTO,137,1,32600.0
INV/20240817/MPL/4094613374 FANNY SUTIONO (62817532618),137,1,52400.0
INV/20240818/MPL/4094871661 YOVIE GIVEN,136,1,58175.0
INV/20240818/MPL/4094937382 PUT** HAND***** (*********0042,136,1,62650.0
INV/20240818/MPL/4096314514 HERRY TAN,136,1,58175.0
INV/20240819/MPL/4097173586 GID*** LE** (*********9059),135,1,61150.0
INV/20240821/MPL/4101265877MULTINA YUSUF TANDI (MASTA 24),133,1,62650.0
INV/20240821/MPL/4101363041 SUJUD SUBRIANWARI,133,1,54915.0
"INV/20240822/MPL/4102759423 SABRINA HUTAPEA, ANITA SIANTURI",132,1,41175.0
INV/20240826/MPL/411081680 VONNY LODIA,128,1,59475.0
INV/20240826/MPL/4110816806,125,1,59475.0
INV/20240827/MPL/4113514178 REBECCA SHARON WONG 24,127,1,59475.0
INV/20240828/MPL/4114493342 RINI,126,1,290875.0
INV/20240828/MPL/4115789278 ZEVANYA,125,1,67125.0
INV/20240828/MPL/4115962968 ROSNAH,125,1,107400.0
INV/20240829/MPL/4118101834 DA** VIC*** FERD***** DEND***,125,1,59475.0
INV/20240830/MPL/4118567904 YOOBELL,124,1,65425.0
INV/20240830/MPL/4119955592 MICHELLE AURELIA ISA,124,1,25060.0
INV/20240830/MPL/4119955593 MICHELLE AURELIA ISA,124,1,53700.0
INV/20240901/MPL/4123083517 TIO,122,1,54900.0
INV/20240901/MPL/4124511066 LILIANA,122,1,58175.0
INV/20240903/MPL/4129110955 ENNIE,120,1,49225.0
INV/20240904/MPL/4130130217 DENNY JUNIOR CHANDRA,119,1,1890240.0
INV/20240904/MPL/4130684476 DWI ANTYA TANAYA,119,1,125300.0
INV/20240905/MPL/4132871764 MICHAEL OCTAVIANUS,118,1,58175.0
INV/20240907/MPL/4137653692 CHRISTANTI MURTININGRUM (628*******275),116,1,89500.0
INV/20240907/MPL/4138759285 YUNIAR YEHESKIAL ALEXANDER,116,1,69810.0
INV/20240907/MPL/4138806518 YUNIAR YEHESKIAL ALEXANDER,116,1,62650.0
INV/20240907/MPL/4139489193 SRIJANTINI PURNAWAN,116,1,68625.0
INV/20240907/MPL/4139496552 SRIJANTINI PURNAWAN,116,1,25060.0
INV/20240909/MPL/4143601984 STE** JAWA TIMUR,114,1,53700.0
INV/20240909/MPL/4146223378 AURI,114,1,76075.0
INV/20240910/MPL/4146567787 MIKH*** TUMA***** (*********8495),113,1,34770.0
INV/20240910/MPL/4147112819 ADITYA PRIOLAN,113,1,62650.0
INV/20240911/MPL/4148928554 CHRISTANTI MURTININGRUM,112,1,107400.0
INV/20240911/MPL/4149100939 BELLA SITORUS,112,1,62650.0
INV/20240911/MPL/4150235967 PRAS***** LUM*** JAWA TIMUR,112,1,67125.0
INV/20240912/MPL/4152047883 AHM** BANTEN,111,1,76860.0
INV/20240912/MPL/4152154476 TOKO EFRATA BARU HENRY,111,1,64050.0
INV/20240913/MPL/4153429758 MARIA WIDJAJA,110,1,107400.0
INV/20240913/MPL/4153916692 ADITYA PRIOLAN,110,1,53700.0
INV/20240914/MPL/4154607164 ANANG SAPUTRA,109,1,78760.0
INV/20240916/MPL/4158373806 HANA,107,1,24640.0
INV/20240917/MPL/4159574476 PATRICIA VALERIE,106,1,149600.0
INV/20240917/MPL/4159675935 TITUS CANDRA,106,1,52800.0
INV/20240917/MPL/4161497593 LINAWATI,105,1,64050.0
INV/20240918/MPL/4161838421 HOKKE ANDRIAN JASA,105,1,114400.0
INV/20240918/MPL/4162916424 LIAU SAU JUNG,105,1,48400.0
INV/20240918/MPL/4162994045 KADEK SATIANI,105,1,48400.0
INV/20240918/MPL/4163029948 MARIA INDIRA,104,1,66000.0
INV/20240918/MPL/4163132344 ARIES MADETHEN,105,1,48400.0
INV/20240918/MPL/4163190415 DILA,105,1,48400.0
INV/20240918/MPL/4163350973 MILKA ADRIANA,104,1,190080.0
INV/20240920/MPL/4165491790 DAVID AGNES CHYNTIA,103,1,48400.0
INV/20240920/MPL/4166039498 TRIAN WIJAYA (KAMAR 9),103,1,88000.0
INV/20240920/MPL/4166774402 CECILIA ALOINA,103,1,50325.0
INV/20240921/MPL/4167887709 BANI FIRDAUS,102,1,48400.0
INV/20240922/MPL/4169289647 SULTAN SERUI (JEAN LAWALATA SERUI) DAYZAQ,101,1,211200.0
INV/20240923/MPL/4171721041 WULAN CHRISMIHADI,100,1,61600.0
INV/20240923/MPL/4171769812 ERIC ANANDA,100,1,48400.0
INV/20240924/MPL/4172124664 IRA KARTIKA MARAYA BANGRI,99,1,96800.0
INV/20240924/MPL/4172139878 ESA TAFONAO,99,1,48400.0
INV/20240924/MPL/4172217088 SONNY EMMANUEL CORNELIUS,99,1,48400.0
INV/20240924/MPL/4172847293 CHRISTIANI SINAMBELA,99,1,74800.0
INV/20240924/MPL/4173217525 SUNDJAJA,99,1,48400.0
INV/20240926/MPL/4176679096 STEVE W,97,1,48400.0
INV/20240926/MPL/4178008951 CARMIA,97,1,96800.0
INV/20240926/MPL/4178493345 CINDY,97,1,48400.0
INV/20240926/MPL/4178586192 SHERLY,97,1,91500.0
INV/20240927/MPL/4178678251 EVA HERNITA,96,1,96800.0
INV/20240927/MPL/4178773435 SAHISNU,96,1,48400.0
INV/20240927/MPL/4178773436 SAHI*** JAWA TIMUR,96,1,52800.0
INV/20240927/MPL/4178919835 ESTHER,96,1,74800.0
INV/20240927/MPL/4179132596 PPA HOPE GENERATION,95,1,105600.0
INV/20240927/MPL/4179290846 GE** JAWA TIMUR,96,1,48400.0
INV/20240927/MPL/4179332367 ANGGA DWI,96,1,48400.0
INV/20240927/MPL/4180272310 SAMUEL SOEGIARTO (0318416506),96,1,61600.0
INV/20240927/MPL/4180555396 TJIANDRA WIDJAJA WONG (628159511111),96,1,145200.0
INV/20240928/MPL/418113149 HENDRY MONGKAU,95,1,59475.0
INV/20240928/MPL/4181131495,93,1,48400.0
INV/20240928/MPL/4181828697 JEON,95,1,312000.0
INV/20240929/MPL/4183336251 ADVENT YONATHAN,94,1,88000.0
INV/20240930/MPL/4184723402 JULIANA,93,1,48400.0
INV/20240930/MPL/4184917659 KRISTONI MONEPA,93,1,48400.0
INV/20240930/MPL/4184917660 KRISTONI MONEPA,93,1,86240.0
INV/20240930/MPL/4185792653 ANDREW,93,1,65150.0
INV/20240930/MPL/4186309204 DIAN,93,1,48400.0
INV/20241001/MPL/4187200513 YEDIJA BELLA,92,1,198000.0
INV/20241001/MPL/4187936325 FIFI EKA,92,2,152575.0
INV/20241001/MPL/4188294648 YUDI KURNIAWAN,92,1,59475.0
INV/20241001/MPL/4189018847 ANGGA PRASETYA,92,1,57200.0
INV/20241001/MPL/4190216643 RENDI SETIAWAN,92,1,64050.0
INV/20241002/MPL/4191992888 GRACECIKA,91,1,73920.0
INV/20241003/MPL/4193630048 ZUSAN,91,1,61600.0
INV/20241003/MPL/4194741393 ALVIN TEGUH,90,1,57200.0
INV/20241004/MPL/4197361938 TORA TAMBUNAN,89,1,57200.0
INV/20241005/MPL/4198141668 ELLY SIANTURI,88,1,59325.0
INV/20241007/MPL/4202394079 MR. ALEX TAGUKAWI,86,1,74800.0
INV/20241007/MPL/4203719388 BILLIE ASTIVAN,86,1,57200.0
INV/20241008/MPL/4204838668 GRACECIKA,85,1,50050.0
INV/20241008/MPL/4206135601 DIVA,85,1,57200.0
INV/20241008/MPL/4206365579 THEEVA RHESANDREA,85,1,66000.0
INV/20241009/MPL/4206901979 TIO,84,1,64050.0
INV/20241010/MPL/4209744938 ESA TAFONAO,83,1,35200.0
INV/20241010/MPL/4209793243 ESA TAFONAO,83,1,57200.0
INV/20241010/MPL/4209850015 LIA SS33,83,1,74800.0
INV/20241010/MPL/4209890901 HERRY SUSANTO,83,1,57200.0
INV/20241010/MPL/4210743958 STEPHANUS JUNIANTO,83,1,352000.0
INV/20241010/MPL/4211019030 FELICIA,83,1,57200.0
INV/20241011/MPL/4213830945 HARTONO,82,1,52550.0
INV/20241011/MPL/4214095527 ENDI PRATAMA,82,1,57200.0
INV/20241012/MPL/4215760402 ELISABET YULIANA,81,1,56730.0
INV/20241013/MPL/4218289952 BILLY HARTADI,80,1,77440.0
INV/20241014/MPL/4220081619 HERRY TAN,79,1,52800.0
INV/20241015/MPL/4221457943 KEVIN,78,1,85025.0
INV/20241016/MPL/4222171773 JULIE,77,1,23660.0
INV/20241016/MPL/4223443219 YANTY,77,1,105600.0
INV/20241017/MPL/4225508808 RICHARD HARIANTO,76,1,33740.0
INV/20241018/MPL/4227553656 ANDY TAMIN (62816975770),75,1,64050.0
INV/20241019/MPL/4227797873 PRIYANA NURYADI (628118403105),74,1,64050.0
INV/20241019/MPL/4227807498 JIMMY (08112233838),74,1,54900.0
INV/20241019/MPL/4227807499 JIMMY (08112233838),74,1,64050.0
INV/20241019/MPL/4228008051 JOS JAHJA (62811915246),74,1,64050.0
INV/20241019/MPL/4228045522 SERLLY (6287780876464),74,1,45950.0
INV/20241019/MPL/4228050927 WI KHAI (6281649694768),74,1,64050.0
INV/20241019/MPL/4229068022 AIR** KAR** JUWE*** DKI JAKARTA,74,1,312000.0
INV/20241019/MPL/4229272673 BENYAMIN (085288280395),73,1,45950.0
INV/20241020/MPL/4229881987 AJEMMY S BRIDGE EXPRESS (6281223811010),73,1,70400.0
INV/20241021/MPL/4231727040 JOTLIE (62811410803),72,1,64050.0
INV/20241021/MPL/4232162725 ANDREY SUSANTO (628122652625),72,1,64050.0
INV/20241021/MPL/4232279067 BUDI GUNAWAN (6281806345261),72,1,64050.0
INV/20241022/MPL/4233219540 WI KHAI (6281649694768),71,1,45950.0
INV/20241022/MPL/4233742481 MURNI (6281282229277),71,1,123200.0
INV/20241022/MPL/4234189989,71,1,64050.0
INV/20241023/MPL/4234658909 WILLIAM TANUJAYA (628112904038),70,1,64050.0
INV/20241023/MPL/4234766145 ANDREW KURNIAWAN TJANDRA (6281901668566),70,1,369600.0
INV/20241023/MPL/4234945241 YERRY ANDREAS (6281901905686),70,1,32750.0
INV/20241023/MPL/4235051658 STEFANI CHRISTINA NUGRAHA (6281282196793),70,1,96800.0
INV/20241023/MPL/4235596496 IRWANTO (628161436863),70,1,64050.0
INV/20241024/MPL/4236473931 ANG** DW* JAWA TIMUR,69,1,61600.0
INV/20241024/MPL/4237467795HERY SUGIYANTO (6281334046380),69,1,64050.0
INV/20241024/MPL/4237688917 APIN (6285375307555),69,1,64050.0
INV/20241025/MPL/4238304840 DANI***** CHRI***** DKI JAKARTA,68,1,64050.0
INV/20241025/MPL/4238360530 ODELIA PATRICE (6281225659460),68,1,64050.0
INV/20241025/MPL/4239589613 GILLY (6281284004420),68,1,32225.0
INV/20241025/MPL/4239983540 ANDY TAMIN (62816975770),68,1,155550.0
INV/20241025/MPL/4240027450 GRACE S (628118802669),68,1,12000.0
INV/20241026/MPL/4240520272 MONICA (6289526535269),67,1,32225.0
INV/20241026/MPL/4241880807 LILY (628174968855),67,1,77775.0
INV/20241026/MPL/4241893212 TOKO 3 LISTRIK (UP RUDY H) (628122915642),67,1,32225.0
INV/20241026/MPL/4241900954 SUTIKNO G (6287855775972),67,1,45950.0
INV/20241026/MPL/4241977225 IDA SUNDARI (6281513700394),67,1,32225.0
INV/20241026/MPL/4242096154 MARIO HUTAGALUNG (6281283832527),66,1,32225.0
INV/20241027/MPL/4242348345 JESSICA (6281319592117),66,1,32225.0
INV/20241027/MPL/4242450050 BUDI TANDIONO (081332008777),66,1,64450.0
INV/20241027/MPL/4242954858 PRISKA MAHARANI WINEDARIGNTYAS (6285725808537),66,1,52800.0
INV/20241027/MPL/4242967856 SHIERLY (62816610055),66,1,23695.0
INV/20241027/MPL/4243783188 YUDI KURNIAWAN (62817319834),66,1,64050.0
INV/20241028/MPL/4244066593 OMA SALAM (6281511088680),65,1,64050.0
INV/20241028/MPL/4244182243 IBU ANI SOPIYATNI (6282138538477),65,1,24640.0
INV/20241028/MPL/4244274394 NEHEMIAH RIGGRUBEN (6282114218795),65,1,345708.0
INV/20241028/MPL/4244521424 YUSAK TAMAL (6289652224164),65,1,59475.0
INV/20241028/MPL/4245803796 GRACE HERMAWANTO (6285234547890),65,1,39605.0
INV/20241030/MPL/4248570637 DANIEL KRISTANTO (6281234589504),63,1,68625.0
INV/20241031/MPL/4250816053 IB* YO** U* HART**** JAWA TIMUR,62,1,58625.0
INV/20241031/MPL/4251136558 KRI*** LIMA***** JAWA TIMUR,62,1,74800.0
INV/20241031/MPL/4251584193 ANGELINA APRILIA (6285697982641),62,1,57200.0
INV/20241101/MPL/4252331416 WI KHAI (6281649694768),61,1,57200.0
INV/20241101/MPL/4253148629 DINDA NIRWANA (6282277673574),61,1,57200.0
INV/20241101/MPL/4253642258 MR. ALEX TAGUKAWI (6281353218462),61,1,59475.0
INV/20241101/MPL/4253886182 MELKI (6287888119591),61,1,70400.0
INV/20241102/MPL/4255047199 HENDY TAURIS (62818933103),60,1,88000.0
INV/20241102/MPL/4256329213 SRI SAYEKTI (62895369582602),60,1,64050.0
INV/20241103/MPL/4257516583 RONALD S (628*******900),59,1,54560.0
INV/20241103/MPL/4258094804 RIAN (6285882449117),59,1,52800.0
INV/20241105/MPL/4261819044 LIDYA HERYANTO (6281290201092),57,1,59475.0
INV/20241105/MPL/4261824398 LIDYA HERYANTO (6281290201092),57,1,79200.0
INV/20241105/MPL/4262954527,57,1,68640.0
INV/20241106/MPL/4264008613 ER** ANA*** KALIMANTAN SELATAN,56,1,35200.0
INV/20241106/MPL/4265506804 DEWIDEX,56,1,25620.0
INV/20241108/MPL/4269082630 YUNIAR YEHESKIAL ALEXANDER,54,1,55440.0
INV/20241108/MPL/4270312167 ANDR*** SUKO****** JAWA TIMUR,54,1,35200.0
INV/20241110/MPL/4273567438,52,1,59475.0
INV/20241111/MPL/4275980386 NISA,51,1,52800.0
INV/20241111/MPL/4277786898 KEN** JAWA TIMUR,51,1,35200.0
INV/20241111/MPL/4278710953 RE** MUBA*** PASA**** DKI JAKARTA,51,1,35200.0
INV/20241111/MPL/4278939539 GRACE MARLEEN,51,1,66000.0
INV/20241112/MPL/4279897091 ERLANGGA DHARMA,50,1,137250.0
INV/20241112/MPL/4281088203 RI** DW* LEST*** JAWA TENGAH,50,1,35200.0
INV/20241113/MPL/4281301548 HARI**** RICK**** WIDJ***,49,1,70400.0
INV/20241113/MPL/4281823571 RAY BURTON,49,1,312000.0
INV/20241113/MPL/4281968150 ALF** DKI JAKARTA,49,1,35200.0
INV/20241113/MPL/4282153669 BENNY HENDRICRIANTO,49,1,33860.0
INV/20241113/MPL/4282979015 CHAN*** UDAY*** JAWA TIMUR,48,1,105600.0
INV/20241114/MPL/4284083911 ROSELANI,48,1,89670.0
INV/20241115/MPL/4285156126 HARIADI,47,1,35200.0
INV/20241115/MPL/4285338902,47,1,52800.0
INV/20241118/MPL/4289835233 INN** JAWA TIMUR,44,1,1760000.0
INV/20241118/MPL/4290009791 GRACE,44,1,58625.0
INV/20241118/MPL/4290822916 SIEN HARTONO,44,1,86240.0
INV/20241118/MPL/4291273994 YEDIJA BELLA,44,1,198000.0
INV/20241119/MPL/4292931197 TANTY SAGITTA,43,1,35200.0
INV/20241120/MPL/4294773467 NO** (*********1135),42,1,57200.0
INV/20241121/MPL/4296156758 KTDREZ,41,1,109800.0
INV/20241121/MPL/4296835050 LINDAWATI,41,1,35200.0
INV/20241122/MPL/4297267583,40,1,36600.0
INV/20241122/MPL/4298067032 NO** (*********1135),40,1,59400.0
INV/20241123/MPL/4300121474 ENDRICK,37,1,100455.0
INV/20241124/MPL/4301452073 HATTA HALIMAS,37,1,35200.0
INV/20241126/MPL/4305222795 ROSA ELFRIDE H,36,1,35200.0
INV/20241127/MPL/4305757121 MARTIN HUNARIO,35,1,88000.0
INV/20241128/MPL/4308514720 BPK. JACK LEMA,34,1,57200.0
INV/20241128/MPL/4309447344 EMILE PARAPAT,34,1,35200.0
INV/20241129/MPL/4310685885 YOSUA,33,1,35200.0
INV/20241129/MPL/4311578140 HERY,33,1,35200.0
INV/20241130/MPL/4312905727 STEPHANIE,32,1,35200.0
INV/20241130/MPL/4313111269 LIDIA NATALIA,32,1,59475.0
INV/20241130/MPL/4313434710 YEANNY MS,31,1,77775.0
INV/20241201/MPL/4314443602 INDRA WAHYUDI,31,1,54225.0
INV/20241201/MPL/4315140777 JENNY SARAGIH,31,1,68625.0
INV/20241202/MPL/4317475422 STEPHEN CHRISTIANTO,30,1,79200.0
INV/20241202/MPL/4317558002 STEVEN WINDYARTO,30,1,158400.0
INV/20241202/MPL/4317632540 EPHY,30,1,100650.0
INV/20241202/MPL/4317636514 RICKY GUNARDI,30,1,75000.0
INV/20241203/MPL/4317957031 LAMBERT,29,1,32200.0
INV/20241203/MPL/4317966886 DAVID AGNES CHYNTIA,29,1,79200.0
INV/20241203/MPL/4318464741 DWI RAHAYU ERNY KRISTINA,29,1,79200.0
INV/20241203/MPL/4318498974 MAHENDRA PERMANA PUTERA,29,1,64050.0
INV/20241203/MPL/4318529835 HE** (*********3688),29,1,158400.0
INV/20241203/MPL/4318554967 YUDHISTIGA PUTRA CHRISTMAS SISWANDI,29,1,91500.0
INV/20241203/MPL/4318956495 IKA VERONIKA,29,1,79200.0
INV/20241203/MPL/4318975833 YANTY SULAIMAN,29,1,79200.0
INV/20241203/MPL/4319348635 YENI SUTANTO,29,1,79200.0
INV/20241203/MPL/4319355160 DHANIEL,29,1,79200.0
INV/20241203/MPL/4319430787 WISWANSYAH ONGGYARDI,29,1,44000.0
INV/20241203/MPL/4319447769 MISS ELINA,29,1,80520.0
INV/20241203/MPL/4319701021 AY* (*********1212),29,1,79200.0
INV/20241204/MPL/4320008541 DANTE,28,1,100650.0
INV/20241204/MPL/4320317550 HEERY SIMANJUNTAK,28,1,52800.0
INV/20241204/MPL/4320427071 STEVEN WINDYARTO,28,1,158400.0
INV/20241204/MPL/4321139456 DJ ANTHONY,28,1,91500.0
INV/20241204/MPL/4321324127 JESSICA,28,1,0.0
INV/20241204/MPL/4321806111 E* VAN** HU**,28,1,79200.0
INV/20241204/MPL/4321868698 YOS** LEON**** LUB**,27,1,79200.0
INV/20241205/MPL/4322248114 BUDI GUNAWAN,27,1,79200.0
INV/20241205/MPL/4322647169 RACHEL VERONICA,27,1,79200.0
INV/20241205/MPL/4322774157 DANIEL SUTADI,27,1,57200.0
INV/20241205/MPL/4323337480 HARJOKO,27,1,79200.0
INV/20241205/MPL/4323340186 JENNY,27,1,79200.0
INV/20241205/MPL/4323648984 RIVO FERDIAN ARCO KAKUNSI,27,1,44000.0
INV/20241206/MPL/4323998142 ANDRI WAHYUDI,26,1,90000.0
INV/20241206/MPL/4324359816 IBU CHRISTIN,26,1,79200.0
INV/20241206/MPL/4324429404 BENITA THEDA,26,1,61600.0
INV/20241206/MPL/4324560167 MEILANY D,26,1,201300.0
INV/20241206/MPL/4324716563 STEVEN WINDYARTO,26,1,158400.0
INV/20241206/MPL/4324960662 IB* YO** U* HART**** JAWA TIMUR,26,1,59400.0
INV/20241206/MPL/4325117535 IRENNA,26,1,79200.0
INV/20241206/MPL/4325254948 YOAP DUANTO,26,1,79200.0
INV/20241206/MPL/4325369858 BENITA THEDA,26,1,0.0
INV/20241207/MPL/4327195511 HIZKIA SIBARANI,25,1,79200.0
INV/20241207/MPL/4327372530 FINDER NORMANDIA YEHEZKIEL,25,1,61600.0
INV/20241207/MPL/4327522913 STE** (*********7781),25,1,79200.0
INV/20241207/MPL/4327633164 PAULUS KUSMANA,25,1,79200.0
INV/20241207/MPL/4327785599 GLORIA ANDIDA CAHYA,25,1,58800.0
INV/20241207/MPL/4327919627 FRANS M,25,1,79200.0
INV/20241207/MPL/4328026767 SURIANTO,25,1,158400.0
INV/20241208/MPL/4328224585 LINDA,24,1,79200.0
INV/20241208/MPL/4328352183 YOHANA,24,1,79200.0
INV/20241208/MPL/4328441710 JULIAWATI SUKARIA,24,1,79200.0
INV/20241208/MPL/4328551861 DIANA,24,1,79200.0
INV/20241208/MPL/4328649335 YUDI KRISTANTO,24,1,79200.0
INV/20241208/MPL/4328720258 FAJAR,24,1,79200.0
INV/20241208/MPL/4328720768 NEHEMIA JOSEPH,24,1,1663200.0
INV/20241208/MPL/4328781978 ENNY**** (*********1270),24,1,79200.0
INV/20241208/MPL/4328919918 THERESIA STELLA,24,1,79200.0
INV/20241208/MPL/4328947094 RUTINI TANUDJAJA,24,1,79200.0
INV/20241208/MPL/4329225315 IBU HANNA,24,1,79200.0
INV/20241208/MPL/4329288459 NIA,24,1,79200.0
INV/20241208/MPL/4329379710 HENDRIK JONATHAN,24,1,79200.0
INV/20241208/MPL/4329419848 JEVON MARKS,24,1,79200.0
INV/20241208/MPL/4329523696 LUKAS,24,1,58800.0
INV/20241209/MPL/4329861425 IMAN,23,1,79200.0
INV/20241209/MPL/4330639269 DJOKO,23,1,61600.0
INV/20241209/MPL/4330882384 EDWIN SALVATORE HARYANTO,23,1,79200.0
INV/20241209/MPL/4330927043 DEVITA,23,1,79200.0
INV/20241209/MPL/4331003604 HERRY TAN,23,1,158400.0
INV/20241209/MPL/4331380131 FANNY FIMANDJAJA,23,1,79200.0
INV/20241210/MPL/4331853064 HENDRY,22,1,79200.0
INV/20241210/MPL/4332843041 DONY DERMAWAN,22,1,493962.0
INV/20241210/MPL/4333139439 ALIANSYAH WARDONO,22,1,79200.0
INV/20241210/MPL/4333504059 BUDI,22,1,704000.0
INV/20241210/MPL/4333704174 STEFANUS ANUGRAHA LUKMANTO,22,1,57200.0
INV/20241211/MPL/4334179585 ABBY LIMANTORO,21,1,158400.0
INV/20241211/MPL/4334729553 TOMMY GOENAWAN,21,1,82350.0
INV/20241211/MPL/4335047361 ANDRE BUDIJANTO,21,1,396000.0
INV/20241211/MPL/4335201278 AYU WAHYUNINGSIH,21,1,79200.0
INV/20241211/MPL/4335429259 CLAUDIA ANGELINA LOIS,21,1,79200.0
INV/20241212/MPL/4336132614 YOEL,20,1,79200.0
INV/20241212/MPL/4336952561 BEATRICE CLAUDIA,20,1,86000.0
INV/20241212/MPL/4337208541 ROSELANI,20,1,79200.0
INV/20241212/MPL/4337575828 ESA TAFONAO,20,1,79200.0
INV/20241212/MPL/4338798811 IVAN SATUNAMA,20,1,79200.0
INV/20241212/MPL/4339052217 ALBERT LIADINATA,20,1,79200.0
INV/20241212/MPL/4339457314 ANGELICA ATHALIA,20,1,158400.0
INV/20241212/MPL/4339515711 WI** HAND******* (*********7070),20,1,74800.0
INV/20241212/MPL/4339600916 MR. DENNY HARIANTO,20,1,22000.0
INV/20241212/MPL/4339803905 RONALD S,20,1,57200.0
INV/20241212/MPL/4339883264 YONGKI BUDIMAN,20,1,54925.0
INV/20241213/MPL/4340433594 TOGIANA SIHOTANG,19,1,70400.0
INV/20241213/MPL/4340457937 ALBERT,19,1,79200.0
INV/20241214/MPL/4342529786 STEPHENLY TONGGANO,18,1,79200.0
INV/20241214/MPL/4342877697 JOSEPHINE LINUS,18,1,79200.0
INV/20241214/MPL/4343164778 BUDI SETIAWAN,18,1,79200.0
INV/20241215/MPL/4343946173 MIKE GRACE,17,1,316800.0
INV/20241215/MPL/4344137531 ARCO HARTANTO,17,1,79200.0
INV/20241215/MPL/4344230372 HERMIN,17,1,79200.0
INV/20241215/MPL/4344338968 FIONA,17,1,58625.0
INV/20241215/MPL/4344657177 ANI,17,1,63800.0
INV/20241216/MPL/4345550466 STEPHANIE SETIADI,16,1,66000.0
INV/20241217/MPL/4348433291 STEPHANIE SETIADI,15,1,96800.0
INV/20241217/MPL/4348810084 SAMUEL NUGROHO,15,1,96800.0
INV/20241217/MPL/4348886934 BENITA THEDA,15,1,70400.0
INV/20241217/MPL/4349073261 NATHAN TARIGANS,15,1,105600.0
INV/20241217/MPL/4349265945 SENJAYA NAGAWIGUNA,15,1,73200.0
INV/20241218/MPL/4350916571 ELTY WILY KASIM,14,1,193600.0
INV/20241218/MPL/4351305558 STEFANUS ANUGRAHA LUKMANTO,14,2,197450.0
INV/20241219/MPL/4352907676 YULIANTI YOLANDA,13,1,96800.0
INV/20241219/MPL/4353205840 ARIA WIRA PERDANA,13,1,312000.0
INV/20241220/MPL/4353663826 CHRISTINE,12,1,58800.0
INV/20241220/MPL/4354035767 TOMMY CHENDANA,12,1,91500.0
INV/20241221/MPL/4356179516 NO** JAWA TIMUR,11,1,57200.0
INV/20241221/MPL/4356194317 NO** JAWA TIMUR,11,1,74800.0
INV/20241222/MPL/4356974672 GUNA*** BANTEN,10,1,96800.0
INV/20241222/MPL/4356977170 ANTO HERMAWAN,10,1,96800.0
INV/20241222/MPL/4357856447 REV** THEO**** JAWA TIMUR,10,1,105600.0
INV/20241223/MPL/4358808830 CYNTHIA JANE,9,1,87800.0
INV/20241223/MPL/4358975706 AWANG,9,1,84800.0
INV/20241223/MPL/4359357046 BPK. HARTAWAN,9,1,24640.0
INV/20241223/MPL/4359786551 ADE OKTAVIA,9,1,96800.0
INV/20241224/MPL/4360867592 DAN*** REG*** JAWA TIMUR,8,1,96800.0
INV/20241225/MPL/4362180722 YUNITA,7,1,57200.0
INV/20241225/MPL/4363581695 MIKHA ASIDO SIMANJUNTAK,7,1,96800.0
INV/20241225/MPL/4363626379 JEJE,7,1,96800.0
INV/20241226/MPL/4363888684 NORMAN,6,1,45000.0
INV/20241226/MPL/4364021228 DAVIS,6,1,44000.0
INV/20241226/MPL/4364088458 HIZKIA,6,1,96800.0
INV/20241227/MPL/4365829356 DAN*** TAN** JAWA TIMUR,5,1,88000.0
INV/20241227/MPL/4366192692 PS.WIJAYA,5,1,110000.0
INV/20241227/MPL/4366696070 MAY*** DKI JAKARTA,5,1,55440.0
INV/20241227/MPL/4366913332 RON*** ROSA*** DKI JAKARTA,5,1,96800.0
INV/20241227/MPL/4367029507 ALF** DKI JAKARTA,5,1,35200.0
INV/20241228/MPL/4367095024 IB* IME*** UN** 47* DKI JAKARTA,4,1,24640.0
INV/20241228/MPL/4367237940 TIKA**** DKI JAKARTA,4,1,49280.0
INV/20241228/MPL/4367257797 SUNA*** SAD*** DKI JAKARTA,4,1,228800.0
INV/20241229/MPL/4368712773 WIDY***** BALI,3,1,57200.0
INV/20241229/MPL/4369288630 MAL*** MAN*** JAWA TIMUR,3,1,92240.0
INV/20241229/MPL/4369315848 PRAJ**** SUGO*** JAWA TIMUR,3,1,96800.0
INV/20241229/MPL/4369456384 DUC** HAL** JAWA TIMUR,3,1,290400.0
INV/20241229/MPL/4369717491 JOKO,3,1,96800.0
INV/20241230/MPL/4370352760 STEF**** HERM**** JAWA BARAT,2,1,70400.0
INV/20241230/MPL/4370719369 JU** WIN*** DKI JAKARTA,2,1,123200.0
INV/20241230/MPL/4371573332 SO** TRIN*** JAWA TENGAH,2,1,110000.0
INV/20241230/MPL/4371688836 DEWI SOUISA,2,1,61600.0
INV/20241230/MPL/4371715547 MAU*** JAWA BARAT,2,1,96800.0
INV/20241231/MPL/4372694028 RAYM*** DKI JAKARTA,1,1,96800.0
IPAN HUTABALIAN,987,1,67900.0
IPAN NABIRE,90,1,49000.0
IPN,2791,1,1750000.0
IQBAL PAMBUDI / KOLPORTASE GKI DARMO PERMAI,2147,1,6221600.0
IR SUBARJADI,1150,2,97500.0
"IR. JEMMY SUILA, M.SI",1101,3,156500.0
"IR. JEMMY SUILA, M.SI,",355,2,162000.0
IRA,2805,1,45000.0
IRA INV/20230818/MPL/3408367352,502,1,36833.0
IRA KARTIKA MARAYA BANGRI,918,4,321360.0
IRA KARTIKA MARAYA BANGRI INV/20231008/MPL/3498879184,450,1,68625.0
IRA KARTIKA MARAYA BANGRI INV/20231019/MPL/3518167065,440,1,59475.0
"IRA KARTIKA MARAYA BANGRI,",413,1,60000.0
IRA NUGRAHA,208,5,370000.0
IRA PUSPA SARI DEWI,983,1,77600.0
"IRA RIA PURBA,",2226,1,65000.0
IRA YULIANTI JOHAN,2590,2,99000.0
"IRA,",1944,1,48000.0
"IRA,,",1066,1,133110.0
IRA.,1534,1,72000.0
IRAFIKA,1684,2,58000.0
"IRAFIKA,",661,1,95700.0
IRAINSANI PURBA,1702,1,25000.0
IRANA PRISKA,915,3,159463.0
"IRANA PRISKA,",2347,1,50000.0
IRAWAN BPK,534,1,525000.0
IRAWAN HARDJO,545,1,956250.0
IRAWANI SUGIARSO,1416,1,60000.0
IRAWATI SIBARANI,1283,1,48500.0
IREKHA RAMOT OLIVIA PARAPAT,1622,1,31800.0
IREN MUHARTONO,1176,1,85360.0
IREN SAILANA,1003,1,73110.0
IREN SILABAN,1193,1,63375.0
IRENE,1968,1,61200.0
IRENE ANAKOTTA,68,4,231000.0
IRENE ANGELA,1175,2,136500.0
IRENE CAROLIN NUSSY,1283,1,44135.0
IRENE CELINE,1299,1,17550.0
IRENE DEARNI SARAGIH,853,5,107094.0
IRENE GUNAWAN,926,1,0.0
IRENE HASUGIAN,1262,1,64095.0
IRENE INV/20230313/MPL/3107939976,660,1,54900.0
IRENE INV/20241126/MPL/4304176100,36,1,44000.0
IRENE JOSEPHINE,1128,4,255110.0
IRENE MARIA WATO,2088,2,76900.0
IRENE MELLINA PANGGABEAN,1101,1,40903.0
IRENE MP,1668,1,60000.0
IRENE MULE PARINDING,1720,1,54000.0
IRENE NATALIA,1255,1,24975.0
IRENE SANTOSO,1458,3,133980.0
IRENE SARAGIH,898,1,63180.0
IRENE SHOPEE,928,1,62075.0
IRENE SILAEN,1654,1,25000.0
IRENE SOETANTO,983,1,310400.0
IRENE STEVANI,907,2,117410.0
IRENE SUSANTO,1222,1,30050.0
IRENE SYLVIA,1614,2,83210.0
IRENE SYLVIA.,1022,1,68000.0
IRENE TOPED,1311,1,27072.5
"IRENE YENAWAN,",1776,1,51600.0
IRENE YOLANDA,2653,1,54000.0
"IRENE,",2346,1,114000.0
"IRENE,,,",1615,2,74200.0
IRENE..,983,2,128040.0
IRENE...,1042,1,45925.0
IRENE.C.NUSSY,983,1,80000.0
IRENE/DENNY,1351,2,189475.0
IRENEE,915,1,72750.0
IRENNE YANITA,2735,3,244800.0
IRFAN SANTOSO,520,1,120000.0
IRFANDI SAMOSIR07,2198,1,63000.0
"IRFANDISAMOSIR,",2077,1,70000.0
IRINA VALENTINA PRIBADI,1615,1,61480.0
IRINE HEIPON,2161,1,60000.0
IRINE WIDIASTUTI MANURUNG,1615,3,1203360.0
IRMA AMBARITA,1210,1,-29760.0
"IRMA AMBARITA,",562,1,70000.0
IRMA HARTONO,2800,1,148500.0
IRMA MELIAKI,2417,1,54000.0
IRMA PRATITIA,2486,1,67500.0
"IRMA PRATITIA,",1778,1,55000.0
IRMA SILAEN,2102,1,700000.0
IRMA SURYANI,1193,1,63375.0
"IRMA YULIANA,",2358,1,39000.0
IRMAKARTIKA24 230422S1R4HAF9,612,1,218196.0
IRMANANDA KURNIAYESTI ALAMAT :,2252,1,28000.0
IRTON,1384,1,76230.0
IRVAN,2206,2,57700.0
IRVAN GOUTAMA,1597,1,60000.0
IRVAN JEREMIA J (IJONG),1321,1,65620.0
"IRVAN PRATAMA PASAK,",2105,3,70500.0
"IRVAN,",1133,1,40000.0
IRVEN CIPUTRA,1776,1,55000.0
IRVIN TOLANDA INV/20231018/MPL/3515612802,441,1,59475.0
IRWAN,2280,1,54000.0
IRWAN BERUTU,2835,1,54000.0
IRWAN G,1488,1,225000.0
IRWAN PRANOTO,506,1,472500.0
IRWAN SUMOHARJO,2879,1,90000.0
IRWAN WIJAYA,1614,2,51800.0
"IRWAN,",794,1,77000.0
IRWAN..,741,1,400000.0
IRWANTO,984,1,155520.0
ISAAC,1017,1,63050.0
ISAAC PURWONO,649,3,141000.0
ISABELA PAULUS,555,1,200000.0
ISABELLA STEVANI,1551,1,52000.0
"ISABELLA,",1913,1,65000.0
ISABELLE,878,2,156940.0
ISAI,1528,1,90000.0
ISAI CAHYA,1062,1,53350.0
ISAI EKA,734,1,120000.0
ISAIAH THOMAS,1603,1,51480.0
ISAK LEONG,1283,1,44817.0
ISAK SAMBATA,2151,1,60000.0
ISANNA ARISSA MUSKANANFOLA,1402,43,1897300.0
ISHAK DAELI,829,4,321246.0
ISHAK KRISTIAN,1320,1,56550.0
ISHAK TANDIONO,1283,1,59752.0
ISMAEL LIMBONG,857,1,382000.0
"ISMAEL LIMBONG,",824,1,477500.0
ISMAWATI AMELIA INV/20230822/MPL/3415205798,498,1,227835.0
ISNAWATI DEVEGA SIHALOHO,915,5,303746.0
ISSER SAMUEL TUMALANG,1574,1,57710.0
ISTALLZA #230515R5D0K1JU,582,1,47850.0
ISTHA,1871,1,75000.0
ISTY SETYANI / KOKO TARWOCO,1693,1,60000.0
ISTY SETYANI DAN KOKOK TARWOCO,1672,1,65000.0
ISWAHYUDI,1488,1,225000.0
ISWAHYUDI SURYANTO,927,1,63180.0
ITA ETLISANTI WOLO,1904,1,55000.0
ITA MOWIDU,544,2,255000.0
ITA PERMATA SIHOMBING,2201,1,45000.0
ITA SALEH,2204,1,80000.0
"ITA SIREGAR,",454,1,0.0
IUNIKE KARYASARI PINAYUNGAN,1615,2,106800.0
IVAN,1045,1,63050.0
IVAN ADIEL,824,1,60000.0
IVAN ADIEL ABEDNEGO,1088,2,79775.0
"IVAN ADIEL,",1990,1,80000.0
"IVAN ADIEL,,",1776,1,55000.0
IVAN ALEXANDER NANLOHY,690,1,62205.0
"IVAN ARISTO,",732,3,212216.0
IVAN BONG,1254,1,74800.0
"IVAN BONG,",1202,1,117000.0
IVAN CHRISTIAN,1383,1,76230.0
IVAN CHRISTIAN HERNANDO,1510,1,40000.0
IVAN FILBERT,28,1,90000.0
IVAN INV/20231018/MPL/3517064745,440,1,59475.0
IVAN JEMI ARTATIO,1057,1,50440.0
IVAN JONATHAN,1037,1,51710.0
IVAN JONATHAN INV/20231222/MPL/3638444575,376,1,75500.0
IVAN JOSHUA,1379,1,65000.0
"IVAN KWANANDA,",765,1,0.0
IVAN KWANANDA.,184,1,0.0
"IVAN LANTU SH,M.KN",637,1,61600.0
IVAN LORENSIUS,725,2,107205.0
IVAN PRATHAMA INV/20230926/MPL/3478090519,462,1,137250.0
IVAN PRATHAMA INV/20231116/MPL/3569489676,411,1,27450.0
IVAN RIADINATA,2287,1,40000.0
"IVAN SETIAWAN,",2360,2,202000.0
IVAN SOFIAN,2238,2,216000.0
IVAN STTRI,747,3,345000.0
IVAN SUBUHWANTO INV/20230606/MPL/3276676702,581,1,63980.0
IVAN SUGIJANTO INV/20230716/MPL/3347872549,534,1,64050.0
IVAN SUSANTO INV/20230723/MPL/3360485457,527,1,68625.0
IVAN SUSANTO INV/20230812/MPL/3398719788,506,1,80520.0
IVAN YONAGA SANTOSO,1056,1,50440.0
"IVAN,",2171,1,60000.0
IVAN...,1221,1,59220.0
IVANA (MARCOMM),1877,1,19500.0
IVANA AIMEE,683,1,86130.0
IVANA ASNUR,2471,8,354500.0
IVANA CHANDRA,1055,1,50440.0
"IVANA CHRISTINE TARIGAN,",1063,1,56000.0
IVANA DEWI MARGONO,2256,3,175000.0
IVANA FELICIA,2672,1,24000.0
IVANA GKA SIDOARJO,310,1,128000.0
IVANA HALIM,930,1,65000.0
IVANA LENA,1290,1,86560.0
IVANA REISSA,1603,1,52000.0
IVANA SAJOGO,21,17,2010000.0
IVANA TARIGAN,1793,2,71900.0
IVANA TUATI,821,1,25200.0
IVANADIELABEDNEGO 230701TNQWA91F,522,1,30940.0
"IVANNA,",1861,3,504000.0
"IVENA CHANDRA,",1608,1,63600.0
IVENA NATHANIA,1845,1,91200.0
IVENA OCTAVIA,1035,3,128650.0
IVO APRIANTI,125,15,690100.0
IVO ARYENA,2144,1,60000.0
IVON IRENI,1102,1,43875.0
IVP UK,2540,1,0.0
IVP USA,715,5,0.0
IWAN,2113,1,52200.0
IWAN HIDAYAT,859,2,83041.0
IWAN HIDAYAT ANY SOERATNO,794,1,51570.0
IWAN HIEMAWAN INV/20230515/MPL/3233593542,597,1,66850.0
IWAN PERNANDO,1283,1,44976.5
IWAN PERNANDO MANIK,907,1,24300.0
IWAN SANTOSA,2443,1,54000.0
IWAN SATRIA,2920,1,400000.0
IWAN.,1526,1,65000.0
IWK,921,1,62075.0
IYAN NAZARA,132,12,503450.0
IYAN SANJAYA,1854,2,118000.0
IYUN YUSNITA,91,1,85000.0
IZAK RIO HERNEMUS BAINUAN,1143,1,52000.0
J RIAMOND SURBAKTI,1191,1,63050.0
J. HARDY,1510,1,79200.0
JACINDA BASINGER,517,1,455000.0
JACK GBI ROCK,2163,1,85000.0
JACK KAWIRA,915,1,72900.0
JACK SORPAY,2371,1,54000.0
JACK STENDRY RUDOLF TEMALURU,1058,1,50440.0
JACKI FIRDAUS,815,1,46174.0
"JACKI FIRDAUS,",2050,1,18000.0
JACKLYN,1615,1,34450.0
JACKSON,1193,1,63375.0
JACKSON HUTAGAOL,2484,1,60000.0
JACKSON MASSIE,2408,1,129600.0
JACKY P,2654,1,17500.0
JACOB INDRA EFRIALDI,1506,2,130000.0
JACOB SOETIJONO,1203,1,63050.0
JAFFRAY KOMBONGKILA,1022,1,70000.0
JAHJA SETIAWAN,1758,1,25000.0
JAHNS MICHAEL,1221,1,36400.0
JAKSEN FERRY JUDO LINGGA,2829,1,112500.0
JAMARI DARIUS GINTING,2620,1,27000.0
JAMES BONO,1335,1,65000.0
JAMES CAVELL,2399,2,62500.0
JAMES GERUNG,896,2,300000.0
JAMES HUANG,984,2,101700.0
JAMES IVAN IRIYANTO,2358,1,50000.0
JAMES KANDOWANGKO,883,1,0.0
JAMES PATRICK,902,1,63180.0
JAMES PRINGGO ADIMULJO,1715,3,197000.0
"JAMES PRINGGO ADIMULJO,",1045,1,50440.0
JAMES RIADY,2219,1,2640000.0
JAMES SUTRISNO INV/20230729/MPL/3371747914,520,1,115290.0
JAMES VENTIUS,1221,5,221380.0
JAMES VENTIUS..,1008,1,130000.0
"JAMES,",1762,1,270000.0
JAMES.,815,1,59210.0
JAMES..,393,1,75000.0
JAMMES TAKALIUANG,41,1,40000.0
JAN (KMDNM),139,1,52500.0
JAN EKKLESIA,593,2,329930.0
JAN EKLESIA,1000,2,79000.0
JAN EKLESSIA,99,2,100000.0
JAN PERDANA PUTRA LIMBONG,1729,1,68000.0
JANA MILA,853,4,143759.0
JANARDI,2107,1,82000.0
JANARDI SUHARJO,1088,2,566718.75
JANE,1751,1,72800.0
JANE BEBE,1115,1,70200.0
"JANE CAPRITA WIJAYA,",2142,1,49900.0
JANE CHERUB,2534,2,477000.0
JANE EUODIA,2583,1,43900.0
JANE LAWALATA,918,1,65000.0
JANE LOUISMONO,1367,1,27300.0
JANE M,1294,1,60975.0
"JANE,",1877,2,100800.0
JANE.,758,1,1053000.0
JANET,1283,1,62110.0
JANET TRI BIBELIA,2626,1,45000.0
JANFRIDO M SIAHAAN,1098,2,130000.0
JANFRIDO M. SIAHAAN INV/20230119/MPL/2988069607.,712,1,64050.0
JANFRIDO MARINGANTUA SIAHAAN,808,1,52488.0
"JANFRIDO,",2071,1,58000.0
JANFRIDOSIAHAAN #230515RWMNUEYC,582,1,47850.0
"JANICE ANGELINA,",2151,1,60000.0
JANICE EMMANUELA,1008,2,118462.0
JANICE JOE,732,2,427680.0
JANICE STEVENSON,1199,1,63050.0
JANIFER GABRIELLA,1366,1,23187.5
JANNER PASARIBU,1058,1,291000.0
JANNI,1088,1,58500.0
JANNUS,824,1,61600.0
JANNY,924,1,100000.0
JANRI STAF,562,1,70000.0
JANSEN ANDREAS,642,1,62205.0
"JANSEN BRIANO (MAHASISWA CIT, KELAS IDIS2031)",905,1,52000.0
JANSEN FREDERICK,1510,1,40000.0
JANSENANDREAS97 2304048UAUF4KN,612,2,0.0
JANUAR BUDIHARTO,2823,1,480000.0
JANUARINA KAKUNSI,1653,1,120000.0
"JANWEL R TONDANG,",1976,1,65000.0
"JAPSUSY,",2261,1,60000.0
JAROD RUANTO,2248,4,218000.0
"JARWOKO,",1615,1,22500.0
JASINTA LIDYA,809,1,52488.0
JASON,1981,1,85000.0
JASON KELLY,1488,1,225000.0
JASON SAMUEL,1573,2,59400.0
JASON YAPRI,1510,1,40000.0
JASON.,216,4,333000.0
JASSON,1895,9,377100.0
JASSON SAMUEL,1570,1,0.0
JATORO BUMBUNGAN,2149,1,225000.0
JAWARMAN SIHOTANG,2431,1,20000.0
JAY,989,1,93801.0
"JAY,",984,1,97200.0
JAYANTI,2242,1,20000.0
JAYANTI NOVITA SARI,1268,1,24211.25
JE LISA STEFANIE,971,1,24250.0
JEAN JOSEPH INV/20230825/MPL/3421339839,495,1,41770.0
"JEAN PRISKILLA,",2201,1,50000.0
JEANE MAURICE,1510,1,48000.0
JEANE TRIAMIN MANENG MANGALLO,1510,1,64350.0
JEANI,2340,1,95000.0
JEANI WIJAYA / YONNI ANDRIAN,1149,1,24375.0
"JEANNET NOVELIA SARWONO,",2430,1,60000.0
JEANNETTE,1633,1,62000.0
JEANNETTE REGINA,1969,3,230400.0
JEANNIFER,983,1,78000.0
JEANNY,1313,1,56550.0
JEANNY PONTJOHARYO,1615,3,145040.0
"JEANNY WILLIANY WIJAYA,",2179,1,60000.0
JEANY TABITA,2585,2,112500.0
JEFF GAYHART,1954,2,3060000.0
JEFFERSON LUKMAN INV/20231129/MPL/3592054136,399,1,59475.0
JEFFREY CHRISTIAN MAHARDHIKA,2028,1,25000.0
JEFFREY KURNIAWAN,1455,1,67320.0
JEFFREY LIM,1510,3,131300.0
JEFFREY MAHARDHIKA BDG,2920,1,22500.0
JEFFREY SIAUW,111,2,0.0
JEFFREY SIAUW INV/20230826/MPL/3422400466,492,1,54900.0
JEFFREY WIBOWO,1511,1,50400.0
JEFFRI DARMA INV/20231019/MPL/3517712039,440,1,59475.0
JEFFRIES NABABAN,1551,1,52000.0
JEFFRIT KALPRIANUS ISMAIL (STAK ARASTAMAR GRIMENAWA JAYAPURA),1220,1,120000.0
JEFFRY,2430,1,52000.0
JEFFRY ALDES SANTANI,2400,2,125500.0
JEFFRY M.,1571,1,105000.0
JEFFRY MANATAR,2592,1,45000.0
JEFFRY SIHOMBING,2501,1,49000.0
JEFFRY THERESNA,2141,7,549000.0
JEFFRY TRIARDI PUTRA INV/20240108/MPL/3668859048,359,1,54900.0
"JEFON,",1863,1,85000.0
JEFREE,1510,1,40000.0
JEFREE WLH M,1409,1,72375.0
JEFRI,1962,2,352500.0
JEFRI DAMANIK,1203,1,63375.0
JEFRI THERESNA,1763,1,136000.0
JEFRI.,96,2,145000.0
"JEFRISON LENDE,",2094,2,1434000.0
JEFRITRG 2305207BMPPT93,585,1,49975.0
JEFRY,918,1,65000.0
JEFRY THERESNA,2094,3,162900.0
JEIFANTIA CHINDY,1699,1,56000.0
JEJE,1939,1,58500.0
JEJE BAWAH,1320,1,56550.0
JEJE.,983,1,77600.0
JEKI,238,7,292000.0
JELA,1528,1,59400.0
JELCYFIA BANDANGAN,690,1,23925.0
JELFRIEN,2833,1,48000.0
JELITA GINTING,533,1,140000.0
JELITA PANDIANGAN,1423,1,59400.0
JELITA PURBA,959,1,63180.0
JELITA SIHOMBING (LEMBAGA BANTUAN HUKUM HERLINA),2700,2,106200.0
JELITA SIMANJUNTAK,1668,1,25000.0
JEMES,1384,1,100000.0
JEMIKA ISHAK,1652,1,57420.0
JEMIMA EUNIKE CHRISTY,1043,1,95782.0
JEMIMA SILABAN,1205,1,63375.0
JEMMY,2414,2,87000.0
JEMMY ANGDRIS,903,2,105825.0
JEMMY SALEKI COMBI,1676,1,65000.0
"JEMMY SEMBIRING,",2470,1,49000.0
JEMMYANGDRIS 230614CQVY9NHS,551,1,478500.0
JEMSON NAISANU,780,1,63180.0
JEN RICO SIMAREMARE,963,1,63180.0
JENDRI,1614,1,31800.0
JENEIFER GABRIELLA BLANDINA PANGGABEAN,910,1,52000.0
JENETE ASTUTI,824,1,45660.0
JENI,1614,1,31800.0
JENI APRILLAH,1800,5,308500.0
JENI APRILLAH (JENAP),247,3,177250.0
"JENI APRILLAH,",947,5,849000.0
JENI.,766,1,66096.0
JENIATI SALURAPA,229,1,90000.0
JENIFER LASUT,910,1,189540.0
JENIFER TRESHA,1162,1,65960.0
JENIFER TRESHA INV/20230626/MPL/3312919567,554,1,84557.5
JENIK PURWOADI,2108,3,954900.0
JENIRIA KALEKA,1615,1,31800.0
JENNI LINARDI,928,2,168165.0
JENNI LINARDI INV/20230701/MPL/3321661027,550,1,26400.0
JENNI LINARDI INV/20231020/MPL/3519536669,439,1,59475.0
JENNIFER,1552,1,130000.0
JENNIFER ATALYA,910,1,52000.0
"JENNIFER DESTERA,",1322,2,116500.0
JENNIFER ESPE INV/20230408/MPL/3163849794,632,1,320250.0
JENNIFER FRANSISKA ANDITA,824,1,60000.0
JENNIFER GABRIELA,1654,1,58000.0
JENNIFER J,1510,1,40000.0
JENNIFER KEZIA PRIBADI,701,1,62205.0
JENNIFER LAURA BACHSIN,2526,1,45000.0
JENNIFER MENTARI TOGATOROP,701,1,23925.0
JENNIFER MIRANDA,1023,2,136415.0
JENNIFER ONGKO,2543,1,43200.0
JENNIFER SETYAWAN,2445,2,104000.0
JENNY,1102,5,275125.0
JENNY ASARELLA,766,3,161799.0
JENNY ERFINA SARAGIH,1283,3,165137.0
JENNY ERFINA SARAGIH INV/20230518/MPL/3239223315,593,1,45750.0
"JENNY ERFINA SARAGIH,",1045,1,63050.0
JENNY HARUN / THE YONG YONG (SUB BID PWG),2624,1,1827000.0
JENNY K.,915,2,153810.0
JENNY LIUS UP.DR. HERDIANA,1105,1,0.0
JENNY SAGITA MUNTHE,1531,1,65000.0
JENNY WANG,1503,1,148500.0
JENNY WIJAYA,1544,1,64350.0
"JENNY,",983,3,228724.0
JENNYFER MARCHELA,1672,1,20000.0
JENY,794,1,72000.0
JEN_APRIL20 230614C53WKW6N,551,1,200970.0
JEREMI,1221,1,58780.0
JEREMIAH (JEJE),1937,10,1268500.0
JEREMIAH BINTANG SANTOSO,1509,1,225000.0
JEREMY / JOHANA,984,1,77760.0
JEREMY ABRAHAM TANJAYA,1390,1,115800.0
JEREMY ANDREAS,1205,1,50700.0
JEREMY BAGAS TARUNA,1197,1,64295.0
JEREMY MARLON,1221,1,70352.0
JEREMY MOODY KOAMESAH,2512,1,49500.0
JEREMY NOVAN LISTANDO,1195,1,63375.0
JEREMY REVIO RAJAGUKGUK,1544,1,60000.0
JEREMY TEJA SANGER,1109,4,388600.0
JEREMY TOPED,922,1,57300.0
JEREMY.,1615,1,34450.0
JEREN INV/20230701/MPL/3321774602,550,1,39500.0
JEREN MAMUAJA,915,1,71625.0
JEREN MAMUAYA,1731,1,50000.0
JERICHO,1539,1,64350.0
JERMIA,2470,1,69000.0
JERRY,878,5,215305.0
JERRY PAONGANAN,1105,1,68250.0
JERY,1506,1,65000.0
JESEN,888,1,25000.0
JESI,920,1,45410.0
JESICA,2487,1,67500.0
JESICA DEVIANA,1542,1,79200.0
JESICA WAHONGAN,2527,1,52200.0
JESICABUDIPRISCILLA 230608U8W7XRNP,551,1,66990.0
JESIKA ADIK KTB SELIA,1232,1,42500.0
JESIKA NOVELIN BANEFTAR,1192,1,65000.0
JESIS SILVANO,1544,1,65000.0
JESKELEREY,857,1,58320.0
JESLYN TENGKAWAN,567,1,45500.0
JESSICA,983,3,156600.0
JESSICA (KOS PUTRI KARTINI),2011,1,150000.0
JESSICA (TOKO BABE CELL),1042,1,63050.0
JESSICA ADELLA,979,1,77200.0
JESSICA ALLO,1845,2,151000.0
JESSICA ATALIA,1300,1,63375.0
JESSICA AURELIA,1590,1,0.0
JESSICA AURELIA BWI,1534,1,0.0
"JESSICA AURELIA,",829,1,63050.0
JESSICA BATARA,859,1,98452.0
JESSICA BERMULI,1383,1,74305.0
JESSICA CLAUDIA (AKK DIAZ),1076,2,65000.0
JESSICA CLAUDIA TPS,243,7,288000.0
JESSICA ELISYE,1280,1,27256.25
JESSICA ELIZABETH,1615,1,27560.0
JESSICA ELSHAD P.P,918,2,129000.0
JESSICA ERLANDI,1477,1,51480.0
"JESSICA FIRDAUS,",1615,1,29150.0
JESSICA FRANSISKA,2186,1,60000.0
JESSICA GABRIANA INV/20240117/MPL/3685361582,350,1,68625.0
JESSICA IMANUELLA,1285,3,141395.0
JESSICA IMANUELLA MESAKH F,1510,1,40000.0
JESSICA IMANUELLA MESAKH F.,887,1,49660.0
JESSICA IMMANUEL,829,1,68040.0
JESSICA JASMINE,1015,1,63180.0
JESSICA LABELLA (SHOPEE),640,1,20097.0
JESSICA LEONI,1045,1,63375.0
JESSICA LUBIS,829,1,20412.0
JESSICA LUKITO,1896,1,50000.0
JESSICA LUMBANRAJA,288,1,85000.0
JESSICA OCTAVIA,904,8,686325.0
JESSICA OEMATAN,1451,2,83950.0
JESSICA OETOMO,984,6,348840.0
JESSICA PANGARIBUAN,1193,1,63375.0
JESSICA PARDEDE,2256,1,400000.0
JESSICA PRADIPTA,950,2,123639.0
JESSICA RELLYVINE,1104,1,24375.0
"JESSICA RESTIYANI,",2102,1,52200.0
JESSICA ROSADI,2695,1,54000.0
JESSICA SHOPEE,1220,1,68250.0
JESSICA SITOHANG,2525,1,45000.0
JESSICA SUTANTYO,983,1,77600.0
JESSICA TIRZA (CALVIN 2021),642,1,62205.0
JESSICA TPS,1548,4,125000.0
JESSICA WANTAH,938,1,52000.0
JESSICA YOVIN,1241,1,76050.0
JESSICA YUNI,2494,2,175500.0
"JESSICA,",989,3,218060.0
"JESSICA,,",1198,1,21000.0
JESSICA.,983,1,77600.0
"JESSICA.,",711,1,62205.0
JESSICA..,718,1,114840.0
JESSLYN NG,2499,2,108000.0
JESSY GRACIELLA,1544,1,64350.0
JESSY MAINDOKA,1002,1,63375.0
JESSY MEDITA DEBORA SITOMPUL,2644,1,45000.0
JESSYKA,2539,1,60000.0
JESSYKA MALAU,1313,2,93650.0
JESYCA ESTER,2207,1,45000.0
JETRO RAKASIWI,725,1,95700.0
JEVIN SENGGE,2535,1,58500.0
JEVON,824,2,3363000.0
JEVON JOZEF,2501,2,98000.0
JEY KAWULUR,1023,1,70061.0
"JEY KAWULUR,",984,1,38880.0
JEYS,1758,1,68000.0
JEZREEL LEE,1614,2,54300.0
JF5VSA_644 230430F992BA9V,612,1,133980.0
JHON EDWARD,1471,2,100350.0
JHON ERIKSON P,642,1,23925.0
JHON HENDRIK TOBING,2088,1,51000.0
JHON PETRUS SARAGIH,2354,1,60000.0
JHON SALIM,808,1,46267.2
JHONATAN,857,1,58320.0
JHONI TUERAH (MARKETING),794,1,51570.0
"JHONI TUERAH,",905,1,60264.0
JHOSUA ADHITYA ( IYOS ) INV/20230108/MPL/2959991836,723,1,25880.0
JHOSUA ADHITYA ( IYOS ) INV/20230211/MPL/3040331557,688,1,62075.0
"JI,",2361,1,60000.0
JIANGLEXIA #230518384QQXDB,582,1,62205.0
JIANTARI MARTHEN,1785,1,50000.0
JILLY NANGIN,1232,1,63050.0
JIMMI K P SIHOMBING,534,1,525000.0
JIMMI KURNIAWAN,2004,3,174000.0
JIMMY,1687,2,203200.0
JIMMY BAPAK PURBA,928,1,62075.0
JIMMY CHANDRA,2177,3,166500.0
JIMMY CHRISANTO,1616,1,29580.0
JIMMY CHRISANTO GUNAWAN,829,1,63180.0
JIMMY INV/20230825/MPL/3420803354,495,1,49364.0
JIMMY LUCAS,1091,1,25000.0
JIMMY PITER K,907,1,72750.0
JIMMY PRANATA HASIBUAN,1313,1,56550.0
JIMMY SETIAWAN - APARTEMEN PANGERAN JAYAKARTA (UNIT 2326),501,4,84000.0
JIMMY SUTJIPTO,920,1,29223.0
JIMMY TENDEAN,829,1,64940.0
JIMMY TENDEAN INV/20230725/MPL/3364779748,524,1,68625.0
JIMMY TOPED,920,1,57828.0
"JIMMY,,",1043,1,190124.0
JISMAN NAINGGOLAN,517,1,300000.0
JITRO TSE,920,1,88270.0
JJ INV/20230214/MPL/3046203875,687,1,59150.0
JKIS,1787,2,78300.0
JL. AKADEMIS,984,1,77760.0
"JL. SERSAN ANING NO 38, RT.5/7",853,2,0.0
JM. VARIASI,1613,1,29120.0
JMM MKW (MIRANDA),766,1,58320.0
JOAB ALDO NOPRISIO,1062,2,103050.0
JOANNACHRS,1563,2,82500.0
JOANNE,1616,1,43350.0
JOANNE BROWN,1783,1,378000.0
JOBIT PARAPAT,2568,1,35000.0
JOCELYN VIANNY,2203,2,59400.0
JODY IMANUEL,1551,1,104000.0
JOE,1913,1,58000.0
JOE BAPTISIA ARIEL,732,1,75816.0
JOE SANGIAN,984,1,78000.0
JOEL,2500,5,327000.0
JOEL CAHYADI,715,1,25000.0
JOEL JEFFRI MANALU,1614,1,31800.0
JOEL MANALU,824,1,64940.0
"JOEL SARAGI,",1736,4,228000.0
JOEL SETIAWAN CH,70,3,131000.0
JOEL SINAGA,2354,1,45000.0
JOENG HUA SOE,439,1,1625000.0
"JOENG HUA, SOE",1240,1,250000.0
JOEVANNY LOVELY RIRIHENA,795,1,32620.0
JOGI SIMAMORA,2507,1,67500.0
JOHAN CANDRA,1059,1,45500.0
JOHAN DAN ANTON,1129,1,0.0
JOHAN DANIANTA,1020,1,72750.0
JOHAN DANIANTA INV/20231031/MPL/3539461420,427,1,59475.0
JOHAN DERETA,2165,3,132500.0
JOHAN HASAN,2641,1,54000.0
JOHAN MANOACH,1054,1,50440.0
JOHAN NASUTION,1777,1,25000.0
JOHAN NUGROHO,984,1,77760.0
JOHAN PANJAITAN,2336,1,54000.0
JOHAN SAPUTRO BUDIONO,1551,1,52000.0
JOHAN SETIAWAN,253,4,914000.0
JOHAN SETYADI LIEM,2317,4,200700.0
JOHAN SETYADI LIEM.,1253,1,116400.0
JOHAN SILOAM,1571,1,315000.0
JOHAN TAMONG,1296,2,125000.0
JOHAN TRUSULAW,848,1,96000.0
JOHAN.,1088,1,146250.0
JOHANA ARI IRIANTI,533,7,523000.0
"JOHANA ARI IRIANTI,",744,5,451500.0
JOHANA LOISA KOLIHAM,1247,1,20475.0
JOHANES,987,1,96200.0
"JOHANES AURELIUS, PDT",1911,5,836000.0
JOHANES E. JACOB,1681,1,35000.0
JOHANES KURNIAWAN,214,1,1232000.0
JOHANES N,1510,1,40000.0
JOHANES RINALDI,1510,1,40000.0
JOHANES SUSETYA,928,1,62075.0
JOHANES.,794,2,122440.0
JOHANES.PURWONO,2319,1,60000.0
JOHANIS OENUNU,2112,1,35000.0
JOHANIS OENUNU (GURU SMA KRISTEN PANDHEGA JAYA TILONG),1470,2,116480.0
JOHANNA INV/20231018/MPL/3516072777,441,1,59475.0
JOHANNA L SIAGIAN,1428,1,1750000.0
JOHANNES AURELIUS WIJAYA,655,3,132395.0
JOHANNES LEONARDO,1031,1,72750.0
JOHANNES SAMUEL H. SIBARANI,794,1,51570.0
JOHANNES TANGJONG,1260,1,63000.0
JOHANNES.LEONARDO 230608SUPRD5JB,551,1,43065.0
JOHN AMOS,717,1,114840.0
JOHN CALVIN,1510,1,40000.0
JOHN CROSBYANTORO,1003,1,67900.0
JOHN KURNIA PUTRA ABRAHAM,1222,1,49510.0
JOHN MADE WARKUDARA,1148,1,36860.0
JOHN PHILIA YULIYANDJAJA,915,2,122300.0
JOHN SERANG,1221,1,30170.0
JOHN ZHENG (TMAI JAKARTA),83,2,0.0
JOHNLEY MARKUS INV/20230328/MPL/3138006440,645,1,24705.0
JOHNLEY MARKUS INV/20230402/MPL/3149757230,639,1,128925.0
JOHNSON FERNANDO,1099,4,296520.0
JOHNSON FERNANDO YANG JO,1129,2,101110.0
JOHNSON FERNANDO YANG JO.,808,1,46267.2
"JOHNSON FERNANDO,",815,2,91203.0
JOICE GRACIA,1488,1,225000.0
JOICE PAJOW,1413,1,38000.0
JOICE SIBARANI,1940,6,662000.0
JOJO AGUSTINA,930,1,325000.0
"JOJO,",1058,2,137750.0
JOJOR GURNING,2186,1,60000.0
JOJOR KAKANDA PURBA,2098,1,65000.0
JOKHANA,824,1,74490.0
JOKI,1390,1,115800.0
JOKI RIDHO,2585,2,50900.0
JOKI RIDHO RICARDO,1221,2,98500.0
JOKO GITOYO TARIGAN,1390,1,115800.0
JOKO PRIYONO,2298,1,34200.0
JOKO RAHARJO,907,1,60140.0
JOLEOS,2697,1,54000.0
JONARD YUSUF INV/20230818/MPL/3407986860,502,1,80520.0
JONAS BANUREA,2774,1,27500.0
JONATAN DONGORAN,499,1,85000.0
JONATAN REGAN,1448,1,65620.0
JONATAS BATISTA DOS SANTOS,1211,1,300000.0
"JONATAS BATISTA DOS SANTOS,",1178,1,0.0
JONATHAN,1451,5,256945.0
JONATHAN CHRISTIANTO SUTADJI,1510,1,40000.0
"JONATHAN CHRISTIANTO SUTADJI,",1098,5,463540.0
JONATHAN CHRISTIANTO SUTADJI.,780,1,65240.0
JONATHAN CHRISTOFER RIWU RATU,260,2,126000.0
JONATHAN DANIEL INV/20230704/MPL/3327468020,546,1,64050.0
JONATHAN DANIEL INV/20231212/MPL/3619948128,386,1,51469.0
JONATHAN DANIEL INV/20231212/MPL/3619953671,386,1,48475.0
JONATHAN H,1479,1,550000.0
JONATHAN HEFER,1616,1,44200.0
JONATHAN JASON,1057,1,41750.0
JONATHAN LAMPATAR SIREGAR (DOSEN AKUNTANSI),411,2,-36600.0
JONATHAN NAINGGOLAN,2914,1,90000.0
JONATHAN PRASETIA,920,1,50137.0
JONATHAN RICKY,1074,1,43875.0
JONATHAN SALUSU INV/20230225/MPL/3071562347,674,1,183000.0
JONATHAN SALUSU INV/20230315/MPL/3111986342,658,1,91500.0
JONATHAN SALUSU INV/20230329/MPL/3141235557,367,2,0.0
JONATHAN SALUSU INV/20230405/MPL/3156553391,672,1,71370.0
JONATHAN SMANDEL,1412,1,38000.0
JONATHAN STEVEN,1003,1,68040.0
JONATHAN T OEI,1551,1,52000.0
JONATHAN UNAIR,2128,1,18000.0
"JONATHAN,",2185,1,58000.0
JONATHAN.,1510,2,119840.0
"JONATHAN.,",1193,1,63375.0
JONATHAN..,1193,1,63375.0
JONERIA DJAHIMO,996,1,68250.0
JONI,2296,1,1600000.0
JONI BALUTAN APRIADI HUTABARAT,2686,1,75000.0
JONI FAUZI,718,1,114840.0
JONI INDAH SARI INV/20231219/MPL/3633454178,379,1,76000.0
JONI PARDEDE,829,1,72900.0
JONI TIMANG PABARU,1234,1,65000.0
JONLY JOIHIN,1571,1,105000.0
JONNY JANUDIPUTRA JAN,1612,1,80000.0
JORDAN,2373,1,54000.0
JORDAN BEN,1283,1,41225.0
JORDAN BRIAN SIRAIT,1475,1,69300.0
JORDAN MUSA LIPANG,2339,1,171000.0
"JORDAN.,",1056,1,39260.0
JOS JAHJA,189,1,115000.0
JOS STEVANUS,1892,1,45000.0
JOSAPHAT KOMBAITAN,1192,1,67900.0
JOSE MANUEL BARUS,1202,1,63375.0
JOSE SEPPUTRO SUTRISNO,1596,1,30000.0
JOSEF CHRISTIANTO,205,1,32500.0
JOSEF MELKISEDEK,1198,1,63375.0
JOSEP,1073,3,1018500.0
JOSEP NATA,1644,2,118000.0
JOSEPH CHRISTIAN,2549,5,217900.0
JOSEPH E M HUTAGALUNG,1383,1,106150.0
JOSEPH NAPITUPULU,1615,1,30740.0
JOSEPH SIAHAAN,2522,3,137800.0
JOSEPH YOFRA,1150,1,55000.0
JOSEPH YOFRA G,1189,1,60000.0
JOSEPH YOFRA GREGORY,2522,1,50000.0
"JOSEPH,",2149,2,1015000.0
JOSEPHIN,1126,1,17500.0
JOSEPHINE,1045,1,50440.0
"JOSEPHINE NATASYA,",2023,1,25000.0
JOSEPHINE SARAH,1210,1,24375.0
JOSH HIDAYAT,1387,1,320000.0
JOSHIA MANGGALA,1510,1,40000.0
JOSHUA,1555,1,64675.0
JOSHUA B,1058,1,45500.0
JOSHUA BRIAN,2410,1,67500.0
JOSHUA BUDI,1758,1,364000.0
JOSHUA DANIEL,1390,1,81060.0
JOSHUA DEDDY,1283,2,114320.0
"JOSHUA DEDDY,",1308,2,134350.0
JOSHUA EDWIN,1707,1,80000.0
JOSHUA EMMANUEL,880,1,150000.0
JOSHUA H.P SAMOSIR,2492,1,45000.0
JOSHUA KURNIAWAN,946,1,50440.0
JOSHUA KURNIAWAN INV/20230724/MPL/3362458870,526,1,64050.0
JOSHUA MARCILIO,1614,2,47020.0
JOSHUA MARCILIO SASELA,1990,9,805950.0
JOSHUA MIRACLE INV/20230524/MPL/3250650228,588,1,91500.0
JOSHUA MIRACLE INV/20230604/MPL/3271160141,576,1,61880.0
JOSHUA POLE,1646,1,500000.0
JOSHUA PURNAMA,1776,2,110000.0
JOSHUA PUTRA EMMANUEL SIANTURI,780,2,96716.0
JOSHUA REXY,2149,1,43900.0
JOSHUA SASELA,809,4,115668.0
JOSHUA TJANDRA,2661,1,648000.0
JOSHUA TULOLI,1472,1,54450.0
JOSHUA USMANY,1276,1,223000.0
JOSUA,1510,1,51480.0
JOSUA BUTARBUTAR,1430,1,24750.0
JOSUA JOHNY KAWATU,1221,1,54600.0
JOSUA PATTIWAEL,1751,1,34000.0
JOSUA PAUL,1368,1,60000.0
"JOSUA PAULMANSSA LUMBANTORUAN,",1944,1,52000.0
JOSUA REPPI,1206,1,78975.0
JOSUA SINAGA,2485,1,67500.0
JOTJE HANRI KARUH,853,1,52440.0
JOTLIE,878,2,129825.0
JOTLIE INV/20230606/MPL/3275152165,581,1,63980.0
JOTLIE TJIANDRA,1102,2,496750.0
JOUBERT KOROH,303,5,162248.0
JOVANCA TAMBUNAN,1206,1,126750.0
JOVANNY MAGGI MATINDAS,2122,1,60000.0
JOVITA ARITA,1614,1,34450.0
JOVITA CALISTA,1681,1,49500.0
JOVITA CALISTA ROMAULI,2652,1,54000.0
JOY AMIGEL,1217,1,45500.0
JOY FRANS MARPAUNG,676,1,86130.0
JOY INV/20230306/MPL/3092788025,666,1,109800.0
JOY INV/20230516/MPL/3236457653,593,1,45750.0
JOY KALVIN MARTUA LUMBAN GAOL,1544,1,60000.0
JOY LAZARUS,303,1,20000.0
JOY MANIK,1588,1,60000.0
JOY MILLIAAN,1551,1,52000.0
JOY NINU,1882,2,145200.0
JOY SAMANTHA,1232,1,70000.0
JOY TOBY,808,1,52460.0
JOYCE,851,2,120350.0
JOYCE FIDELIN,1472,1,58350.0
JOYCE HIENDARTO,896,1,62075.0
JUADIKA,687,2,634000.0
JUALAN HANDUK,983,2,155200.0
JUAN CHAMPION,1283,1,48500.0
JUAN FREDRICK,289,3,160462.5
JUAN RAMADEWA,1041,1,47287.0
JUANA,2520,1,54000.0
JUANA (STAF BANJARMASIN),1676,1,45500.0
JUANITA FRANCINA VAN LEUN,516,2,95000.0
JUARTI LANANG,983,1,77600.0
JUBERT,1177,1,48750.0
JUDA ADISUSANTO,2513,1,225000.0
JUDISTIAN,857,1,53071.0
JUHADI SUNARYO INV/20231116/MPL/3569112911,411,1,80520.0
JULHAM EFFENDI INV/20231020/MPL/3519712468,439,1,59475.0
JULI SANTOSA,984,1,77760.0
JULI SANTOSA..,462,1,75000.0
JULI SANTOSO,1285,3,166750.0
JULI SANTOSO.,737,1,78000.0
"JULI SANTOSO.,",1052,1,63375.0
"JULI VESIANIA.,",1051,1,58200.0
JULI WINNER,780,2,70875.0
JULIA,980,1,60000.0
"JULIA RATNA SARI,",1877,2,105700.0
JULIA SARAGI,453,2,145200.0
JULIA SIMANJUNTAK,1614,1,31800.0
JULIA STEVANI NDUN,968,2,97170.0
JULIA SULEEMAN,824,5,681190.0
JULIA SULEEMAN INV/20230415/MPL/3179803209,625,1,73200.0
JULIA SULEEMAN INV/20231008/MPL/3498231684,450,1,195581.1
JULIA WIYATNO,1383,1,74305.0
"JULIA,",2150,3,160250.0
JULIA. SHOPPE,1285,1,31405.0
JULIAN,1491,1,64350.0
JULIAN SIMANJUNTAK,2913,1,54000.0
"JULIAN,",1101,1,73125.0
JULIAN.,1193,1,63375.0
JULIANA,1222,1,29570.0
JULIANA ANGGONO,1510,1,40000.0
JULIANA ERA,1633,1,24750.0
JULIANA HARIYANTO,2612,1,45000.0
JULIANA INV/20231007/MPL/3497747157,450,1,147772.0
JULIANA MAMAHIT,2151,1,180000.0
JULIANA SIHOMBING,1003,1,60140.0
JULIANA SIMBOLON,2386,1,45000.0
JULIANA TAMBUNAN,636,1,100000.0
JULIANA..,780,2,96255.0
JULIAND SINAGA,1615,1,31800.0
JULIANI ANGGONO,1510,1,40000.0
JULIANO IVAN MARULI,2434,1,20000.0
JULIANTI,1198,1,50440.0
JULIANTI INV/20231219/MPL/3632723833,379,1,48000.0
"JULIANTY,",968,1,77760.0
JULIE,915,1,23875.0
JULIET,858,1,223470.0
JULINA (LIAWATI),41,1,40000.0
JULINDA,1615,1,63600.0
JULIO MARAMIS,872,1,50544.0
JULIO PAONGANAN,885,1,72900.0
JULIO S / ECHO,1672,1,24000.0
JULIO SANTOSO,1335,2,97500.0
JULIO STAFF,15,40,3353100.0
JULITINUS HAREFA,1219,2,98000.0
JULIUS CAESAR SIAHAAN,1122,1,50000.0
JULIUS MANULLANG,638,2,0.0
JULIUS PAKPAHAN,853,3,72900.0
JULIUS RUBIANTO,1510,1,40000.0
JULIUS SUGARJANTO,1332,2,49375.0
JULIUS TUWONAUNG,1509,1,225000.0
JULIUSSTEFANUS140704 230606MTW6SHY1,551,1,57420.0
JULIYANTI,2373,1,54000.0
JULIYANTI SUSANTO,921,1,56400.0
JULY ARDINI SINUHAJI,1615,1,31800.0
"JULY ARDINI SINUHAJI,",943,1,52000.0
JULYA SARAH HASIBUAN,1911,1,61200.0
JUMAIYAH,853,3,61236.0
JUMMI BURUNGAN,1692,1,68000.0
"JUMMI BURUNGAN ,,",1598,1,57900.0
JUN HIN / SEVEN STARS STUDIO,885,1,116640.0
JUN ZEBUA,1199,1,63050.0
JUNALDI MALAU,1202,1,63375.0
JUNANDO . H,829,2,133996.0
JUNANDO HUNTER,1791,1,58000.0
JUNEDI ELISA FIRNANDO,1524,1,64350.0
JUNEDISANTI,984,1,97200.0
JUNEDY,1616,1,31000.0
JUNGJUNGAN SIMORANGKIR,1571,2,195000.0
JUNI,1216,1,27160.0
"JUNI,,",983,1,26190.0
JUNIADI PURWOWIDODO,1488,1,225000.0
JUNIAMAN,1766,13,607700.0
JUNICKE SIAHAAN,907,1,60264.0
JUNILIEM,1616,1,33150.0
JUNINDAH (KOSAN BU AGUNG),1285,1,58946.0
JUNIOR ALFA ANDRISON (MAHASISWA UDAYANA),1203,1,65000.0
JUNITA,1471,3,142850.0
JUNITA BANTEN,525,1,300000.0
JUNITA LUMBANTOBING,513,6,425800.0
JUNITA MAGDALENA,1614,2,54300.0
JUNITA SIAGIAN,2666,2,171000.0
JUNIYANTI HUTAHAEAN,2270,1,45000.0
JUNNIVIA THIO,1981,1,108000.0
JUNNIVIA THIOINV/20231119/MPL/3573995372,408,1,64050.0
JURIKE LANAWAANG,732,1,116640.0
JURMIN,1276,1,63375.0
JURVIAN,1377,1,67320.0
JUS BUDIONO,1185,1,116400.0
JUSAK PUNDIONO,1384,1,304920.0
JUSELIN SEMBIRING,1615,2,63600.0
JUSSA SAIMAN,1364,2,150000.0
JUSTIN ANDREW,1142,1,63375.0
JUSTIN DAVID,1766,1,65000.0
JUSTIN PRAWIRO,968,1,63180.0
JUSUP RONI MARBUN,1221,1,29970.0
JUWITA SOLAFIDE,2277,1,30000.0
K. SIMANJORANG,2102,1,60000.0
KA MALA PA TENGGILIS,943,1,27000.0
KADEK SATIANI,920,3,114550.0
KADEK SATIANI (INV/20230602/MPL/3268273252),581,1,31990.0
KADEK SATIANI INV/20231018/MPL/3516788130,440,1,59475.0
KADIN SURYAMAN,2135,1,225000.0
KADITYAAA24 230428B3JACEAV,612,1,62205.0
KAINOS RUANG BUKU,217,5,281500.0
KAINOS RUANG BUKU (PERKANTAS MATARAM),145,17,2056600.0
KAK ALEX NANLOHY,153,5,289000.0
KAK ANNE,926,2,195000.0
KAK ARIS,698,1,70000.0
KAK AUDY,772,1,0.0
KAK DIANA ALUMNI,23,1,22400.0
KAK FIFI,2228,1,88000.0
KAK FIFI JAKARTA,1571,1,105000.0
KAK HENDRY,23,1,64000.0
KAK ITA SIREGAR,926,2,0.0
KAK IVANA ASNUR,133,7,475000.0
KAK JACKY,2543,1,30000.0
KAK JEMMY,2539,2,100000.0
KAK JULIO,602,33,2809700.0
KAK LINDA EE,149,1,50000.0
KAK LINGGA,894,1,65000.0
KAK LISIARD DIMARA,92,1,56000.0
KAK MARISA,291,1,28000.0
KAK MARLIA,93,31,2081000.0
KAK MEMEY (DI PALANGKA),821,1,25200.0
"KAK PASTI SIRAIT,",2219,1,100000.0
"KAK RACHEL SAYANG,",1757,1,150000.0
KAK SISKA,194,1,23000.0
KAK STEVEN,995,1,65000.0
KAK UPHE,1063,1,165750.0
KAK WELLY MERAUKE,1729,1,76500.0
KAKAK GURU RADE (KAIMANA),1300,1,63375.0
KALIM SUKARDJO,1510,1,40000.0
KALVIN,2225,1,58500.0
KAMALA,859,1,57300.0
KAMMAKAMMI #2305207PRPAR7J,582,1,84216.0
KAMP KKIT,2326,4,407500.0
KAMP KTB 2020,1771,23,2922900.0
KAMTA GIA SEMBIRING,1721,1,27000.0
KANG_TEGUH.H 230607Q3PPPN8E,551,1,33495.0
KANTOR NASIONAL PERKANTAS,322,2,63000.0
KANTOR NASIONAL UP EKA,104,5,3850000.0
KANTOR SINODE GEREJA TORAJA UP PDT LUTHER TARUK,1710,1,0.0
KANTOR STTB/WEMMY,915,1,59875.0
KAON HASEGAWA,1539,1,217800.0
KARACE ULI,2081,1,25000.0
KARDI,1313,1,66300.0
KARDI.,984,2,145760.0
KAREL,859,1,85810.0
KAREL SILAEN,1192,1,63375.0
KAREN,1612,1,21000.0
KAREN GABRIELLA_TEKNIK UDAYANA,1193,1,63375.0
KAREN MASTA,1071,1,73125.0
KAREN MASTA 2020,984,1,77760.0
KAREN SETIADI,815,1,45458.0
"KAREN,",2185,1,60000.0
KARENINA,809,1,63180.0
KARIN,1280,1,27300.0
"KARIN ANASTASIA,",2290,1,60000.0
KARIN L. TANOJO,2249,3,176000.0
KARINA,2577,1,90000.0
KARINA DEVANY,2185,1,60000.0
KARINA GINTING,1400,1,356400.0
KARINA HENDRAWATY,1458,2,159200.0
KARINA PASHA INDIANA,1614,1,29680.0
"KARINA SAMARIA,",1778,1,55900.0
"KARINA,",2078,2,100500.0
KARIYONO NURSARI,1616,1,34680.0
KARL MATTHEW,1313,1,56550.0
KARLIN,864,1,52143.0
KARMILA OKTAVIA MILIANTI,1286,1,24655.0
KARMILA PUTRI,1378,1,64350.0
KARNIA MELDA BATU RANDAN,984,1,100000.0
KAROLINA PURBA,1568,1,81000.0
KARTIKA,1695,1,264000.0
KARTIKA ANTONO,1571,1,105000.0
KARTIKA NUGRAHA,915,2,41725.0
KARTIKA S,920,1,16235.0
"KARTIKA,",857,2,82523.0
KARTIKA.,1401,1,37620.0
KARTIKA/FETY,915,1,40830.0
KARUNIA ROHANIKA SILALAHI,184,1,0.0
KARYN,2004,2,120000.0
KARYN FEBIOLA,851,1,93590.0
KASIANTO,1303,1,67550.0
KASIH DALAM PERBUATAN,2690,1,8787000.0
KATALIS GLORIA,2500,1,8100000.0
KATARINA INV/20230725/MPL/3364777087,524,1,77775.0
KATHERINA,807,1,54000.0
KATHERINE,859,1,114600.0
KATHLEEN ABBY LIMANTORO 6282261888968,1616,1,30160.0
KATHLIN WILLYANA HANDOKO,1510,1,40000.0
KATHRYN TRIJATHA,1346,1,22500.0
KATRIEL,701,1,74646.0
KATRIN,872,2,126774.0
"KATRIN PATANDA SUMULE,",2290,1,60000.0
KATRIN.,1193,1,63375.0
KATTY KERTOMORO,1542,2,121430.0
KAY TANEAN,2093,3,20398400.0
KEFAS JONATHAN,1102,1,73125.0
KEIKO,884,4,114367.0
KEKE INV/20231225/MPL/3644451538,372,1,54900.0
KEKE SEMBIRING,1702,1,189000.0
KEKE TARULI ARITONANG,931,1,65000.0
KELVIN,1003,2,140000.0
KELVIN GALUNG,1884,1,290000.0
KELVIN INDRAWAN,2367,1,52200.0
KELVIN SAPUTRA,2451,2,450000.0
KELVIN WIDARTA,1109,1,72750.0
KEN,1539,1,144000.0
KEN JACKS,2605,1,22500.0
KENDRICK RICHARD CHANDRA,1510,1,40000.0
KENEZIA HERMANUS,1092,2,108200.0
"KENEZIA HERMANUS,",983,2,128040.0
KENKEN SIBARANI,1191,1,63050.0
KENN,1274,1,24250.0
KENNEDY SUJANDI,2458,1,76500.0
KENNETH,1372,2,97900.0
KENNETH GIRVAN,853,5,306241.0
KENNETH GIRVAN INV/20231219/MPL/3633508274,378,1,75500.0
KENNETHGIRVAN 230608TF5TTV7V,551,1,23800.0
KENNY ALFREDO,853,1,62400.0
KENNY LAURENTIO SAPUTRA,1269,1,59100.0
KENNY NATALIA PUTRI,2658,1,54000.0
KENNY TUASELA,1681,1,35000.0
KENSHI,1102,1,43875.0
"KENSHI,",794,1,51570.0
KENSKY JONATHAN,1204,1,64025.0
KENT,1777,1,51600.0
KENZO,1132,22,1231250.0
KENZO.,780,4,209900.0
KEPIN SINAGA,1193,1,63375.0
KERAJINANBALI,1133,1,58500.0
"KEREN HELLERY,",1616,5,240374.0
KEREN PINGKAN (STTRI) INV/20231030/MPL/3537557473,428,1,59475.0
KEREN R.K.,1510,1,40000.0
KERENHAPUKH,984,1,77760.0
KEROHANIAN ATHALIA,980,1,160000.0
KESHIA WINATA,1088,1,50700.0
KESYA BATTI,1031,1,63375.0
KEVAN NAPITUPULU,1672,1,80000.0
KEVIN,1531,1,79200.0
KEVIN .,1405,1,62725.0
KEVIN BERUTU,1917,1,130000.0
KEVIN BOI KARINA BERUTU,1944,1,63000.0
KEVIN CHANDRA THE,1616,1,29922.0
KEVIN EFFENDY INV/20240103/MPL/3659381616,364,1,75500.0
KEVIN EVANS,1283,1,43537.0
KEVIN FIDELIS,1510,2,65000.0
KEVIN GULTOM,1290,1,39000.0
KEVIN LEONARDO L,1927,1,198000.0
KEVIN LIE,1053,1,53350.0
KEVIN MARTAULI,954,1,63180.0
KEVIN NATANAEL AMBARITA,725,1,71775.0
KEVIN NATHANAEL,1615,1,34450.0
KEVIN NATHANAEL YOSEPHUS,908,1,52000.0
KEVIN NOBEL KURNIAWAN,593,1,0.0
KEVIN PRATAMA LOPUTRA,1105,3,600000.0
KEVIN ROBOT,2323,1,46800.0
KEVIN SAHAT PARULIAN PASARIBU,1192,1,64025.0
KEVIN SALEH PAEMBONAN,872,1,63180.0
KEVIN SATRIA,690,1,86130.0
KEVIN SIMANGUNSONG,1510,1,40000.0
KEVIN SUSANTO POKHAN,1048,1,65000.0
KEVIN WIDODO,1296,1,62750.0
"KEVIN,",2142,4,224900.0
KEVIN.,878,1,49660.0
KEVINANATHANAEL27 #230525KN6XTRF1,582,1,95700.0
"KEVINISA,",2344,1,37000.0
KEYSA HUTABARAT,2344,1,0.0
KEZIA,1510,2,140000.0
"KEZIA ,",1086,1,37500.0
"KEZIA ALBERTHA,",1877,1,50700.0
KEZIA ANGELICA,642,1,95700.0
KEZIA ANGELINE,1500,1,51480.0
KEZIA ANGGRENI KAWI,1283,1,59752.0
KEZIA ARUAN,2140,1,60000.0
KEZIA CRISTIANTY,1539,1,59400.0
KEZIA DENISA,2114,3,140000.0
KEZIA DS,1640,1,60000.0
KEZIA ELMALITA,1193,1,63375.0
KEZIA ENDHY (GRAMI),1113,1,577500.0
KEZIA FM,2021,1,50000.0
KEZIA GINTING,725,1,71775.0
KEZIA IKA,1388,2,57500.0
KEZIA IRENE,2444,1,54000.0
"KEZIA KHO,",1441,2,129100.0
KEZIA MEIDELINE,2820,1,72000.0
KEZIA NADELA,930,4,139000.0
KEZIA OLIVIA,1072,3,151125.0
KEZIA OLIVIA AGEVTINE,1133,1,58500.0
KEZIA P. KHO,1668,1,68000.0
KEZIA PERMATA,1615,1,65000.0
KEZIA PINARIA,732,1,63180.0
KEZIA PRAVIDITHA,1913,1,80000.0
KEZIA PREVIA,1221,1,43367.0
KEZIA PRYSCILA,1933,5,523400.0
KEZIA RUKO MYTRONIC CCTV,963,1,19440.0
KEZIA SERANI,1615,1,34450.0
"KEZIA SIGAR,",1390,2,174305.0
KEZIA SOLA GRATIA,1500,1,67320.0
KEZIA SOLAGRACIA,2182,1,58000.0
KEZIA TANIA SUNARYO,2246,2,113800.0
KEZIA YEMIMA,1567,1,105000.0
KEZIA ZACHARIAS,1539,1,84150.0
"KEZIA,",1168,1,63375.0
KEZIA.,983,1,77600.0
KEZIA/RUKO MYTRONIC CCTV,921,1,72900.0
KEZYA MAHASISWA,405,1,42000.0
KHARISMA IDAMA DIATI,2682,1,54000.0
KHATLEEN TALIM,1871,1,50000.0
KHO SUGIANTO,2354,1,27000.0
KHOLISAN AGAVE SIMBOLON (BENGKEL MOTOR DEPAN INDOMARET),1226,1,0.0
KHRIS W INV/20230204/MPL/3026089015,695,1,25785.0
KHRIS W INV/20231229/MPL/3652057771,365,1,64000.0
KHRIS WIDODO.,358,1,600000.0
KHRIS WIJAYANINGSIH,1769,4,483000.0
KHRISNA (HJ. SUDIYAH),1387,1,118800.0
KHRISNAMURTI,1941,3,235300.0
KHRISTIAN LAUA,1059,1,45500.0
KHRISTIANTO,1283,2,81628.0
KHRISTIANTO INV/20231210/MPL/3615784049,384,1,90725.0
KHRISTIANTO KHRISTIANTO,2529,1,67500.0
"KHRISTIANTO,",1808,1,50000.0
KHRISTIYANI TOBING,2518,1,50000.0
KIAN,1223,1,63050.0
KIAN GUAN,771,1,250000.0
KIKI MONIKA,1783,1,51600.0
KIKI RIZKY AMELIA,1285,1,30420.0
"KIKI SEPTI MAYA SARI,",2212,1,60000.0
KIM ELLEN S,1015,1,68040.0
KIM INV/20231031/MPL/3538436234,428,1,59475.0
KIM YIN,194,1,23000.0
KIMAN,646,1,96000.0
KIMI,829,1,78732.0
KING RAJA,525,1,0.0
KINKIN PANENTHE,177,1,65000.0
KINOTO INV/20230206/MPL/3029281374,695,1,71370.0
KINOTO INV/20230206/MPL/3029327004,695,1,82350.0
KINOTO INV/20230206/MPL/3030621914,694,1,59475.0
KIOK HWA KWEE,1689,2,304000.0
KIOS REIVO KAWANGKOAN,915,1,44226.0
KLARA DELIMA AGUSTINA,1615,1,34450.0
KLEMENS,1616,3,149120.0
KLINIK ABDI MULIA,1870,5,3375000.0
KLINIK ABDI MULIA (RUTH ERLINA),329,2,2697900.0
KM TOBING INV/20230703/MPL/3324202078,550,1,19015.0
KM TOBING INV/20230704/MPL/3326438806,546,1,96075.0
KM TOBING INV/20230817/MPL/3407424814,502,1,51263.0
KM TOBING INV/20230819/MPL/3410303168,495,1,19784.0
KMDN 2024,142,3,666000.0
KNM 2019,1961,4,516400.0
KNPS 2018,2326,4,232000.0
KNPS 2024,149,6,535800.0
KO FRENKY,622,1,58500.0
KO ROBIN STAF,26,3,245400.0
KO RONALD,2795,1,120000.0
KO SANDY GARAM BUDAYA,195,2,1100400.0
KO TJITRO,295,2,90000.0
KOKO ELIESER GINTING,1283,1,33950.0
"KOKO ELIESER GINTING,",624,1,65000.0
KOM KOM,952,2,49050.0
KOMANDO MILALA MILALA,2764,1,360000.0
KOMISI DEWASA GKMI KUDUS,2813,1,229500.0
KOMPONEN ALUMNI PERKANTAS JATIM,29,3,504000.0
KONG SUNG IL INV/20230711/MPL/3340019726,539,1,68625.0
KONSTANTIN AGUSTINUS,1616,1,38739.0
KORNELIUS KRISTOFER,1101,1,63375.0
KORPUS KRISTI YOHANES DARMO,2345,1,52200.0
KORSINUS GINTO,2638,1,117000.0
KORY SIAGIAN,2617,1,45000.0
KORY SIDAURUK,2289,1,30000.0
KOSAN BU IPEH- KEREN (NAMA SY),1285,1,39585.0
KOSAN TUKAD BADUNG TIMUR,1615,1,20140.0
KRB 2018,2326,1,130000.0
KRB 2024,141,2,44600.0
KRIS,2718,2,104000.0
KRIS YUDO,28,12,903200.0
KRISNA,2892,1,8500.0
KRISNA DEWI,428,1,65000.0
KRISNA NAPIS,1731,1,68000.0
KRISNA YOGI,2492,2,70000.0
KRISNANDA EKA,1654,1,50000.0
KRISNANDA SAPUTRA,1877,1,63960.0
KRISNENI,1222,1,30010.0
KRISNI,533,3,350000.0
KRISNI TETY INV/20231129/MPL/3592962453,398,1,38200.0
KRISPADA YOHANA SOLIN,1020,2,194000.0
KRISPADA YOHANA SOLIN (BELAKANG KAFE LUKAKU COKROAMINOTO),238,1,40000.0
KRISTA,2666,1,20000.0
KRISTAFERA,2142,1,60000.0
KRISTANTI,1093,7,240000.0
KRISTANTI BORIST,1615,2,59360.0
KRISTANTO (GKI KEMANG PRATAMA),642,1,800000.0
KRISTANTO EDI SASONO,149,1,0.0
KRISTANTO SEAN N,1037,1,94574.0
KRISTANTO WICAKSONO,915,1,40110.0
"KRISTI HAM,",2239,1,152000.0
KRISTI RAHAYU,927,1,58320.0
KRISTIA NATALIA,1088,1,58500.0
KRISTIA SEKAR,766,1,68040.0
KRISTIADHY,2464,1,53700.0
KRISTIAN,2252,1,416000.0
KRISTIAN BADAI,1661,1,0.0
KRISTIAN DERMAWAN,1285,1,7474.0
KRISTIAN EDWARD,1510,1,40000.0
KRISTIAN EDWARD MASTA 2020,829,2,100251.0
KRISTIAN REFORMIS,1102,2,115678.0
KRISTIAN TAMBUNAN,1193,1,63375.0
KRISTIAN WIRANATA,1510,2,94000.0
"KRISTIAN WIRANATA,",815,1,45458.0
"KRISTIAN,",1443,1,65000.0
KRISTIANA YULIA N (KRISTIN),869,1,41066.0
KRISTIANA YULIA NINGRUM,2337,1,22500.0
KRISTIANI M HARIANJA,1193,1,63375.0
KRISTIANI WIDYA KARO,1310,1,48750.0
KRISTIANTI MAHARANI,1395,3,320468.0
KRISTIANTO AGUNG WIBOWO,1367,1,108900.0
KRISTIAWAN,856,3,839000.0
KRISTIAWAN BASUKI,1897,3,138000.0
KRISTIHANDARI,799,5,2254000.0
KRISTIN,37,2,60000.0
KRISTIN (JAKARTA),155,1,8925000.0
KRISTIN ANDINI INV/20231018/MPL/3516207188,441,1,59475.0
KRISTIN DOLLI,987,1,100000.0
KRISTIN ELISABETH SIREGAR,968,4,257270.0
KRISTIN GUNAWAN,2134,1,60000.0
KRISTIN MANURUNG,1521,1,89100.0
KRISTIN MARYESSA LUBIS,1272,1,64095.0
KRISTIN NATALIA,1539,1,49500.0
KRISTIN NITA,1216,9,565000.0
KRISTIN SMIRNA,1968,7,428400.0
KRISTIN THERESIA,1168,1,63375.0
KRISTIN.,1237,1,146850.0
KRISTINA,78,2,114000.0
KRISTINA ELISABET SILALAHI,1056,1,24375.0
KRISTINA FIDIASTI,1148,1,24375.0
KRISTINA MAGDALENA SIJABAT,982,2,63000.0
KRISTINA SAPTANINGSIH,1074,1,24375.0
KRISTINA SIHITE,149,5,390966.0
KRISTINA SIHOTANG,1674,1,50000.0
KRISTINA TEGUH,1615,1,31800.0
KRISTINA TIO,1285,1,28380.0
KRISTINA WULANDARI,1566,2,739280.0
KRISTINA.,1510,1,40000.0
KRISTINE KATARINA,272,1,52000.0
KRISTIONO,1437,3,351680.0
KRISTIYANI,869,1,50544.0
KRISTO PRASETYA,1614,1,39750.0
KRISTON,1079,2,71000.0
KRISTOV GULO,808,1,52488.0
KRISTY,1251,2,27270.0
KRISTYANA,2410,2,115500.0
KRISTYANTO UTOMO,1678,1,79200.0
KRISTYANU WIDYANTO,794,1,51900.0
KRISTYAWATI,1996,1,65000.0
KSATRIA,1679,1,90000.0
KSATRIA LONDONG PATIUNG,1617,2,58000.0
"KSATRIA PATIUNG,",1615,1,42400.0
KTB PNIEL,2675,1,20800.0
KUI MAN,660,2,354000.0
KUKUH FIRMANDITO,1616,2,113150.0
KUKUH PURWIDHIANTO,2002,2,85500.0
KURDIJANTO HARSONO,853,4,111735.0
KURNIA VENY,1614,1,95400.0
KURNIA VENY P. S,907,2,136410.0
KURNIA VENY PURNAMA SARI,1221,1,57200.0
KURNIAVENYPURNAMASARI 230607QD0FT1BX,551,1,61880.0
KURNIAWAN UJANG,1988,2,112000.0
"KURNIAWAN,.",1285,1,32103.0
KUSMAN TJAHJANA,984,1,77760.0
KWE SUTRISNO,928,1,62075.0
KWEE DANIEL ARIAWAN SUHONO,2484,1,60000.0
"KWEE WILLIAM,",2102,1,517500.0
KYRAURORA 230405B4QHJR2B,612,2,0.0
L.M WIDYA P,1149,1,24375.0
LABORA RAJAGUKGUK,2493,1,90000.0
LADY FORTUNA,1540,1,64350.0
LADY G. LAPIAN,725,1,62205.0
LAILATUL FAJRIYAH,1745,1,25000.0
LALA,1262,1,28020.0
LALA PALANGKARAYA,2207,1,400000.0
LALA PRATAMA,1189,2,349200.0
LALA TANIU,1911,1,70000.0
"LALA,",1254,1,80000.0
LALA/TOKO ROTI SUBUR,988,2,80751.0
LAMHOT INV/20230704/MPL/3326932170,546,1,109800.0
LAMHOT INV/20230711/MPL/3340166984,539,1,66990.0
LAMHOT INV/20230822/MPL/3415658532,498,1,113917.0
LAN FANG,1087,1,72750.0
LANANG YANUAR SANTOSO,1703,1,85000.0
LANGHAM CREATIVE PROJECT,2540,1,0.0
LANI,1088,1,73125.0
LANI TOPED,983,1,77600.0
LANIWATI,1210,1,59100.0
LANNY,1442,6,238500.0
LANNY DEWI J,883,2,120000.0
LANNY IBRAHIM,779,5,326715.0
"LANNY SUGIARTO,",2123,1,60000.0
LANNY UJU,2378,1,37800.0
"LANNY,",2123,1,60000.0
LARAS,1616,1,35360.0
LASMARIA TOBING/ DEBBY SIMANJUNTAK,1654,1,75000.0
LASTIUR (GEDUNG WISMA BCA BSD DEPAN MALL TERAS KOTA. BANK BTPN WING A LT.2),2249,2,112500.0
LASTRI,1260,1,63375.0
LASTRI NAIBAHO,2543,1,67500.0
LATNI JULIAN,2547,2,70000.0
LAUDA MULIANA,2693,1,45000.0
LAUDITTA SORAYA,1331,2,1457625.0
LAUNA,2201,3,132750.0
LAURA,907,2,128175.0
LAURA ANASTHASYA,1350,1,58500.0
"LAURA AZWIRA,",1882,1,60000.0
LAURA CHRISTY MANENGKEY,1285,1,45082.0
LAURA LIGIANTA,1285,1,60680.0
LAURA LIGIANTA BR TARIGAN,1373,1,45500.0
LAURA MARISA SIAGIAN,2571,1,44000.0
LAURA MEITY SIAGIAN,1731,1,75000.0
"LAURA MEITY/KOST GARCIA,",1757,1,60000.0
LAURA MELLISA,1904,3,231600.0
LAURA RUMLUS / RENZI (NBX),1021,1,27347.0
LAURA SINAMBELA,766,1,26244.0
LAURA SINURAYA,2851,1,54000.0
LAURA TPS,49,6,239500.0
LAURA TRIPUTRI,1003,2,42807.0
LAURA UPN,419,1,25000.0
"LAURA,",1283,1,44133.0
LAURA.,1255,1,85360.0
LAURA...,873,1,25000.0
LAUREN DEBORA SIMATUPANG,1910,1,585200.0
LAURENSIA AGNES KASLIM,920,1,46556.0
LAURENT RENATO SITORUS,1153,1,53625.0
LAURENTIA,1185,1,48500.0
LAURENZA SITORUS,1511,1,59400.0
"LAURENZA SITORUS,",1150,1,63375.0
LAUW DANDY,1714,1,65000.0
LAVANDYA PERMATA,1422,2,95150.0
LAVISHTHECOOKIES #230524HA400JHF,582,1,93786.0
LAWRENCE NOBEL,1551,1,52000.0
LAY INV/20231021/MPL/3521345902,436,1,600750.0
LDP COMPASSION MANADO,2379,1,1302000.0
LDP TEAM COMPASSION INDONESIA,2695,5,13230000.0
LEA ENINTA BR PURBA,1551,1,52000.0
LEA HARUMI,1313,1,56550.0
"LEA HARUMI,",286,3,2145000.0
"LEA THEIS,",2443,1,58000.0
LEADY GRACE,2448,1,65000.0
LEAP CONFERENCE,1919,3,4165000.0
LEDI,780,2,68850.0
LEDIYA NATHALYA A,1147,1,114876.0
LEDY,1414,1,24750.0
LEDY A. GINTING,1615,1,31800.0
LEFRANDY,1379,1,90000.0
LEKSI INV/20231224/MPL/3642490308,372,1,15500.0
LELI SILITONGA,1283,1,32783.0
LELYANA LINTANG,2120,1,195000.0
LEMBAGA PELAYANAN PANCARAN ANUGERAH (UP : ADI YOSEP),2597,3,1737500.0
LEMIE ENAWATI,1227,1,64175.0
LEMUEL MERCY DIHARJA,956,1,116640.0
LENA,2617,1,54000.0
LENA (YUSTINUS LAIA),588,1,0.0
"LENA ,",1808,1,65000.0
LENA WM,1587,2,116000.0
LENA/YUSTINUS LAIA,555,1,45000.0
LENI,2711,1,45000.0
LENI INV/20230524/MPL/3250553751,588,1,73200.0
LENI INV/20231021/MPL/3520992374,436,1,62975.0
LENI RAMADANI GULO,1342,1,58500.0
"LENI,",955,1,66096.0
LENNI MONDA,462,4,218500.0
"LENNI MONDA,",1293,2,200000.0
LENNY MONDA,2123,5,220900.0
LENNY NURYANI NABABAN,954,1,65000.0
"LENNY,",1320,1,56550.0
LENNY.,1041,2,331011.0
LENNY...,705,1,65000.0
LENSY,1973,1,72000.0
LENTINA SIREGAR INV/20230825/MPL/3421913651,492,1,53162.0
LEO,1221,2,81520.0
LEO AGUSTA,1551,1,52000.0
LEO IMANNUEL,661,2,136416.0
LEO IMANUEL,1878,3,193700.0
LEO MARTIN PURBA,2203,1,37500.0
LEONARD,1042,1,47287.0
LEONARD RUSLI,2653,1,455000.0
LEONARD.N.SIMATUPANG,1615,1,45050.0
LEONARDO,1221,1,63655.0
LEONARDO DANIEL,1248,2,121000.0
"LEONARDO DANIEL,,",1156,1,55000.0
LEONARDO INV/20231213/MPL/3622224256,384,1,86500.0
LEONARDO SIHURA,2766,1,54000.0
LEONARDO WINARTO,1876,1,25000.0
LEONARDOUS RANO MASIKU,988,1,97200.0
LEONI AGUSTINA (ALDO JULIAN W),2525,2,112500.0
LEONITA BIOVANI,1650,1,58000.0
"LEONY ANGELIA,",2347,1,60000.0
LEONY MONA PUTRI SIHALOHO,1199,1,63050.0
LESLY SILALAHI,1088,1,73125.0
LESLY YULIANA,1509,1,225000.0
LESLYSILALAHI 230607PWVE9NQ8,551,1,33495.0
LESTARI,1647,1,120000.0
LESTARI KANTI RAHAYU,1320,1,56550.0
LESTARIANI WARUWU INV/20231230/MPL/3652524642,365,1,75500.0
LESTARY TAYLOR,1538,1,64350.0
LETICYA SARUNG ALLO,2669,2,242000.0
LETICYA SARUNG ALLO INV/20230701/MPL/3321881758,550,1,55000.0
"LETICYA SARUNG ALLO,",2165,1,114000.0
LEVIANUS LAY WOHE,2485,1,54000.0
LEVIN HARYADIINV/20230808/MPL/3390393994,512,1,77775.0
"LEVINA,",1969,1,25000.0
LEWI ITA LUMBANRAJA,1203,1,63050.0
LEWI PUJI W,780,1,17615.0
LIA ALUMNI,2253,1,60000.0
LIA AMELIA YUSUP,2151,1,48000.0
LIA GUNAWAN,2360,2,87500.0
LIA JUNITA RAJAGUKGUK,1285,1,35490.0
LIA KARINA,683,1,62205.0
LIA MEGANANDA,1541,1,59400.0
LIA PERMATA,1088,1,24375.0
LIA PRATIWI,2500,1,54000.0
LIA STAF NASIONAL,219,2,78000.0
"LIA,",763,1,70000.0
LIA.,859,1,72900.0
"LIA.,",683,1,86130.0
LIANA INV/20230618/MPL/3298735579,562,1,64050.0
LIANA OKTAVIA,1106,1,63375.0
LIANA SP,863,1,72000.0
LIANA SUSILO,2716,1,54000.0
LIANA WIJAYANTI,1551,2,61300.0
"LIANA WIJAYANTI,",2203,1,37500.0
LIANA.,829,1,252720.0
LIANG (PHILADELPHIA),321,1,76500.0
"LIANI LIAUW, MULIAWAN MOTOR",1313,1,56550.0
LIANINGRUM LIA,1472,1,60000.0
LIANNE,983,1,77600.0
LIANNY TANZIL,1073,1,43875.0
LIANTI,1320,1,56550.0
LIANTO ATMODJO,1510,1,40000.0
LIAU SAU JUNG,857,3,195775.0
LIAU SAU JUNG INV/20230202/MPL/3019174569,701,1,50325.0
LIAWATI,983,1,77600.0
LIBBY,1616,1,30600.0
LIBELS ARIETTHE MELIALA,2689,1,45000.0
LIBERTI TULIMAU,2137,4,135000.0
LIBERTY,1308,1,62725.0
LICIA,1889,2,104000.0
LICIA ARISTA,316,1,65000.0
LICIA ARISTA LOFIANDY,1189,2,130000.0
LIDA RESIKA SEMBIRING,1310,1,68250.0
LIDANIAL LIDANIAL,1444,1,50000.0
LIDIA EUT,2358,3,148950.0
LIDIA KRISTIN,2501,1,52200.0
LIDIA NATANIA LIMAN,984,1,77760.0
LIDIA SUSANTI (EAGLE SCHOOL),2387,1,54000.0
LIDIA TOPED,912,1,114600.0
LIDIA WULANDIRI,1568,1,110000.0
LIDIA-BDG,2289,1,292500.0
LIDWINA CHANDRA,2284,1,80000.0
LIDYA ANNA SUPRIYADI,1614,1,31800.0
LIDYA CHANDRA,915,1,143200.0
LIDYA CORRY,1149,1,53625.0
LIDYA CORRY.,824,1,66000.0
LIDYA DEBORA,1313,1,56550.0
LIDYA LODO,964,1,30000.0
LIDYA PELMA,2826,1,44000.0
LIDYA PRATIWI NAINGGOLAN,701,1,23925.0
LIDYA RESOURCES,471,1,630000.0
LIDYA SANOEBARI,917,5,1851800.0
LIDYA SUMIARSIH,2410,2,127500.0
"LIDYA SUTAMEA,",2261,1,58000.0
LIDYA THAUWRISAN,1227,1,29850.0
LIDYA WURRU,217,9,1644000.0
LIE TJUE,1136,1,136500.0
LIEFIAN,1470,2,90490.0
LIEFIAN SUMANTRI,1615,1,31800.0
LIEM HAUW,883,3,391000.0
LIEM KA HOK,21,7,391200.0
"LIEM, KA HO,EV",1854,9,4362500.0
LIJUNTRI PATULI,1290,1,65000.0
LILI,2676,1,406000.0
LILI IRENE (PK3),920,1,70192.0
LILI KENOSIS,2610,1,66000.0
LILI KRISTANTI,1849,4,395300.0
LILI PAMBUDI,797,1,56000.0
LILIAN,1784,1,21500.0
LILIAN ELISABETH SUPRIYADI,1313,1,70200.0
LILIANA,2088,2,148500.0
LILIANA (2020),859,3,206115.0
LILIANA HANNES,1510,2,58000.0
LILIANA LESTARI,1509,1,225000.0
LILIANA PAYROLL,982,1,300000.0
"LILIANA,",884,3,31658.0
LILIK,780,1,66150.0
LILIN KECIL TDK AKTIF JGN DIPAKAI LAGI,2522,2,535500.0
LILING,1744,1,80000.0
LILIS HABEAHAN,1534,1,27000.0
LILIS RACHEL YOHANA,732,2,98880.0
LILIS TAMPUBOLON,29,1,5880000.0
LILIS_PUTRIANA97 2305291MXNYJQH,585,1,23925.0
LILIYANTI GOZALY,983,1,77600.0
LILLIE FRANSISCA,984,1,77760.0
LILY,1616,3,168967.0
LILY .E,2610,1,30000.0
LILY ELSERISA,764,4,110000.0
LILY ELSERISA.,558,1,70000.0
LILY JOELIANI,2548,1,540000.0
LILY SUJIANA,732,1,126360.0
LILYANTIE TURANG,926,1,130000.0
LIM HUI KIAT,1616,1,35373.0
LIM NELLY INV/20231017/MPL/3514977113,441,1,59475.0
LIM NELLY INV/20240105/MPL/3663351877,362,1,95500.0
LIM PING FEI,952,2,1764450.1
LIM SIOK LIANG,2242,1,48000.0
LIMKIMYIN723 230608TNV9GAQF,551,1,71775.0
LINA,2224,3,147800.0
LINA (TOKOPEDIA),1321,1,67550.0
LINA ATHALIA,2332,2,918400.0
LINA CHANDRA SUGONDO,983,1,77600.0
"LINA CUWANDAYANI,",2177,1,60000.0
LINA KRISTO,907,1,59210.0
LINA MASARY,1059,4,231925.0
LINA SEKRETARIAT,1895,2,135500.0
LINA WILLY,771,1,28000.0
"LINA,,,",1615,1,86920.0
LINA.,1765,1,65000.0
LINARSIH (PERKANTAS TORAJA),236,1,315000.0
LINARSIH MANGIRI,922,1,150000.0
LINAWATI CHONDRO,1374,1,99000.0
LINDA,2351,1,0.0
LINDA ..,763,4,225898.0
LINDA ASIANG,1357,2,286500.0
LINDA GUNAWAN,1388,8,945480.0
LINDA INV/20230106/MPL/2956780166,726,1,116655.0
LINDA KRISTINA HUTAPEA,1150,1,55000.0
LINDA LANGI,1088,1,219375.0
LINDA M,2463,1,54000.0
LINDA MARZUKIE,985,1,320000.0
LINDA OLGA GRACE LANGI,1003,1,63050.0
LINDA PELMELAY,1052,1,63375.0
LINDA SALIM,1031,1,63150.0
LINDA SALIM INV/20231231/MPL/3654614790,365,1,75500.0
LINDA SHOPEE,1226,1,30050.0
LINDA TEJOKUSUMA,2603,1,216000.0
LINDA YUNIARTI,2878,1,44000.0
"LINDA,",1457,1,1500000.0
"LINDA,,",1045,1,63050.0
"LINDA,.",1090,1,58500.0
"LINDA.,",655,1,74646.0
LINDA..,887,1,62075.0
LINDA.CS 231002THV1SH2R,457,1,71775.0
LINDASARI DEWI,1058,1,143812.5
LINDAWATI,1783,1,139200.0
LINDAWATI ANNA GRACIA,925,1,65000.0
"LINDAWATI,",915,1,32222.0
LINDAWATI.,1041,1,47287.0
LINDAYATI,898,2,136810.0
LINFRIDA PANDIANGAN,1488,1,675000.0
LING LING ASNAWI,1990,1,60000.0
LING LING HALIM,1043,1,53350.0
LING2,1313,1,56550.0
LINGGA,662,3,145500.0
LINGGA ANAK BINAAN KO ROBIN,882,2,130000.0
LINGGA SMIRNA,219,3,203000.0
LINGGARSARI KANGSADJAJA,1015,1,67900.0
LINGGOM BONAULI SILITONGA,1227,2,134100.0
LINGLING ASNAWI,2646,2,108000.0
"LINGLING ASNAWI,",2169,2,162000.0
LINI GOZALI INV/20230701/MPL/3321925166,550,1,45000.0
LINKENT INV/20230701/MPL/3321725639,550,1,13069.0
LINNA ASNI ZALUKHU (KOS PUTRI IBU SHANTY/RMH PAGAR WARNA PUTIH),2099,1,50000.0
LINNA KUSUMA WATI,794,1,51900.0
LINNY FIRDAUS,1616,1,30781.0
LINPL18CHARH 230415736MFXP4,612,1,114840.0
LINTON612345 #23050876F0AM1J,582,1,80388.0
LIS SEPTORY,117,1,73500.0
LISA,1615,4,236150.0
"LISA .,",1262,1,63050.0
LISA BARUS,1188,1,63050.0
LISA INGGITA,984,1,77760.0
"LISA INGGITA,",1615,1,31800.0
LISA KARLINA,1015,2,415000.0
LISA MARCELINA,951,1,58320.0
LISA MARIA,2358,1,54000.0
LISA MONICA,1615,3,121940.0
LISA NUGRAHA,30,2,162000.0
LISA PANJAITAN,219,1,88000.0
LISA PONGSIGALA,1024,1,65000.0
LISA SAGITA INV/20230508/MPL/3221300219,603,1,80520.0
LISA SANDRA,1616,1,33360.0
LISA SHOVELIN,1930,1,65000.0
LISA STEPHANI,1052,1,65000.0
LISA SUGIARTO,946,4,252200.0
"LISA,",1435,1,30000.0
"LISA,,",1276,1,48702.0
LISA.,1528,1,64350.0
"LISA.,",676,1,62205.0
LISA..,1041,2,136081.0
LISANIA GIOVANNY KAROROMAN,1374,2,110975.0
LISAWATI BUNTORO,2010,1,58000.0
LISBET NABABAN,923,1,65000.0
LISBET SINAGA,1222,1,30970.0
"LISBETH,",2154,1,60000.0
LISKAYENI SIREGAR,1222,1,29250.0
LISTA,1320,3,143055.0
"LISTA KINASIH,",2360,1,37000.0
LISTI,1193,1,63375.0
LISTIYANI CHITA ELLARY,1731,1,80000.0
LISTRA SENOBAAN,2770,1,20000.0
"LISTYO SETYAWAN,",1847,1,44080.0
LISWERNY R D,1390,1,26055.0
LISYE KUSBIN,90,1,112000.0
LITA,159,3,288000.0
"LITA ELLYZABETH,",1684,1,18000.0
LITA ELUAMA,701,1,26796.0
LITA MALONDA,1251,1,0.0
LITA SIULAN,1615,1,45000.0
LITA TUNGKA,1519,1,65000.0
LITAYANA SITORUS,1255,1,73737.0
LITERATUR NASIONAL,421,37,56301700.0
LITERATUR SURABAYA,2113,2,0.0
LITTLE ELLO HIBRIDA RAYA,1846,1,44080.0
LIU WATY,2046,2,130000.0
LIUS,2525,2,97200.0
LIUS ERIK,1436,1,56000.0
LIUYA,1547,1,59400.0
LIVI,732,1,63180.0
LIVIA DANITA DANIEL SUTEDJA,907,1,59210.0
LIVIA DIFYANTY,1052,4,214680.0
LIVIA DIFYANTY (DARI ANETTA AYU) INV/20231101/MPL/3541142164,427,1,73200.0
LIVIA DIFYANTY INV/20230701/MPL/3321779528,547,1,29737.0
LIVIA ERDINA,968,1,63180.0
LIVIA FILIAS TANIRA,1551,1,52000.0
LIVIA HULDANICHA SOINBALA,1955,2,129200.0
LIVIA LUCIANA,1395,1,25000.0
LIVIA PUSPITASARI,2373,1,54000.0
"LIVIA PUSPITASARI,",1188,1,65000.0
"LIVIA RAHMA,",1458,1,64350.0
LIVIA SASTRY SIHOTANG,1206,1,63375.0
LIVIANA,814,1,65000.0
LIVY FEBRIA,1377,2,147100.0
LIVY PARENGKUAN,1568,1,53730.0
LIYA INV/20231018/MPL/3516295111,441,1,59475.0
LIYA PASALLI,1559,1,60000.0
LIYA PASALLI',1539,1,181170.0
LIZDYA SETIADI,1118,1,67900.0
LLANO FELICIANO INV/20231208/MPL/3612679612,384,1,95725.0
LO ANDI STEFANUS INV/20231020/MPL/3519254837,439,1,59475.0
LOGOS CELL,853,3,50544.0
LOIDE MARNIDA,811,1,195000.0
"LOIDE MARNIDA,",670,2,760000.0
LOIDE YORA BR SURBAKTI,1709,1,60000.0
LOIDEMARNIDA 230418ERM0WMY4,612,1,36366.0
LOIDEMARNIDA 230615EHHYAVJT,551,1,72732.0
LOIS DERO,2225,1,5040000.0
LOIS PUTRIASIH,676,1,47850.0
"LOIS SIREGAR, APT.",2332,2,135000.0
LOISA SEPTANIA,2848,1,54000.0
LOLA SMAGA,958,2,65000.0
"LOLA WAHYU DIRAJA,",2421,1,171000.0
"LOLI JERNI HARIANTI,",2212,1,48750.0
LOLI SINAGA,1685,1,56000.0
"LOLI SINAGA,",1423,1,31000.0
LOLITHA LUMUKO,915,1,51030.0
LOLO SITUMORANG,1192,1,126750.0
LOLYTHA,711,2,128100.0
"LONIRA,",2289,1,40900.0
LONNI YAYI,1696,14,1692600.0
LORA YUSNITA SIRAIT,1959,1,61200.0
LORENZY OSHEL,887,5,349500.0
LORETTA,1615,1,31800.0
LORRAINE PANGGO,93,1,65000.0
LORTHA GB. MAHANANI,1178,2,87750.0
LORTHAGEBYARMAHANANI 230608TEUFW9M7,551,1,33495.0
LOUIS ALFRED,1551,1,52000.0
LOUIS VINSENT,996,1,63050.0
LOUISA HARTONO,1672,1,62000.0
LOUISE RUSELIS,2526,1,31500.0
LOUISE RUSELIS SITORUS,1645,1,70000.0
LOURA SALAKAY,1129,1,58500.0
LOURIE,2717,1,358400.0
LOVELIA INV/20240525/MPL/3926124308,219,1,79475.0
LOVINA JUNITA,2424,1,54000.0
LOW CHEE WAH/ HANSEN LIM/EMILY LE TAYLOR & FRANCIS ASIA PACIFIC,1182,1,0.0
LUCAS SURYANA,2639,1,90000.0
LUCAS SURYAWAN,1313,2,166550.0
LUCI,2830,1,54000.0
LUCI OCTARIA,1227,5,283282.5
LUCI WIJAYA,1621,1,39750.0
LUCIA AMITASYA,1281,1,86710.0
LUCIA LAYSAN,2116,1,65000.0
LUCIANA TQ,1673,1,60000.0
LUCKY,780,5,251364.0
LUCKY FERGIAN LAOH,1042,1,56780.0
LUCKY REGINA,1238,1,84000.0
LUCKY SUPIT,815,2,81540.0
LUCKY SUPIT (CHAPLAIN SEKOLAH),824,1,64940.0
LUCKY SUPIT INV/20231024/MPL/3526246460,434,1,59475.0
LUCKY YUDISTIRAWAN INV/20231221/MPL/3637114305,377,1,80520.0
"LUCKY,,",915,1,71442.0
LUCKY.,866,1,63180.0
LUCY,984,3,175336.0
"LUCY PUSPITA HADI,",2353,1,60000.0
LUCY SENJAYA INV/20230106/MPL/2957604530,723,1,111675.0
LUCY TANDJUNG,1221,1,59100.0
LUCYA,1320,2,113100.0
LUDWINA ZEVANIA,1193,1,63375.0
LUHUR,1390,1,83160.0
LUIKA TOBING,984,1,77760.0
LUIS PALAR,853,1,63180.0
"LUKAS ABIYOSO,",1955,1,60000.0
LUKAS ANDREAS,878,1,49660.0
LUKAS ANWAR KRISTIANTO,1448,1,300000.0
LUKAS BAMBOOS,1528,1,59400.0
LUKAS CH,1896,8,569800.0
LUKAS CHRISTIAN,1246,1,66000.0
LUKAS KACARIBU,885,14,963592.0
LUKAS KEREN,922,1,26190.0
LUKAS KYSUMA,1699,1,0.0
LUKAS LASE,2184,1,80000.0
LUKAS SURYA TANUWIJAYA,642,1,66990.0
LUKAS WAHYU,2521,1,67500.0
LUKERIA LUMBANBATU,927,1,65000.0
LUKI F. HARDIAN,983,1,77600.0
LUKMAN HADI PURNOMO,646,1,150000.0
LUKMAN HALIM,732,1,63180.0
LUKMAN YONATHAN,2099,2,182000.0
LULU MAURI,1514,1,89000.0
LUMBANBATU 230701TAUB3P17,522,1,36450.0
LUNDU FERDINAN,1615,1,36040.0
"LUPITA,",1615,1,34450.0
LUSI,1048,1,85360.0
LUSI INDAH,1981,2,140000.0
LUSI MADUMA SIRAIT,470,1,27000.0
LUSI MAULINA PASARIBU,1205,1,63375.0
LUSI MUNTHE,1616,1,30600.0
LUSI PADMA S. MATA,2596,1,52200.0
LUSI PUTRI,2820,1,58500.0
LUSI SARTIKA ESTER LUBIS,534,1,105000.0
LUSIA SUWANTARI NUGRAHENI,1510,1,40000.0
LUSIANA,2249,1,65000.0
LUSIANA BATUBARA,940,2,93537.0
LUSIANA BATUBARA (FAKULTAS KEDOKTERAN),183,1,409500.0
"LUSIANA LISTIANINGSIH,",2407,1,42000.0
"LUSIANA PURBA,",1783,3,195600.0
LUSIANA SIAGIAN/ YETHA SIAGIAN,2451,1,67500.0
LUSIANA TOKPED,983,1,77600.0
"LUSIANA,",1091,1,336000.0
"LUSIANA,,",260,1,120000.0
LUSIANA.,815,1,46172.0
LUSINDA SILABAN,2018,1,50000.0
LUSSIANA MARSELLA,1320,4,210000.0
LUSTY GRACE,1031,1,58300.0
LUSTY GRACE TODING,2515,1,54000.0
LUSY SETIAWATY,377,4,277200.0
"LUSYANA,",2212,2,108750.0
LUTFI,2632,1,54000.0
LYA DEBATARAJA,2611,1,67500.0
LYANTIN,1615,3,86840.0
LYDIA ADI,2289,1,54000.0
LYDIA CSES,1512,1,48000.0
LYDIA ESTER (INV/20230531/MPL/3264508467),581,1,33320.0
LYDIA KURNIAWATI,1075,1,58200.0
LYDIA KURNIAWATI INV/20230327/MPL/3134933516,646,1,24705.0
LYDIA KURNIAWATI INV/20230831/MPL/3432055222,489,1,22875.0
LYDIA KURNIAWATI INV/20230927/MPL/3479678350,462,1,68625.0
"LYDIA MALAU,",2416,2,108000.0
LYDIA NATALIA,1314,2,130000.0
LYDIA TAGOR (TK.CAHAYA SPORT),732,2,211800.0
LYDIA TAGOR (TK.CAHAYA SPORT) INV/20231029/MPL/3534659372,429,1,59475.0
LYDIA TANUWIJAYA,1057,1,50440.0
"LYDIA,,",1615,1,34450.0
LYNNSANTANA 230608T4MH5VB1,551,1,23800.0
LZF8A0D9DT 230606P7FPCYC9,551,2,0.0
M. HENDRA,2515,1,53000.0
MAAHURY.NN240102S8SCC727 SHOPEE,365,1,68475.0
MAC PRANATA,1054,1,50440.0
MADA WILA,378,1,100000.0
MADE YUNI,2624,1,45000.0
MADELIN ALLBRITH SIANTURI,1308,1,84920.0
MADELINE MOELYONO,2130,1,65000.0
MADUNDE RYAN,1384,1,74305.0
"MADUNDE RYAN,",1059,1,50440.0
MAGDA LENA,907,10,519800.0
MAGDA STAF ALOR,828,4,716500.0
MAGDALENA (LENA/RIAN),968,1,63180.0
MAGDALENA APRILDA SINAMBELA,1979,2,128700.0
MAGDALENA BENING,853,3,62075.0
MAGDALENA EKA PUTRI,1029,1,60000.0
"MAGDALENA EKA PUTRI,",701,1,57420.0
MAGDALENA HT,1444,1,270000.0
MAGDALENA KRISTINA HUTAPEA,673,1,57420.0
MAGDALENA MARINA,2059,1,60000.0
MAGDALENA PRANATA,853,2,161560.0
MAGDALENA SIMBOLON INV/20230308/MPL/3095880287,665,1,45750.0
MAGDALENA SONNY,2505,1,1620000.0
MAGDALENA TOBING,2522,2,121500.0
"MAGDALENA,",2177,1,65000.0
MAGDALENA.,772,1,292500.0
"MAGDALENA.,",1088,1,43875.0
MAGDALENA1704 #2305194W5NX550,582,1,62205.0
MAGDALENAKAPU 230606NRSSSDB3,551,1,23925.0
MAGDALENAKAPU 2306125UH4U37G,551,1,124410.0
MAGDALIA SITANGGANG,1088,3,135065.2
MAGDAWATI HADISUWITO SH,1797,1,1500000.0
MAGGIE BARAMULI,928,1,62075.0
MAHAGA SEMBIRING,1191,1,63375.0
MAHARANI,1913,3,163000.0
"MAHARANI,",2066,3,195000.0
MAHARANI.,1049,1,53350.0
MAHARDIKA PUTRI S,1290,2,84000.0
MAHARETHA,1198,1,63375.0
MAHARSI KRISNA SANJAYA,1509,1,450000.0
MAHENDRA PERMANA PUTERA,1058,1,50440.0
MAHENDRA PERMANA PUTERA INV/20240101/MPL/3656434274,365,1,109800.0
"MAHENDRA PERMANA PUTERA,",1058,1,58200.0
MAHESA GAUTAMA/RIZKY ALEXANDER,1877,1,62400.0
"MAHESA GAUTAMA/RIZKY ALEXANDER,",2211,3,145000.0
MAIKEL ENGGELO EDEN KILLA,184,1,0.0
MAKARINA,983,1,85360.0
"MAKARIOS SIRAIT,",2151,1,60000.0
MAKIL WEYA INV/20231019/MPL/3518023526,440,1,59475.0
MAKLON ANDREAS HEDE,1203,1,58500.0
MALA MANURUNG,1614,1,29680.0
MALEAKHI EZEKIEL,909,1,63180.0
MALEAKHI WIMPY,2148,2,95000.0
MALEAKI,950,2,60000.0
MALIA M. LENAKOLY,1945,3,144250.0
MALICHA DIAN,1150,1,24375.0
MALICHA DIAN L,996,1,26244.0
MALICHA DIAN L.,1220,1,25095.0
"MALKIA PUTRA,",2381,1,58000.0
MALVIN MANUEL,960,2,156700.0
MALVIN REYNARA JAWAKORY,1237,1,49510.0
MAMA INTAN,1118,1,26325.0
MAMA20MAY 230606N8UUFCGA,551,1,33495.0
MANANDA DAVAR SINAGA,1193,1,63375.0
MANDA SEPTINA,593,1,50000.0
MANDAA,1274,1,65000.0
MANDY,983,1,26190.0
MANGIRING SITANGGANG,1845,1,45600.0
MANIK ZEKKI PRIMA,1010,1,24300.0
MANIKEN DUHITA,815,3,149778.2
MANNA M DOLOKSARIBU,711,1,66990.0
MANNA M. DOLOKSARIBU,1088,1,70000.0
MANNA_LG 230701SG9BAN09,522,1,95700.0
MANSEN SIMBOLON/DIAN SIBARANI D.A SMA UNGGUL DEL,749,1,1540000.0
MANSUR,1109,2,127750.0
MANTI,984,1,77760.0
MANTILY HUTAURUK,2795,1,129600.0
MANVA KUSUMA SINAGA,2493,1,22500.0
MARADONA,1605,1,68000.0
MARCE,864,1,52143.0
MARCEL,1041,1,42828.0
MARCEL PUG,954,2,174800.0
MARCELINA,1222,1,29850.0
MARCELINA (TOKO JAYA PUTRI),1472,1,55000.0
MARCELINUS LINDI NAU,1314,2,150000.0
MARCELL KALITOUW,1285,1,44363.0
MARCELLA,1688,1,171000.0
MARCELLA ARIFIANTO,1539,1,27000.0
MARCELLA DEVITA,2318,1,52200.0
"MARCELLA,",1847,2,101800.0
"MARCELLA,,",1833,1,58000.0
MARCELLO,103,6,189700.0
MARCHIA VIRGINIA,1414,1,59400.0
MARCHNIE,1374,8,2108120.0
MARCHNINTH PEDELATI,1846,1,83600.0
MARCO CIBRO,1675,1,65000.0
MARCO CRISTIAN CIBRO,1221,1,59220.0
MARCOS TAMPUBOLON,2214,1,18900.0
MARCUS SANTOSA,920,1,40110.0
MARDE STENLY MAWIKERE,824,26,2341045.0
MARDE STENLY MAWIKERE INV/20230701/MPL/3321640390,550,1,18202.0
MARDELINA,1097,1,72750.0
MARDI CRISTIANTO,780,1,33075.0
MARDIAN K. MARA,853,3,50544.0
MARDIKO,2102,6,350000.0
MARDIKO RUMAHORBO,1254,1,110000.0
MARDJUKI SUSANTO,2669,1,58500.0
MARDJUKI SUSANTO (DIVISI AUDIT INTERNAL),2142,2,128000.0
MARDONA BANGUN,808,1,52460.0
MARELLA GRANTIANA GULTOM,1367,1,24375.0
MARESTHY RUMALEAN,1206,2,424875.0
MARETHO WAHYU P,918,1,63180.0
MARGAREETTA SIREGAR,590,1,58500.0
MARGARET KRIS INV/20230726/MPL/3366847281,524,1,91500.0
MARGARET WAKA,915,1,44226.0
MARGARETA,1510,1,40000.0
MARGARETA STEFANY AGIL,1231,1,63375.0
"MARGARETA,",1141,1,58500.0
MARGARETA.,1073,1,58500.0
MARGARETH,631,2,105000.0
MARGARETH APRILIA,1546,1,62985.0
MARGARETH CHONDRO,2095,2,100400.0
MARGARETH WILSON,2029,1,60000.0
MARGARETHA,1310,1,68250.0
MARGARETHA AGUSTINA,2252,1,80000.0
MARGARETHA ENY/GABRIEL HEGEL,979,1,20412.0
MARGARETHA SUTANTO,1576,1,75000.0
"MARGARETHA,",1390,1,81060.0
MARGARETHA.,1074,1,27300.0
MARGARETSCB #230517114V4GCR,582,1,95700.0
MARGARETSCB 230604H252BPYT,551,2,0.0
MARGARETSCB 230606MRYU5H3V,551,1,66990.0
MARGARETTA,907,4,228068.0
MARGARETTA INV/20230618/MPL/3298744104,562,1,64050.0
MARGARETTA INV/20231004/MPL/3492701453,454,1,65265.0
MARGARETTA JATI PALUPI,1022,6,322190.0
MARGARETTA SIDABUTAR,1212,1,30000.0
MARGARETTA SIREGAR,168,4,166000.0
MARGHARETA BOREAN,1376,1,62370.0
MARGIE / IVAN,853,4,663000.0
MARGRETH L. RISAKOTTA,1488,1,225000.0
MARHENSIA KARIM,983,1,97000.0
MARHOLOP SEMBIRING,1324,1,37620.0
MARIA,1221,3,96250.0
MARIA (RINA PURNAMASARI),763,2,50000.0
MARIA (TEMAN CE YUMI),685,1,28000.0
MARIA (TOKOPEDIA),1321,1,67550.0
"MARIA AGUSTINE,",2221,1,47000.0
MARIA AILEU OAN,1274,1,24598.0
MARIA ANGEL FLORA,853,3,50544.0
MARIA ASRI,2548,1,54000.0
MARIA ASTISARY MALTUS,1614,1,32860.0
MARIA CAROLINA,972,1,300000.0
MARIA CHANDRA,661,2,125580.0
MARIA CHANDRA HAPSARI,574,1,60000.0
MARIA CHARIS,1221,1,41494.0
MARIA CLARA,1672,1,20000.0
MARIA DEMETRANELA SOARES (DKT PERKANTORAN KAB.KUPANG),1572,1,30000.0
MARIA DHARMA,1222,1,29850.0
MARIA DITA FEBRIANI LUMBANGAOL,1441,1,67320.0
"MARIA ELSA SIPAYUNG,",1766,1,38000.0
MARIA ESTU TANTRI,1962,3,430400.0
MARIA FALIPI SIAGIAN,2486,1,58500.0
MARIA FENNITA,253,6,10132250.0
MARIA FENNITA S.,34,1,9750000.0
MARIA FRANSISCA,2277,1,54000.0
MARIA FRANSISCA 2,197,1,48000.0
MARIA FRANSISCA SIHOMBING,394,1,32500.0
"MARIA FRANSISCA,",316,3,57320.0
MARIA GABRIELLA,1203,1,63050.0
MARIA GUSTINA,1400,3,107645.0
MARIA IGNATIA,1603,1,65000.0
MARIA INDRIANI,1510,1,40000.0
MARIA IVANA,732,1,63180.0
MARIA KURNIATI,1227,1,64015.0
"MARIA M A MARGURA SILITONGA,",2401,1,60000.0
MARIA MANGOPO,1590,1,65000.0
"MARIA MARGARETA,",2319,1,65000.0
MARIA MARGARETHA,2403,2,102000.0
MARIA MARGARETHA SINAGA,2521,1,50000.0
"MARIA MARGARETHA,",139,1,110000.0
MARIA METTA,1615,3,145560.0
"MARIA METTA,",984,1,77760.0
MARIA METTA.,632,1,90000.0
MARIA MONALISA,2857,1,54000.0
"MARIA NATALIA,",950,1,100000.0
MARIA NATALIA.,783,1,68000.0
MARIA POLTEKES,2060,1,151200.0
MARIA RATNA MINDIYANI,1436,1,61380.0
MARIA REBECCA,261,1,0.0
MARIA REBECCA INV/20230816/MPL/3405891664,502,1,49364.0
MARIA REBECCA SUWITI,1903,1,65000.0
MARIA REBECCA SUWITO,1147,2,14625.0
MARIA REGINA,1510,1,69300.0
"MARIA ROLENTA MANIK,",1885,1,189000.0
MARIA RUSTIA,1285,1,35490.0
MARIA SARAGIH,1313,1,56550.0
MARIA SIMANJUNTAK,1613,1,51000.0
MARIA SIRINGORINGO,927,1,68040.0
MARIA SONDANG,2602,1,135000.0
"MARIA SONDANG,",1500,1,89100.0
MARIA SONDANG.,1282,1,49550.0
MARIA TAN,896,1,25785.0
MARIA TAN (YASINDO),2004,1,35000.0
MARIA TATIK,926,1,0.0
MARIA THERESIA,1626,1,68000.0
MARIA THERESIA INV/20230125/MPL/2998669905,707,1,91500.0
MARIA THERESIA.,411,1,68000.0
MARIA TPS,1783,10,396900.0
MARIA TRIFENA,2009,1,35000.0
MARIA TRIFENA SIREGAR,1891,1,65000.0
MARIA TROGEA AKK ELSA,1896,1,16800.0
MARIA VENNA RUBAN,1534,1,71280.0
MARIA VERONICA,2823,1,58500.0
MARIA WANDA,1022,3,171400.0
MARIA WANDA A.K.,1526,1,90000.0
MARIA YATI GULTOM,1146,2,75625.0
MARIA YOLANDA,1104,1,63375.0
MARIA YOUNG,2780,1,48600.0
MARIA YOUNG.,777,1,77760.0
"MARIA,",1399,1,30000.0
MARIA.,824,1,26000.0
MARIA..,573,1,32500.0
"MARIAM RUSLESTARI,",2121,1,58000.0
MARIAMETTA56 231002TBDNJYFB,457,1,71775.0
"MARIANA ARITONANG,",2301,1,45000.0
MARIANA NOVITA(NOVI),921,1,142884.0
MARIANA SITUMORANG,2821,1,54000.0
MARIANE ESTHER RANTUNG,1102,1,43875.0
MARIANY JUWITA TURNIP,2620,1,54000.0
MARIAVENNA 230419GJD0SMUT,612,1,93786.0
MARIDA SYANA,1455,1,59400.0
MARIDUK TAMBUN,2807,1,32400.0
MARIHO AKK KAK DIDIT,1931,3,110000.0
MARIN TODING,1678,1,57420.0
MARINA FERNANDA SITORUS,2336,1,67500.0
MARINA RUMONDANG P TAMPUBOLON,2143,1,60000.0
"MARINA SITUMORANG,",2400,1,114000.0
MARINA SUPIT,1543,1,59400.0
MARINCE MARBUN,934,1,24300.0
MARINGAN HUTAGAOL,1917,1,60000.0
"MARINGAN HUTAGAOL,",1189,1,60000.0
MARINI,853,1,56640.0
MARINI SIMBOLON,2227,1,189000.0
MARIO,1055,1,50440.0
MARIO CASSANDRA,1102,1,43875.0
MARIO CHRISTY ANUGRAH,938,1,25000.0
MARIO GANI,815,1,89080.0
MARIO HIMPAL,1313,1,142350.0
MARIO HUTAGALUNG,2269,3,931800.0
"MARIO HUTAGALUNG,",794,4,171826.0
MARIO KASIH,1253,1,240000.0
"MARIO SEBASTIANO,",2431,1,80000.0
MARIO SUDIONO,965,2,14550.0
MARIO WONGKAR,2284,2,94000.0
MARIO YONATHAN,1217,1,45500.0
MARIS,1247,1,24650.0
MARISA,61,31,1647900.0
MARISA JOINE SAHEDUNG,2221,1,54000.0
MARISA KATTU,683,1,62205.0
MARISA THIMANG,1953,1,58500.0
MARISA VALENTINA,1276,1,17500.0
MARISHA NOPE,1540,1,24750.0
MARISI ULI,1390,1,118800.0
"MARISSA ARVIANI,",2211,1,37500.0
MARISSA HOSEA,851,1,57300.0
MARITO MANURUNG,1010,2,108850.0
MARITO PAKPAHAN,996,1,48750.0
MARITO SILALAHI,2294,1,129600.0
MARIYANA SARI,673,1,25839.0
MARK PHILIP PURBA,1925,1,58500.0
MARKUS,2696,1,40600.0
MARKUS PRASTYA,843,1,71625.0
MARLENA ARITAHANU,558,1,70000.0
MARLIA,1254,9,442100.0
MARLIA ERNAWATI,150,75,3327700.0
MARLIEN BOKKO,1780,1,75600.0
MARLIEN ESTEFIN TAMBELANGI,1488,1,225000.0
MARLIN KOREH,1003,1,23880.0
MARLIN LUISA MENNO,853,1,85330.0
MARLIN NIPI,1475,4,259200.0
"MARLIN NIPI,",1079,1,65000.0
MARLIN NIPI..,699,1,120000.0
MARLIN SILALAHI (MANAJEMEN OFFICE PALEMBANG ICON),2651,1,30000.0
MARLIN..,791,6,2302072.0
MARLINA,1646,1,42000.0
MARLINA NOVITA ULIGOMA,1374,1,27720.0
"MARLINA,",2361,2,103000.0
MARLYN MARPAUNG,1983,2,100000.0
MARNI,1221,1,29970.0
MARNIATI LORU,936,1,0.0
MAROY BELES MAGALINE,2400,1,63000.0
MARQUS,894,1,0.0
MARQUS TRIANTO,642,4,94600.0
"MARRISA LEVIANI INDRAYANA,",2137,1,50000.0
MARS*** INV/20230421/MPL/3190385243,612,1,59475.0
MARSA RENANING DYAH,1313,1,56550.0
MARSAULI VERONIKA,464,4,107500.0
MARSELINA GRACE,154,1,55000.0
MARSELINA GRACE KELLY,21,1,390000.0
MARSELINA YULINSA PUTRI,1544,1,65000.0
MARSELLA HATANE INV/20230312/MPL/3105170309,660,1,59475.0
MARSHELINO PANJI EPAPRAS,1570,1,62725.0
MARSINI,2310,1,54000.0
MARSITA P,367,2,0.0
MARSYA MANURUNG,1283,1,20612.0
MARTA AMANDA,214,3,106600.0
MARTA AMANDA PANJAITAN,86,16,756800.0
MARTA DESIANA KRISANUGERAH,2478,1,22500.0
MARTA ELVIA SARI SARAGIH,1193,1,63375.0
MARTA JONATAN,194,5,508000.0
MARTA OCTAVIA,1183,1,63375.0
MARTDIAN RATNA SARI,1461,1,26730.0
MARTHA,1510,2,104350.0
MARTHA DARING,1360,1,63417.0
MARTHA DWITA,673,1,38280.0
MARTHA J ROMPAS,1193,1,63375.0
MARTHA KARINA,690,2,99141.0
"MARTHA LUSIANA,",2212,1,39000.0
MARTHA NAPITUPULU,1415,1,58350.0
MARTHA OKSELINA NAPITUPULU,2170,1,54000.0
MARTHA PANGGABEAN,1615,1,144160.0
"MARTHA PANGGABEAN,",1273,1,62025.0
MARTHA PANJAITAN,96,5,253050.0
MARTHA SITOHANG,1017,1,145500.0
MARTHA SITUMORANG,1376,1,110880.0
MARTHA ULI,1283,1,44817.0
MARTHA ULI HUTAHAEAN,1376,1,83160.0
MARTHA WARTINI,1533,3,129280.0
MARTHA YULIANA,1524,1,53460.0
MARTHA.,1024,1,68040.0
MARTHARIA,1098,1,37500.0
MARTHEN KAUSE,2631,1,48600.0
"MARTHEN KAUSE,",1080,1,240000.0
MARTHEN SAMBO,2854,1,500000.0
MARTHIN,1510,1,40000.0
MARTHIN LUTHER,2581,2,164000.0
MARTHINUS Y. G,517,1,60000.0
MARTHINUS Y.G,1945,2,132500.0
"MARTHINUS Y.G,",804,1,54000.0
MARTIBUN SINAGA / ACHMAD FAUZI,1062,1,24375.0
MARTIN,1360,2,90740.0
MARTIN BINSARTUA INV/20231019/MPL/3517505396,440,1,59475.0
MARTIN GAMMARIEL TAMPUBOLON.,2123,1,27000.0
MARTIN LUTHER,1470,3,352350.0
MARTIN MANULLANG,1198,1,63375.0
MARTIN SANDJAYA,1044,1,63050.0
MARTIN SIHALOHO,1531,1,64350.0
MARTIN STEVEN,834,1,65000.0
MARTINA,915,1,25855.0
MARTINA IKWAN,724,1,114840.0
MARTINA SUJANA,1251,3,116132.0
MARTINNICO OKTATRINO,1283,1,61938.0
MARTINUS,1042,1,47287.0
MARTINUS KURNIAWAN/ KARTIKA DEWI,2466,1,54000.0
MARTINUS Y.G,2609,2,94500.0
MARTONI SETIADY,2385,1,54000.0
MARTUA SIANIPAR,983,1,97000.0
MARUHAL SIRINGORINGO (GPIN),1483,1,89100.0
MARULI ASI ANTONIUS LUMBANTORUAN,2619,1,54000.0
MARULI SIRAIT,2575,1,54000.0
MARULI TUA NABABAN,1847,1,49400.0
"MARULIANY,",2226,1,152000.0
MARVEL WENDEL,1135,1,39000.0
MARWITA PAROMBEAN,1322,1,60000.0
MARY GRACE,2338,1,67500.0
MARYA BEM/DESI,1308,1,70000.0
MARYA M SAGALA,121,1,336000.0
MARYAM AGREE ALFANI THOBAN,2057,1,60000.0
MARYANA,2711,1,54000.0
MARYANA HANANI,1221,7,208950.0
MARYANTI ATAMA,1335,2,106750.0
MARYATI CITRA ERNA OKTAVIANY,1313,1,56550.0
MARYBOEN 231002TNFSVD3G,457,1,71775.0
MAS BOBI,980,1,77200.0
MAS JOKO,2129,2,144000.0
MAS KRIS YUDO,15,3,132500.0
MAS REMAL,878,1,50440.0
MAS WAWAN,1029,25,3235500.0
MASNA SINAGA,1279,1,50000.0
MASREK OKDAR RESTON GULO,154,2,94450.0
MASRIA SINAGA,2211,2,58000.0
MASRIDA ADOLINA PANJAITAN,1510,1,40000.0
"MASTORA SIAHAAN,",2116,1,25000.0
MATANIA SOLEIMAN,1042,1,47287.0
MATHEW MARCELLINO,1202,1,63050.0
MATHEW SIDABUTAR,1199,1,63050.0
MATHIAS (DISTRIBUSI),1615,1,31800.0
"MATHILDA,",2347,1,60000.0
MATHINDAS WENAS,1058,1,52000.0
MATHIUS FELIX WATTIMENA,2214,1,42000.0
MATIUS FELIX WATTIMENA,2183,2,125000.0
MATTEW RAPHAEL JOSAFAT SEPANG,815,1,52200.0
MATTHEW,915,1,47385.0
MATTHEW DJATI,1205,1,63375.0
MATTHEW JOSHUA MARTINEZ,1110,1,72750.0
MATTHEW SIREGAR,809,1,52488.0
MATTHEW SIREGAR.,725,1,84216.0
MAUDY,1259,1,63375.0
MAUREEN,2290,1,39900.0
MAWAR MONICA SITUMEANG,1551,1,52000.0
MAWAR SHARON CHRISTIAN SCHOOL SCHOOL (UP:DANNY PASARIBU),1876,2,222000.0
MAWAR TOWENGKE,1819,1,60000.0
MAX FERNANDO,1001,1,56260.0
MAXIMA,2472,1,0.0
MAXIMUS PARSAORAN,1059,1,24375.0
MAYA,2430,1,45000.0
MAYA CHINTIA PUTRI,1304,1,27300.0
MAYA D.A BP DWI TJAHYONO/YOYOK,1283,1,30000.0
MAYA ELISA,2415,1,45000.0
"MAYA MAGDALENA LATUPEIRISSA,",2029,7,385000.0
MAYA PUSPITA,1383,1,74305.0
MAYA WIDYA,1290,3,260045.0
MAYA/MONIKA SINAGA,1657,1,30000.0
MAYANG TRIVENA OKTAVIANI,1543,1,80190.0
MAYANGSARI DANNARI,1331,1,48750.0
MAYESTI LATERSIA SINUHAJI,1990,1,90000.0
MAYGHA YOSIANTI PUTRI,1647,1,50000.0
MAYLIN,642,1,20097.0
MAYLIN DJUANA INV/20230701/MPL/3321892936,550,1,12500.0
MAYRINA INDAH,1510,1,40000.0
MAYUKO SASTRA KUSUMA,1615,1,42400.0
MAZMUR ADI UTOMO SIREGAR,1615,1,22500.0
MAZMUR DANIEL,1543,1,48500.0
MAZMUR SIREGAR,1089,2,141950.0
MBA TIN (PANTI ASUHAN PATMOS),780,1,33075.0
MBAH WIYATI,1054,1,50440.0
MBAK SEPTI,1737,1,87500.0
MBAK SUKANTI/PAK YONO,1372,1,28000.0
MBAK TUTUT,212,3,340200.0
"MD.AGUS BAMBANG,",2311,1,52000.0
MDC JAKARTA (UP: LANI),2627,1,4200000.0
MEDA ADITIYA MAHATVA,1309,1,63375.0
MEDI,481,1,18000.0
MEDILINY KAHA,1304,1,88000.0
MEE IN / RUMAH,1510,1,40000.0
MEGA,1597,2,250000.0
MEGA - BABELAN,1128,4,172132.0
MEGA APRILIA,2330,1,90000.0
MEGA BERLIAN,1551,1,52000.0
MEGA CHRISTIN,2171,1,54000.0
MEGA ERIANA KRISELDA,1048,1,87750.0
MEGA KRISTIANA,1318,1,28000.0
MEGA SAMALATY,1876,1,68000.0
MEGA SAMPEPADANG,1475,1,59400.0
MEGA SARAGIH,1153,1,146250.0
"MEGA SIANTURI,",2266,1,171000.0
MEGA SYA,2794,1,104400.0
MEGAH,545,1,105000.0
"MEGAH GRACINDO JAYA,",1615,1,37100.0
MEGAHWATI ALIM,780,2,108864.0
MEGARIA FP,1210,1,67900.0
MEGAWATHY CATHRINE,90,1,85000.0
MEGAWATI,878,2,113670.0
MEGAWATI OKTAVIANI,2165,1,50000.0
MEGAWATI SIREGAR,701,1,66990.0
MEGAWATI TAN,1961,2,430000.0
MEGAWATI WIDJAJA,1615,1,34450.0
MEGI OLIVIA,1211,1,126100.0
MEGI TAMBA,815,2,129170.0
MEGI TAMBA INV/20230606/MPL/3276034322,581,1,33320.0
MEGY,1435,1,30000.0
MEI CHING,1058,1,291000.0
"MEI CHING,",1047,1,25000.0
MEI FANG IBU,1772,8,1068500.0
MEI HERAWATI,1457,4,257600.0
MEI HERAWATI.,652,1,56000.0
MEI ING,2277,3,146000.0
"MEI PANGESTUTI,",2399,1,67500.0
MEI RANI,1192,1,58500.0
MEI SEVENITA GINTING,1533,1,193050.0
MEI TAN,920,1,50137.0
MEIDYAWATI GOEI,1074,1,43875.0
MEIHUA MARKETING,816,1,68040.0
MEIKE,1102,1,109687.5
MEIKE CHRISVENDA MUJIONO,1845,1,91200.0
MEIKE KARANGAN,1570,1,64675.0
MEIKE.,794,1,71625.0
"MEILAN BANUREA,",2211,1,45000.0
MEILAN SAREGA,30,2,105000.0
MEILANDI SAREGA,302,1,70000.0
MEILANI,149,1,60000.0
MEILANI EKA DONGGORI,824,1,43660.0
"MEILANI HUTAPEA,",2211,1,43500.0
MEILANY D,1045,7,806355.95
MEILASRINA,2359,3,123500.0
MEILIANA,920,2,102185.0
MEILIANA EVITA,915,2,138995.0
MEILIANA INV/20231230/MPL/3653700418,365,1,75500.0
"MEILIN ARISANTI NAINGGOLAN,",1932,1,65000.0
MEILIN DAMAYANTI,943,1,52000.0
MEILINA,1845,1,45600.0
MEILINA PANE,1262,1,63050.0
MEILINA SANTOSO,755,1,65000.0
MEILLA CHEILINA HADITI,984,1,78000.0
MEILY,2429,1,90000.0
MEINAR,917,2,390000.0
"MEINAR ""THE BALINGS"" LUMBANBATU",1318,1,45000.0
MEINAR THERESIA LUMBANBATU,926,4,113115.0
MEIRIANA ARTHA DANIA,1615,1,31800.0
MEITY,1444,1,24750.0
MEIVI,2486,1,52200.0
MEIVINA,1616,1,30904.0
MEIYANI SINAGA,725,1,71775.0
MEL,1749,1,60000.0
MEL RUSDI,808,1,78000.0
MELANCHON SUMBAYAK,1615,1,30740.0
MELANI,1283,1,46886.0
MELANI CARMELIA LOMBAN,1616,2,81789.0
MELANI LOMBAN,2378,3,157000.0
MELANI LOMBAN (AN. MARIA SIMANJUNTAK),1111,1,17500.0
MELANI SITANGGANG,1539,1,64350.0
MELARI,1282,1,24645.0
MELDA,1906,1,100000.0
MELDA KONDA AY,2088,1,45900.0
MELDA MANIK,2508,1,112500.0
MELDA PARE,2618,1,54000.0
MELDA S,1221,1,26000.0
MELDA TESSY,815,2,134267.2
MELDA TESSY..,861,1,78000.0
"MELDA,",782,1,700000.0
MELDA.,794,2,166096.0
MELENIA SAVHIRA,1811,1,65000.0
MELI,1765,1,27000.0
MELIA YUNITA,2728,1,54000.0
MELIANA,920,2,160192.0
MELIANA ITS,2690,1,54000.0
MELIANA SARI DEWI,1615,1,29150.0
MELIANA WARUWU,987,1,100000.0
MELIANA WIDJAJA,983,2,136200.0
"MELIANA,",2126,1,65000.0
"MELIANA,.",732,1,63180.0
MELIANA.,928,2,139675.0
MELIANAWATI,1313,4,226300.0
MELIANUS HURA,99,2,165000.0
MELIN JULIA S,2397,1,40000.0
MELINA,766,2,92040.0
MELINA DAN EVAN,983,1,77600.0
MELINA MANURUNG,2696,1,25000.0
MELINA RAHARDJA,1550,1,52000.0
MELINAWATI,1920,2,84300.0
MELINDA,983,1,155200.0
MELINDA APRILIA GUNAWAN,853,3,63180.0
MELINDA HARYANTO,154,2,100000.0
MELINDA LANDEGAWA,246,1,48000.0
MELINDA NOVITASARI,2315,1,54000.0
MELINDA PUTRI,1000,1,42000.0
MELINDA SULISTIANI,915,2,58936.5
MELINDA TOPED,983,1,310400.0
MELINDA URA,915,1,50544.0
"MELINDA,",1850,1,68000.0
MELINDA.,1285,1,35490.0
MELINDA..,809,1,51570.0
MELINE CHRISTIANI YAHYA,711,1,62205.0
MELING,1003,2,140019.0
MELISA,1090,2,98000.0
MELISA ANGGRIANI,920,1,34762.0
MELISA AUDREY,1218,1,42000.0
MELISA CATHERINE,994,1,26325.0
"MELISA EPRILIA,",2434,1,75000.0
MELISA INDAH,1615,1,29680.0
MELISA LS,1552,1,64350.0
MELISA PAMUDJI,983,1,80000.0
MELISA SIAGIAN,1279,1,86305.0
MELISA.,1313,1,56550.0
MELISABET1923 23061398EC9PQT,551,1,66990.0
MELISKA,2634,1,25000.0
MELISKAH,921,1,13891.0
MELISSA,1616,1,35700.0
MELISSA AUDREY,1252,1,59500.0
"MELISSA AW,",2109,1,65000.0
MELISSA C. TERAHADI,824,1,23863.0
MELISSA DAVID,1088,1,24375.0
"MELISSA HANS,",2164,1,60000.0
MELISSA MARTA,1616,2,174916.0
MELISSA RAMPEN,212,1,0.0
MELISSA SALIM,1676,1,136000.0
MELISSA TANIA TANTIONO,811,1,75000.0
MELISSA THENATA,860,1,47654.0
"MELISSA,",655,1,574200.0
"MELISSA.,",1048,1,72750.0
MELITA K. MALAU,1422,1,144540.0
MELKY SAPUTRA SIMANJUNTAK,1203,1,63375.0
MELLISA_83 230501JQGYFUBY,611,1,62205.0
MELLY,2673,2,44000.0
"MELLY,",661,2,106890.0
"MELNA CAINTAN,",1616,2,88050.0
MELODY GRACIA,1510,1,40000.0
"MELUR DEWI,",2044,3,275000.0
MELVA HUTAPEA,1300,1,63375.0
MELVA PURBA,50,1,65000.0
MELVI,732,1,48600.0
MELVIN AUREL,732,3,181150.0
MELYA,1193,1,63375.0
MEMENG ( EMI PASOLANG),853,3,53460.0
MEMORINDA SILABAN,1193,1,24375.0
MEN YAU,983,1,77600.0
MENA M. S. SIMARMATA,673,1,23925.0
MENASER J TOWANSIBA,1209,1,63375.0
MENI SIHITE,823,4,221000.0
MENRIANI DAMANIK,1611,1,65000.0
MENTARI BR GURUSINGA,1911,1,60000.0
MER LI,999,1,98000.0
MERCY,1790,1,60000.0
MERI KASE,41,1,40000.0
MERI KO,1185,2,339500.0
MERI RANTE RURA,2487,1,72000.0
MERIS STORE,1196,1,63375.0
MERIZA RACHELIN,921,1,72900.0
MERLIN SILAMBI,980,1,27000.0
MERLINA YULIANA PUTRI,984,2,118625.0
MERLY,418,1,440000.0
MERLY RAJAGUKGUK,1904,1,54000.0
MERNA JUANNITA,1074,2,44850.0
MERRY,1779,1,60000.0
MERRY AGUSTINA,1203,1,63375.0
MERRY CHRISTIANA (UNIT PINUS),828,1,336600.0
MERRY CHRISTIANI,2353,3,154500.0
MERRY CHRISTIN,1037,1,63375.0
MERRY CHRISTINE,2507,1,50000.0
MERRY FLORA DAWOLO,1330,1,63375.0
MERRY MANAFE,983,1,77600.0
MERRY MERLIANA,863,1,72000.0
MERRY NATALIA (MERIN),1010,1,21000.0
MERRY NATALIA SIMANJUNTAK,1771,4,193500.0
MERRY NERVANTO,983,1,24250.0
MERRY YULIANA,1699,1,0.0
MERRY.,1429,1,64350.0
MERSI PAKOLO,1472,1,64350.0
MERSILINA L. PATINTINGAN,99,1,50000.0
MERSY,917,1,54000.0
MERY,983,1,77600.0
MERY KRISNAWATI SIAHAAN,1913,1,85000.0
MERY NABABAN,1924,1,65000.0
MERY P.,568,1,189000.0
MERY SUSILAWATI,1510,1,40000.0
MERYANNE TARIHORAN,2519,1,108000.0
MESAK,1052,5,192175.0
MESAK.,853,3,95256.0
MESIA WM,280,1,37500.0
META,334,2,135000.0
META CHANDRA,1551,1,52000.0
META KUSUMANINGTYAS,2408,1,54000.0
METHA AULIA SIBARANI,219,1,110000.0
METHA BERTINA,642,1,62205.0
METHA MELYANTY,1863,2,60000.0
METTY KUSUMASTUTI,919,11,1319100.0
METUSALAH F J SAHUREKA,853,3,50544.0
MEY MONICA,201,5,263000.0
MEYGA WATYA,1563,1,60000.0
MEYLAN TAMBANI,1668,1,35000.0
MEYLINDA AYU,1539,2,106450.0
"MEYLINDA SARI BR SEMBIRING,",2113,1,65000.0
MEYMAN ARDHI S. P WARUWU,316,1,80000.0
MEYTHA DWIANTIKA,1376,2,110880.0
MEZAKH LONDAEL,983,2,130150.0
MFROMPAS 230614CHBQFTQT,551,1,267960.0
MGKTLNDI 230503QDGA6SUE,611,1,47850.0
MIA PROYANDIANI,673,1,62205.0
MICHAEL,2121,1,65000.0
MICHAEL CIU,1102,1,43875.0
MICHAEL DAUD TONDA,1302,5,658000.0
MICHAEL DIPTANA,1847,1,62320.0
MICHAEL FRENS INV/20231017/MPL/3515141795,441,1,59475.0
MICHAEL INV/20231108/MPL/3555000076,415,1,27450.0
"MICHAEL JAYA,",2242,2,96000.0
MICHAEL JAYADI,894,1,97200.0
MICHAEL JOSUA,1174,1,63375.0
MICHAEL KRISTIANTO,1506,1,65000.0
MICHAEL KS,1185,1,63050.0
MICHAEL MANDANG,1488,1,225000.0
MICHAEL NATHANAEL KEKA,2214,1,47000.0
MICHAEL NUGROHO,1905,1,60000.0
MICHAEL NYOTO,1631,1,58000.0
MICHAEL OBED,2641,2,69000.0
MICHAEL PAULA,1764,5,327200.0
MICHAEL POJOH,928,1,62075.0
MICHAEL PRECIA (WIILLIAM),853,3,50544.0
MICHAEL RYAN RAHARDJA,1969,1,61200.0
MICHAEL SANDJAYA,1510,1,40000.0
MICHAEL SANTOSO,1616,1,28560.0
"MICHAEL SANTOSO,",1615,1,47700.0
MICHAEL SEPTIAN SIHOMBING,853,3,99762.0
MICHAEL SEPTIONUS,1668,1,27000.0
MICHAEL TJIOEPUTRA,2541,1,54000.0
MICHAEL TJUNG,1233,1,58200.0
MICHAEL TONDA,1229,3,179350.0
MICHAEL TONDA.,1221,2,59700.0
MICHAEL TONDA..,456,1,112000.0
MICHAEL TULAK,1571,1,105000.0
MICHAEL VASHINI IMMANUEL ( IBU LIDYA),1890,3,440000.0
MICHAEL YORDAN,2625,1,67500.0
"MICHAEL,",1062,1,45500.0
MICHAEL.,987,1,97000.0
MICHAEL..,867,1,50544.0
MICHAEL/TOKO RISMA,1535,1,64350.0
MICHAELA PONTOH,1203,1,63050.0
MICHAELLA NICOLE,1087,1,72750.0
MICHEL (YOPI),1313,1,37050.0
MICHEL AGUS,1689,1,60000.0
MICHEL SIPAYUNG,2373,1,54000.0
MICHEL YEMIMA PUTRI,1615,1,31800.0
MICHELIA,1510,1,40000.0
MICHELIA SIAGIAN INV/20230801/MPL/3378304685,518,1,59475.0
"MICHELIA,",1731,2,93880.0
MICHELLE,2494,2,229500.0
MICHELLE ABIGAIL,1510,1,40000.0
MICHELLE AILEEN,2067,1,250000.0
MICHELLE CHRISTY,1603,1,65000.0
MICHELLE EUGENIA,1479,1,351000.0
MICHELLE F S,2799,1,162000.0
"MICHELLE GLORIA EFFENDI,",2402,1,43300.0
MICHELLE GUNAWAN,2598,1,54000.0
MICHELLE GUNAWAN INV/20231008/MPL/3498505706,450,1,68625.0
"MICHELLE HENNI KRISTINA,",2149,1,96000.0
MICHELLE KATHLEEN C. RUITAN,1193,1,63375.0
MICHELLE QUINNE,994,1,24250.0
MICHELLE.,1615,1,31800.0
MICHELLE..,1193,1,63375.0
MICHELLERN13 230408K84NYRFS,612,1,62205.0
MICHELLINA IRENE KAROUW,690,1,62205.0
MICKEY FELDER,902,3,1060200.0
MICKY KHARISMA INV/20231018/MPL/3516021423,441,1,118300.0
MICKY YOGASARA,1678,1,60000.0
MIDO MEILYN NABABAN,2596,1,54000.0
MIKA NAFTALIA,1064,1,58200.0
MIKA SULISTIONO,1571,1,105000.0
MIKANOVISA 230509A06QBM6X,611,1,26796.0
MIKE BULE,351,4,760400.0
MIKE FILBERT,1227,1,63975.0
MIKE GRACE INV/20230112/MPL/2972530928,719,1,110100.0
MIKE GRACE INV/20230116/MPL/2979153194,716,1,111225.0
MIKE LUMATAUW,1080,1,26325.0
MIKE SADICH,299,1,2520000.0
MIKHA,2022,3,256000.0
MIKHA (PDT. PETRUS ABUN),1615,2,161700.0
MIKHA AGUS WIDIYANTO,1889,1,80000.0
MIKHA ASIDO SIMANJUNTAK INV/20231227/MPL/3648149430,370,1,75500.0
MIKHA HALIM,1571,1,105000.0
MIKHA KIREINA,1969,1,28000.0
MIKHA NATALIANUS JAYA,794,2,117465.0
MIKHA RINDO ANUGRAH,719,1,72000.0
MIKHAEL,1615,3,96188.0
MIKHAEL HUTAURUK,1221,1,31170.0
MIKHAEL KRISTIANI,2326,1,35400.0
MIKHAEL UBAYA,1940,1,50000.0
MIKHAEL ZEBUA,1193,1,63375.0
"MIKHAEL,",1615,2,65190.0
MILA,2354,1,60000.0
MILA SISWANDARI,984,1,77760.0
MILANIA MARCHANA DULE,929,1,0.0
MILENDRA DARMAWAN,829,1,63180.0
MILHAN SANTOSO,205,33,3971500.0
MILITIA CHRISTI HUTAPEA,2424,1,54000.0
MILKA,1731,1,80000.0
MILKA ADRIANA,983,1,78000.0
MILKA ADRIANA INV/20230526/MPL/3253543740,586,1,59475.0
MILKA MARAMBA,1102,1,28000.0
MILKA RATNA DEWI,1109,3,283250.0
MILKA ROSABELLA PAKPAHAN,281,3,147270.0
MILLEN SINAGA,878,3,114010.0
MILLIA,1510,1,40000.0
MILLITIA CHRISTINA,1283,1,46886.0
MIMANTY,829,3,125226.0
MIMI,2723,1,54000.0
MIMI.AJA2209 #2305061MM861ED,582,1,86130.0
MINAR PAKPAHAN,934,1,24300.0
MINDO,1608,2,58750.0
MINDO PANGARIBUAN,498,1,700000.0
MINERVA SIBORO,1376,2,116230.0
MING MING,149,6,840400.0
"MINGGUS,",2165,1,70000.0
MIRA,2732,1,29000.0
MIRA AGUSTINA,2917,1,49500.0
"MIRA,",40,1,40000.0
MIRAAAAAAA INV/20231012/MPL/3506533504,447,1,60847.0
MIRACLE,1544,1,65000.0
MIRACLE VERELLIA,2073,1,60000.0
MIRACLE WARUWU,1615,1,34450.0
"MIRACLE,,",1157,1,45500.0
MIRANDA CIT 1723 LT.17,904,1,126360.0
MIRANDA DIARNI SINAGA,1300,1,55000.0
MIRANDA INV/20240929/MPL/4183830009,94,1,80520.0
MIRANDA THEOFILIA,766,1,55920.0
"MIRANDA,",1934,1,60000.0
MIRANTI,1616,1,30781.0
MIRNA DWI PRASTIWI,1724,1,82000.0
MIRNA LUBIS,2248,1,425000.0
MIRYAM NOVITA CRISMA,2311,1,72000.0
MIRYAM WILA MANDALA,1341,2,131097.5
MISAEL EKKLESIA,1199,1,64025.0
MISAEL HANGKALEA,1221,1,41833.0
MISAEL PRAWIRA,824,2,117143.0
MISAEL RICKY MANUEL,1193,1,63375.0
MISAEL TIMOTHY INV/20230730/MPL/3373755961,520,1,59475.0
MISATI,1845,1,45600.0
MISHELLA,1313,1,56550.0
MISKA SEMBIRING,1615,1,31800.0
MISS NANING,660,2,0.0
MISS RENI (SD KRISTEN KALAM KUDUS SOLO),566,1,58500.0
MISS TIU,2266,1,792000.0
MISS YUNIA,915,1,44226.0
"MISSDUANA REBILLA,",1684,1,80000.0
MITA LESTARI,1041,1,14550.0
MITHA GINTING,1471,4,126396.0
MITHA WIJAYA,1146,1,24375.0
MM TIMMY,732,1,97200.0
MODDY BAKO,2758,3,139000.0
MOITA HASIBUAN,942,1,97200.0
MOK SAMANTHA,1615,1,42400.0
MOMENTUM JAKARTA,405,1,0.0
MOMENTUM JAKARTA (UP. IBU CHRISTINA),448,1,1050000.0
MOMENTUM SURABAYA,1650,2,432500.0
MONA ELIZABET SIAGIAN,1947,2,118500.0
MONACELLA ALAM,1713,1,60000.0
MONALISA HUTABARAT,1345,1,72000.0
"MONALISA PIRADE,",1904,1,65000.0
MONALISA PIRADE.,1846,1,57000.0
MONALISA RENOVA,1885,1,85000.0
MONANG SIAGIAN,1195,1,63050.0
MONART NA70,1566,1,62000.0
MONICA,1252,1,20475.0
MONICA ADELIA,2186,1,60000.0
MONICA ANGELI,1485,1,62370.0
MONICA BARA,957,4,390500.0
MONICA DIAN,1087,1,63375.0
MONICA GRACIA,593,1,100000.0
MONICA INDRAWAN (UP. IBU DIMROH),2004,2,379400.0
MONICA NOVIOLA HASIBUAN,934,2,137295.0
MONICA OCTAVIANNE RISTI,1966,2,85000.0
MONICA PAKPAHAN,1227,1,29850.0
MONICA PANDIA,1202,1,63050.0
MONICA RANTE ARRU,1153,1,50000.0
"MONICA RATNA SARI,",2371,1,52000.0
MONICA SINGGALINGGING,1129,2,20000.0
MONICA SUDIANTO,1902,2,120000.0
MONICA Y. NAINGGOLAN,1368,1,60000.0
MONICA YUWANA,2840,2,216000.0
"MONICA,",984,1,77760.0
"MONICA,,",921,1,71625.0
MONICA..,1065,1,63375.0
MONICA...,725,1,86130.0
MONICAVIANNEY08 230501JKGVJ4EK,611,1,36366.0
MONICA_FRANSISCA 2304252YCJ7WD9,612,1,62205.0
MONIK,2844,2,158400.0
MONIKA,1526,1,68000.0
MONIKA KARTIKANING FAJARAIN,1372,1,89100.0
MONIKA KING,110,2,18000.0
MONIKA KOLINUG,2331,1,54000.0
MONIKA LUBIS,2869,1,135000.0
MONIKA MANUELLA,880,1,104000.0
MONIKA NOVIANTY,2455,1,67500.0
MONIKA RIA S,1147,1,51264.0
MONIKA.,1498,1,49500.0
"MONIKA.,",1353,1,59400.0
MONNA RAHARDJO,1313,1,56550.0
MOODY ASYER,1551,1,52000.0
MORA SIAHAAN,1262,1,44000.0
MORALISNA,446,9,420500.0
MORALISNA ENGKU,7,4,156000.0
MORELAND SIBARANI,1221,1,263970.0
MORES DEMEN DACHI,1063,1,45500.0
MORIFA,1212,1,68950.0
MORTEN YEREMIA,1510,1,89100.0
MOSES,1503,1,89100.0
MOSES FRANKY MONTOLALU,1153,1,53625.0
MOSES JEFFERSON IRAWAN,2458,1,76500.0
"MOSES,",732,1,68040.0
MOSES.,1161,1,39000.0
MOUDY CLAUDYA SARUMPAET,1631,2,126000.0
MOUREENSKA ANASTASYA,1212,1,63050.0
MOZES CHRISTIAN,2344,1,76500.0
MR GRASCELA KANGGUWENG (RUMAH TINGKAT PUTIH NO.34),572,1,25000.0
MR. AAN HARTONO,691,1,72000.0
MR. JATAN BADI,1379,1,145800.0
MR. RIAN WARDANA,2434,4,208500.0
MRII BALIKPAPAN (U.P : VIK. OKTAVINA TODING),1318,2,645400.0
MRYZFNYA 230607QEE04JCQ,551,1,95700.0
MS BELLA (ELEMENTRY),1881,7,429000.0
MS GALERIA,915,1,44226.0
MS. AYU,1304,1,24375.0
MS. CHRISTIANA SUBAGYO,674,1,80000.0
MS. DESI (PERPUSTAKAAN),574,1,70400.0
MS. ESTER TAN,915,1,24300.0
MS. EVELIN,2182,1,54000.0
"MS. KARINA,",1920,1,27000.0
MS. NINDA,1220,1,16320.0
MS. NUNUK (SCB TAMAN DAYU),583,1,56000.0
"MS. TASIA,",2144,3,133800.0
MUKAYAN SANTOSO,884,3,53254.5
MUL,1087,1,107250.0
MULIA ADIJAYA,1510,1,40000.0
MULIANA,882,1,52000.0
MULIYANTO,907,5,213374.0
MULTI YUSUF TANDI,114,1,117000.0
MULTINA YUSUF TANDI,851,1,57300.0
MULYADI BUDIYANTO,1057,1,50440.0
MULYADI DANU SAPUTRA,2477,8,1075500.0
MULYANA HALIM INV/20231226/MPL/3644884032,372,1,59475.0
MURDIWATI,2421,3,184000.0
MURNI HAMID,2170,1,792000.0
MURNI LESTARI,1457,2,164740.0
"MURNI SIANTURI,",1847,1,38000.0
MURYANTI,1846,1,49400.0
MUSA . PERKANTAS JAPAYAPURA,2675,1,45000.0
MUSA SIANTURI,938,1,24300.0
"MUSTIKA SARI SINAGA,",1905,1,60000.0
MUTIA,1818,2,125000.0
MUTIARA NADIA RADISA,1512,1,59400.0
MUTIARA PANJI,652,1,25200.0
MUTIARA SARAGIH,934,1,72900.0
MYCHAEL (TANTE AMBON),1122,1,39400.0
MYCLYN JUNEDI,1968,1,60000.0
MYLLA ATALIA,1193,1,63375.0
MYRA JOHANNA,1933,1,49500.0
MYRNA,1320,1,56550.0
MYS MINISTRY,91,2,180000.0
MZ0LS99,701,1,23925.0
NABAS,780,1,58236.0
"NABELA PRASETYO,",1973,1,60000.0
NABILA,829,1,24300.0
NADI SEPTIANUS,1488,1,225000.0
NADI SEPTIANUS INV/20240125/MPL/3700046394,341,1,91500.0
NADIA,983,1,155200.0
NADIA FRANSISKA NATHANIA,2242,1,68000.0
NADIA GABRIELLA,1510,1,40000.0
NADIA SUTANTO,2429,1,52500.0
NADINE BRILLIANT P,1238,1,58200.0
NADINE IMMANUEL,1821,1,65000.0
NADINE THERESYA,1209,1,63375.0
NADYA,1209,1,63375.0
NADYA KAKUNSI,780,1,45490.0
"NADYA VANESSA,",1845,1,45600.0
NAEKO SURYO BASUKI,766,1,66096.0
NAEL,1221,1,29300.5
NAEL.,853,3,50544.0
NAFTALIA SIAHAAN,1615,1,42400.0
NAGAS,1059,2,126100.0
NAGAS DENSON INV/20230720/MPL/3355239906,531,1,71625.0
NAHASON,1079,1,37500.0
NAHASON BASTIN,832,5,117700.0
NAHOT EM SILALAHI,1074,1,58500.0
NALA,2515,1,264600.0
"NALAR IRAWATI T,",2282,1,108000.0
NALDO,1486,1,89100.0
NALENDRA DIWALA NARAYANA INV/20231116/MPL/3568450966,412,1,80520.0
NALOM SINAGA,2402,1,48000.0
"NALOM SINAGA,",2057,1,104400.0
NANA,1736,2,80400.0
NANA ( PT PUTINDO BINTECH),725,1,114840.0
NANA INV/20231019/MPL/3518223418,440,1,59475.0
NANA MATAKUPAN,683,1,62205.0
NANA WANGSA,2506,1,50000.0
NANA..,853,2,0.0
NANA...,875,1,63180.0
NANANG DAKUSTA,1612,1,90000.0
NANCY,2658,1,58000.0
NANCY CHRISTINA SIREGAR,987,2,74690.0
NANCY SITOHANG,930,1,65000.0
"NANCY,",1897,1,100000.0
NANCY.,780,2,91275.0
NANDA CHRISTABELLA,1510,1,40000.0
NANDA DWI O. BANGUN,2626,1,45000.0
NANDA DWI OCTAVIANA BANGUN,2178,1,60000.0
NANDA KRISTELLI,1614,1,31800.0
NANDA PANJAITAN,2284,1,60000.0
NANDASETYA KURNIAWAN,2886,1,54000.0
NANDO,1313,1,56550.0
NANDO STAF,1995,1,44000.0
NANDO UNITOMO,2155,1,36000.0
"NANI BAKERY,",2053,1,60000.0
NANIK BATAM,2422,3,157500.0
NANIK INV/20231022/MPL/3522265814,436,1,59475.0
NANIK LINDA,857,2,121321.0
NANING,1313,1,56550.0
NANSER11 230606NKQMWANC,551,1,71775.0
NANU LOGINSI,1615,2,75100.0
NAOMI ANUGRAHING PRAMITA,1255,3,139425.0
NAOMI BANJARNEGARA,824,1,41660.0
NAOMI DWANY,1603,1,55440.0
NAOMI FEELNAWATY SINAGA,1269,1,63375.0
NAOMI GUNADI,1941,1,58000.0
NAOMI JAYALAKSANA,616,1,960000.0
NAOMI LUMBAN TORUAN,1532,1,64350.0
NAOMI M,984,1,77760.0
NAOMI MARGARET (FARMASI),1020,1,26244.0
NAOMI MARIA LASAMAHU,1285,2,97390.0
NAOMI NADYA GUNADI,907,3,193204.0
NAOMI NOVELIN,2491,1,42500.0
NAOMI PAKPAHAN,956,1,50000.0
NAOMI PANJAITAN,2646,1,45000.0
NAOMI STEFY,1041,1,47287.0
NAOMI VALENTINA,2528,1,54000.0
NAOMI WIDYASWORO,2242,2,131500.0
"NAOMI WIDYASWORO,",1300,3,193100.0
NAOMI.,1178,1,27300.0
NAOMII,984,1,77760.0
NARMIATI,915,1,44226.0
NARWATI,1321,1,67550.0
NASRADIL RATU,300,1,60000.0
NASTASYA LAURIKKE,1313,1,56550.0
NASYA INV/20230113/MPL/2973406953,719,1,109800.0
NATAL IFAN YOSUA TRI PUTRA (DEPAN PABRIK KERUPUK),980,1,50000.0
NATALIA ALIMBUTO,1420,2,119000.0
NATALIA ANGELIA PASALLI (LIYA),2175,1,108000.0
NATALIA ANIDITA,96,1,55000.0
NATALIA CUSTOMER,2158,1,60000.0
NATALIA DATTI,212,29,1623500.0
NATALIA ELISA,1944,6,449000.0
NATALIA HALIM,983,1,77600.0
NATALIA HAMZANO,1275,1,58505.0
NATALIA KRISNA AYU DABUTAR,1221,1,30663.0
NATALIA KRISTIN T.,853,3,49660.0
NATALIA KRISTIN TAMPANG,1615,1,34450.0
NATALIA LILY BABULU,1471,1,89100.0
NATALIA PARDOSI,1962,1,210000.0
NATALIA S HEHAKAYA,1313,1,56550.0
NATALIA SHOPEE,928,1,315250.0
NATALIA TUMANAN,1215,1,21000.0
NATALIA.,1259,1,39665.0
NATALIAJOYY 230525M2NR5HAP,585,1,95700.0
NATALIASMMR 230610362BW9YF,551,1,62205.0
NATALIE,1376,1,76230.0
NATALIE..,984,1,77760.0
NATALIN PERTIWI SIAHAAN,1232,1,0.0
NATAN BALI,1842,1,29000.0
NATAN ORDO,1845,3,205800.0
NATANAEL,949,2,38500.0
NATANAEL AGUS KURNIAWAN,1313,2,133250.0
NATANAEL ALFA,732,1,97200.0
NATANAEL CHRISTIANTO,1616,1,19380.0
NATANAEL D.B.J. PRATAMA,1615,1,16200.0
NATANAEL EVAN TJANDRA,2228,1,90000.0
NATANAEL GEA,2429,1,270000.0
NATANAEL PRIMA AGUNG ARIADY,1045,1,63050.0
NATANAEL PRIMA AGUNG ARIADY INV/20230705/MPL/3328846996,546,1,96075.0
NATANAEL PUTRA / PAK JOKO,918,2,131220.0
NATANAEL THAMRIN,1101,1,363750.0
NATANAEL TRI MELLYANTO,1632,1,60000.0
NATANAEL VICTOR SANTOSO,878,2,125440.0
NATANAEL WIDJAJA,922,3,164625.0
"NATANAEL WIDJAJA,",829,1,64940.0
NATANAEL WILLY,1755,1,68000.0
NATANIA,187,2,62500.0
NATARIA NAIBAHO,1615,1,20140.0
NATASHA JENICE,1938,1,24300.0
NATASHA KARINA HARIYONO,1615,1,36040.0
NATASHA KAULIKA WIJAYA,2168,1,528000.0
NATASHA RIANNY PANGAU,1024,1,72900.0
NATASHA UMGA AMARTIA,1290,1,45000.0
NATASSA SAHERTIAN,2501,1,54000.0
NATASYA,1255,1,21115.0
NATASYA / MEIDA,1206,1,63375.0
"NATASYA DEVI,",2277,1,50000.0
NATASYA EVELINE ANGELIA,1238,1,58200.0
NATASYA FARIDA FELIX ROMAULI LUMBAN TOBING,1512,1,60000.0
"NATASYA KADAKOLO,",1877,2,98700.0
NATASYA KAROUW,72,1,75000.0
NATASYA NUGROHO,1863,1,65000.0
NATHALIA YAHYA,415,1,70200.0
NATHALIA ZAGITA,2479,1,54000.0
"NATHALIA,",2023,1,18000.0
NATHAN (PERKANTAS BALI),1920,1,259200.0
NATHAN BALA (UTAMA),1174,1,21000.0
NATHAN C,1616,1,45946.0
NATHAN CHRISTIAN LOILEWEN,1299,1,65000.0
NATHAN FRICK,320,10,7124500.0
NATHAN TARIGANS,1784,2,821000.0
NATHAN UNITOMO,2155,1,36000.0
NATHANAEL DL,1877,1,202800.0
NATHANAEL GEA,2875,1,32400.0
NATHANAEL HANSEN,900,1,52000.0
NATHANAEL ORDO,2022,1,37800.0
NATHANDANNY 230701TD8K2RA2,522,1,0.0
NATHANIA EUNICE,1029,1,58000.0
NATHANIA HUNARDY,1057,1,74750.0
NATHANIA.,1688,2,126000.0
NATHANIEL EVAN,1254,1,65000.0
NATHANIEL NONDOLESMONO,1448,1,390825.0
NATHANIEL REYNOV,1471,1,55570.0
NATHANNAEL C INV/20230623/MPL/3307843429,555,1,64050.0
NATHANNAEL C INV/20230623/MPL/3307847788,555,1,109800.0
NATHANNAEL C INV/20230704/MPL/3326967136,546,1,96075.0
NATHASIA ELISABETH YAUSEP,1239,1,58200.0
NATHASYA,1510,1,40000.0
NATHASYA MAEZIA,1052,1,63050.0
NAULI DAN SOCHI,525,1,600000.0
NAULITA MAGDALENA,1617,1,0.0
NAYA MANOI,2367,1,108000.0
NAZARIA HUTABARAT,1160,1,24375.0
NCHRISTIANADI 230429CNBHTKSU,612,1,62205.0
NECHI SASNAWATI,983,1,77600.0
NECKYPRA 230701TG87AYRA,522,1,30940.0
NEFRISTON BRAM NEONUFA,1617,1,65000.0
NEHEMIA JOSEPH,1000,3,996190.0
NEHEMIAH RIGGRUBEN,485,1,750000.0
NELA AGNESIA,829,9,1436275.0
NELA KOST,690,1,57420.0
NELCI NABUNOME,984,1,97200.0
NELI WADU,928,1,63050.0
NELIA,1668,1,50000.0
NELLA,1273,1,63655.0
NELLY,1499,1,37620.0
NELLY WIDYAWATI,2058,2,128000.0
NELLY YANTHI TAMBUNAN,2010,8,428600.0
"NELLY YANTHI TAMBUNAN ,",1265,1,88000.0
"NELLY,",1206,1,68000.0
NELLYANJELICAPARDEDE 230614CAXMBXC2,551,1,24737.0
NELMA,1678,1,50000.0
NELSON,1475,1,54450.0
NELSON TAHITU,2256,2,113000.0
NELVI,1276,1,63975.0
NELVINELCC #230510CB3A2XYN,582,1,19140.0
NELY FERLISTIN,1320,2,114975.0
NENCY THERESIA,2241,2,97000.0
NENG SUKESIH,1193,1,48750.0
NENGSI,984,1,26244.0
NENGSI PAKPAHAN,1332,1,65000.0
NENGSI PAREMISA,1317,1,68250.0
NENGSYH PANJAITAN,1276,1,63375.0
"NENI BEATRICE,",2308,1,80000.0
NENNI WAHYUNI TARIGAN,1393,1,25000.0
NENNY,1088,2,119193.75
NENNY SITOHANG,252,2,270000.0
NENTY GEE,352,1,91500.0
NEONI,829,3,205165.0
NEONI LARICCI,1622,1,30740.0
NERESSA INV/20230212/MPL/3042697003,688,1,62075.0
NEROLIN DADUNG,1654,1,60000.0
NESIN,1055,1,18900.0
NESSA ADRIANI,1624,1,68000.0
NESSA ADRIANI SHOPEE,1541,2,61180.0
NESTO,1800,1,32500.0
NETHANIA CLARA YASHINTA,1193,1,63375.0
NETTY,2688,1,54000.0
NETTY KRISANTI,2340,1,58000.0
NEVI INV/20231018/MPL/3516495921,441,1,118950.0
NEYSA MK,2259,1,252000.0
NI KETUT SUWARTINI F K,983,1,77600.0
NI KOMANG,1007,1,141716.0
NI LUH SAMIATI DIMA,885,4,111780.0
NI NYOMAN PADMI,394,1,70000.0
NI SUZEKI SUEKEN,1198,1,63375.0
NI WAYAN SRI DEWI YANTI,1462,2,122350.0
NIA ANDRINI,795,1,72900.0
NIA MEGAHWATI,927,12,1495000.0
NIA MEGAHWATI1,925,1,0.0
NIA ZEBUA,2298,2,80000.0
NIA.,984,1,77760.0
NIARWIDYA,862,1,24300.0
NICHOLAS (RICKY),1913,1,40600.0
NICHOLAS INV/20240104/MPL/3661972362,363,1,114600.0
NICHOLAS JAYAPUTRA,2350,1,45000.0
NICHOLAS KURNIAWAN,345,1,0.0
NICHOLAS RUDOLPH,878,2,127260.0
NICHOLAS SILITONGA,1193,1,63375.0
NICHOLAS VINCENTO.,632,1,65000.0
"NICHOLAS,",1183,1,45000.0
NICHOLASNS2002 23060908TSMC6T,551,1,23800.0
NICKO,1510,1,40000.0
"NICKO,",1426,1,25000.0
NICKO.,2378,1,112500.0
NICKY MEIDYA SASGIA PUTRI,1371,1,26730.0
NICKY WALEWANGKO,2351,1,70000.0
"NICKY WALEWANGKO,",1987,1,100000.0
NICO,1384,2,126500.0
NICO HERMANTO S,1845,2,122100.0
"NICO K, STAFF LIT",884,2,0.0
"NICO K, STAFF LIT, SUB BID DOA DAN MULTIMEDIA",915,1,55390.0
NICO KOSASIH,2169,1,60000.0
NICO SINGGIH,1616,1,28216.0
"NICO,",1918,1,65000.0
NICODEMUS ROMANDA,1251,3,145181.0
NICOLAS,2662,3,244200.0
NICOLAS ARUAN,2315,2,117000.0
NICOLAS MARIO ISKANDAR,1521,1,64350.0
NIDAR,862,9,350000.0
NIENDHA BANGUN,953,1,97000.0
NIKE FRINCE,1947,1,40000.0
NIKE PAMELA,1510,1,40000.0
NIKEN,603,1,48000.0
NIKEN APRILIA,2340,2,121500.0
NIKEN AYU SRIWIGATI,1510,1,40000.0
NIKEN DEWI PRANANINGTYAS,1954,6,2431500.0
NIKEN RAHADI,896,1,0.0
NIKITA,947,1,25000.0
NIKODEMUS GINTING,1696,1,62000.0
NIKODEMUS UMBU JANGA HAUWALI,2591,2,99000.0
NIKOLAS WAWORUNTU,961,1,120000.0
NIKOLAUS,2340,1,93600.0
"NIKOLAUS PERMANA T R,",1877,2,87750.0
NIKOLAUS PERMANA TRI RAHMANTO,857,2,242950.0
NILA,925,2,650000.0
"NILA HARDJO, PDT",2436,3,480000.0
NILA KUS,481,1,27500.0
NILA NINGRUM,1615,1,31800.0
NILAM,1786,21,2150600.0
NILIA PRASTOWO,983,1,77600.0
NIMROD KURNIAWAN,1087,1,82875.0
NIMROD_21 2310067DG3CKHJ,457,1,119625.0
NIN,1221,1,40137.0
NINA DOROTHEA BUDIAMAL,1684,6,321000.0
NINA MAYA,1932,1,68000.0
NINDA,1218,1,116400.0
NINDA / ACEN VINA,919,2,67500.0
NINDITA ACCOUNTING,2463,1,45000.0
NINDY SAITAMA LUMBAN GAOL,1202,1,63375.0
NINDYA YOHANA DEBORA,795,4,186900.0
NINE HILLS JIMBARAN,1532,1,64350.0
NINGSI M TAPPANG,1309,1,70000.0
NINGSI TAPPANG,1731,3,189000.0
NINGSIH...,1384,1,152460.0
NINIK PRIBADI,1531,1,48000.0
"NINING LEBANG,",2430,1,52000.0
NIRMALA GUSTI AYU,2169,1,108000.0
NISA,1237,2,111550.0
NISSA,1313,1,56550.0
"NISSA NOVITA (PINUS),",1847,1,49400.0
NITA,1313,1,117000.0
NITA FRANSISCA,86,7,414890.0
NITA FRANSISKA,292,6,389700.0
NITA INV/20230320/MPL/3122377724,652,1,45750.0
NITA SEMBIRING,1088,2,195000.0
NITA UTAMI,2658,1,54000.0
"NITA,",1280,1,27580.0
NITA.,1241,1,52000.0
"NITA.,",701,1,23925.0
NITAMANSARI MD,885,1,49660.0
NIUSIJATI TANOJO,1088,2,118055.0
"NIUSIJATI TANOJO,",1152,2,115100.0
NIYA SELFIANA PANGGABEAN,141,1,21000.0
NJOMAN KANTJANA WIDIADA,1150,1,55000.0
NJOMAN WIDIADA,1571,1,105000.0
NJOO TOMAS WIBOWO,1241,1,48500.0
NNO,1777,1,167700.0
NOBERT ZENDARTO,1240,1,50000.0
NOBERTH TOB,859,2,98200.0
NOEL LUMBAN RAJA,1115,3,183300.0
NOELSILALAHI #230513JWRUSD1R,582,1,47850.0
NOERMAN,859,1,58200.0
NOERTJAHJA,1074,1,43875.0
NOERTJAHJA NUGRAHA,30,1,336000.0
NOFRA,1374,1,67320.0
NOH RUKU,1538,1,64350.0
NOLA SINURAT,928,1,63050.0
NOLDY RAMBING,829,1,38880.0
NOLEN MAYRANI MANIK,2758,1,36000.0
NOLLA RESSA PUTRIANTY,1056,1,22437.5
NONA NYLA,915,1,63180.0
NONA RIWOE,2417,1,30000.0
"NONA RIWOE,",1681,1,210000.0
NONI / SHERLEY,1493,1,48000.0
NONI ELINA,690,9,1368500.0
NONI ELINA CHRISTIANI,805,17,1731600.0
NONI STAF MAKASSAR,2417,1,67500.0
NONI WINDA,193,1,23000.0
"NONI,",1213,1,50000.0
NONIE,2801,2,112500.0
NONIE LU,1287,1,58500.0
"NONIE LU,",983,1,77600.0
NONIK S,2696,1,28000.0
NONITAWATI INV/20231223/MPL/3639948534,372,1,75500.0
"NONPIATI MBALENGAN (ATI),",1454,1,24750.0
NOONA,1930,1,130000.0
NOR FITRIADIN,630,1,65000.0
NORA,1491,1,45000.0
NORA HUTAGALUNG,2214,1,440000.0
NORA INV/20231007/MPL/3496528621,450,1,68625.0
NORA INV/20231019/MPL/3518015076,440,1,59475.0
NORA INV/20241126/MPL/4304456159,36,1,57200.0
NORA RONA QUARTINA HUTABARAT,1544,1,65000.0
NORA TAN,1940,9,307000.0
"NORA TAN,",1150,5,172550.0
NORA V. SARAGIH,930,1,65000.0
NORCE NIFU,923,2,260000.0
NORI M. ONGGELENG,2800,2,149400.0
NORMA SIRAIT,669,1,117000.0
"NORMAN PELE,",2228,1,50000.0
NORVENILIATI LEWI,848,1,63000.0
NOUKE PANGEMANAN.,2387,1,34200.0
NOVA,1616,2,305850.0
NOVA (PEAPEPO),2814,2,99000.0
NOVA CRISTINA HALOHO,2611,1,54000.0
NOVA DAMANIK,2310,1,58500.0
NOVA DAMANIK STAF BALIGE,2454,1,32500.0
NOVA DIANIKA,1510,1,40000.0
NOVA HERLINA,940,1,21000.0
NOVA JULIANA SIHOMBING,1147,1,61425.0
NOVA PASARIBU,2599,1,56000.0
"NOVA SAMOSIR,",2301,1,60000.0
NOVA SAPUTRO,1882,1,58000.0
NOVA SARI SITORUS,1161,2,209625.0
NOVA SEDIMA MANULLANG,766,1,58320.0
NOVA SILABAN,829,1,27216.0
NOVA STAF SAMARINDA,2326,2,91000.0
NOVA TELKOM,562,2,97000.0
NOVA WAHYU,930,1,65000.0
NOVA WIJAYA,1616,1,31175.0
"NOVA,",1615,1,34450.0
NOVA.,728,2,58500.0
NOVALDI,2722,2,64500.0
NOVALYN,608,5,355000.0
"NOVAN ALIF RAMADHAN,",2211,1,43500.0
NOVAN ANDRIWIBOWO,2401,2,76400.0
NOVAN MENDROFA,1510,1,62370.0
NOVAN STAF MATARAM,238,1,49000.0
NOVAULINA,1531,1,48000.0
NOVA_TRINITA 23100300AA71UB,443,1,62205.0
NOVE,1198,1,63375.0
NOVEL PRIYATNA,436,2,175000.0
"NOVELIA MANURUNG,",2357,1,50000.0
NOVELINA (STTB BANDUNG),1059,1,45500.0
NOVELINA TOBING,1510,1,40000.0
NOVENA ADELWEIS GISELA,661,10,637248.0
NOVER,1075,1,72750.0
NOVERINNY HOTMAULI,1115,1,58500.0
NOVERINNY HOTMAULI INV/20230402/MPL/3150125432,639,1,68625.0
NOVI,1721,1,40600.0
"NOVI (GURU PINUS),",2211,1,39000.0
NOVI ALICIA BR SIRAIT,984,1,97200.0
NOVI ALICIA SIRAIT,1062,1,24375.0
NOVI FEBRINA BR LUBIS,940,1,24300.0
NOVI HANDAYANI,903,1,124000.0
"NOVI HANDAYANI,",646,1,55000.0
NOVI INV/20230302/MPL/3082478025,671,1,274500.0
NOVI LUBIS,1139,1,58500.0
NOVI NERA BR BUTAR BUTAR,100,1,144000.0
NOVI SRIHARTATI,1133,1,63375.0
NOVI SURYANI,1415,1,64350.0
NOVI TAMBUNAN,953,1,36936.0
"NOVI,",1220,3,126034.0
"NOVI,.",673,1,229680.0
NOVI.,1221,1,42250.0
NOVI..,1313,1,56550.0
NOVIA,1419,1,49500.0
NOVIA ANGELIA ROBERT,1176,2,73125.0
"NOVIA ANGELIA ROBERT,",747,1,0.0
NOVIA ANGELIA ROBERT..,96,1,55000.0
NOVIA C. SIMATUPANG,1353,1,105300.0
NOVIA HERLINA PUTRI,920,1,29223.0
NOVIA JAYANTI,2031,1,75000.0
NOVIA MANIHURUK,2471,1,58500.0
NOVIA RESTI PUSPA WATI,1288,1,63375.0
NOVIA SANTA LUCIA SIMAMORA,1615,1,34450.0
NOVIA STEVANI,1356,1,48250.0
NOVIAN,1222,1,117000.0
NOVIANA,1043,1,21000.0
NOVIANA MARCELLINA,851,1,62075.0
NOVIANA SIMBOLON,861,2,99575.0
NOVIANI LOLA,468,8,603050.0
NOVIANTI WAHYUNI,718,2,90124.0
NOVIANTY BARI PATALLONGI,1657,1,80000.0
NOVIDA,463,3,154000.0
NOVIDA LASSA,1484,5,1066500.0
NOVIE,2413,2,114000.0
NOVIE TANUDJAJA,982,1,0.0
NOVII,860,2,91306.0
NOVINATINUS RAFKA,961,1,21000.0
NOVINE LANA DOMINICA SINURAT,2182,1,60000.0
NOVITA,1616,1,30992.0
NOVITA ENGLYN SAILANA,1051,1,425000.0
NOVITA HALOHO,1320,3,126590.0
NOVITA HALOHO (PENJAHIT REMAJA TAYLOR),1451,1,32500.0
"NOVITA HALOHO,",1741,5,327600.0
NOVITA LANGI,1428,1,64350.0
NOVITA RATNA P,1499,1,89100.0
NOVITA SARAGI,1115,1,27300.0
NOVITA SARI H,786,1,0.0
NOVITA SARI HUTASOIT,747,4,115000.0
"NOVITA SARI HUTASOIT,",189,8,451800.0
NOVITA SARI HUTASOIT.,427,4,230000.0
NOVITA SARI SIMANJUNTAK,1221,1,30170.0
"NOVITA SARI TOBING,",1542,1,128700.0
NOVITA WIJAYA,2185,1,54000.0
"NOVITA,",1925,1,60000.0
NOVITASARIHUTASOIT 230701T8HMNEYG,522,1,35700.0
NOVIYANTI SAGALA,1128,1,24375.0
NOVIYANTI SUMARGO,878,1,49660.0
NOVRANDO MUNTU,795,1,52460.0
NOVRENTY SAMOSIR,1190,2,126750.0
"NOVRIDA FRANSISCA,",2361,1,38500.0
NOVRIDA SIREGAR,2505,1,54000.0
NOVRIYANI LAYUK,1093,1,56000.0
"NOVRIYANTI NAPITUPULU,",2347,1,46450.0
NOVYANRI,1615,1,31800.0
NS. VIRGILIUS KASRA TOLOK,1651,1,0.0
NUEL,1014,1,63050.0
NUGIE/DASTA,1381,1,0.0
NUGRAHA BUDI CHRISTIANTO,878,2,112515.0
NUGROHO,925,1,110000.0
NUGROHO HARISUSANTO,1846,1,38000.0
NUH T. DWI PUTRA H.,1510,1,40000.0
NULIKA_SILALAHI 2304240H8YNJFS,612,1,46450.0
NURA DENDANG SOMBOLINGGI,2350,1,67500.0
NURANI SITANGGANG,1313,1,63375.0
NURCAHAYA SIMAMORA,2185,1,54000.0
"NURDIN SIRAIT,",2112,1,174000.0
NURFITRI YANI DAMANIK,1614,1,36040.0
NURHAYATI SITORUS,1500,1,51480.0
NURIATI PURBA,1192,1,48750.0
NURISA,2147,6,39655000.0
NURISTA DIDA,2494,1,72000.0
NURITA PURWANTI BR TARIGAN,2179,1,54000.0
NURLINA,1037,1,26325.0
NURMA,2620,1,43200.0
NURMALA SIANTURI,2466,2,63500.0
NURSENTA PURBA,1426,1,150000.0
NURUL AINIYAH,1037,1,63375.0
NURYANA TANAN,862,1,50000.0
NYDIA,780,2,145780.0
NYDIA.,984,1,59680.0
NYIT-NYIT,818,5,255300.0
NYOMAN MERTAYASA,908,1,349920.0
NYOMAN PINIA,2450,1,58500.0
NYTA SITUMORANG,2522,2,76000.0
"NYTA SITUMORANG,",1260,1,65000.0
OBED,530,1,42000.0
OBED CHRISTIAN SARTONO,184,1,0.0
OBED CHRISTIAN SARTONO INV/20231118/MPL/3572560436,408,1,36600.0
OBED MANUEL SILALAHI,1658,1,25000.0
OBED REINHARD SIREGAR,219,2,161370.0
OBED WIBOWO,1150,1,53625.0
OBEDNEGO BALALEMBANG,1440,1,64350.0
OBELL,1227,1,61985.0
OBETH MUSABANI,1041,1,72716.0
OCAK,1220,3,395340.0
OCHA,2207,4,111400.0
OCI,1876,14,1455900.0
OCLI,1437,1,57900.0
OCTARINA PANDIA,853,4,210132.0
OCTAVIA ALEMINA,1399,1,47520.0
OCTAVIA ELISABET SIANIPAR,2434,1,90000.0
"OCTAVIA SIAHAAN,",2211,1,45000.0
OCTAVIANA AYU,1510,1,40000.0
OCTAVIANI BELLA ANGELA,930,1,65000.0
OCTAVIANUS PRASETYA,813,1,65000.0
ODELIA KARINA INV/20231111/MPL/3559233543,415,1,73200.0
ODILIA,960,1,63050.0
OH YEN NIE,1510,1,64350.0
OHENDRY HUSIN,1571,1,105000.0
OHENDRY HUSIN INV/20230825/MPL/3420880247,495,1,334158.0
OKI SULISTIYORINI,1336,1,63375.0
OKKI,1313,1,142350.0
OKKY SUKWANTO,983,1,77600.0
OKSJE RUMAGIT,912,1,233280.0
OKSYA,1221,1,10112.0
OKSYA YESTISIA INV/20230424/MPL/3192697618,616,1,183000.0
OKSYA YESTISIA INV/20230701/MPL/3321768202,550,1,26876.1
OKTA,2375,1,40000.0
OKTA STAF PALEMBANG,2417,1,30000.0
OKTANIA,809,1,55920.0
OKTAVIA DWIKA,2401,1,54000.0
OKTAVIANUS,1346,1,63375.0
OKTAVIANUS KEVIN,1020,1,58064.0
OKTAVIANUS TOPED,885,1,36290.0
"OKTAVIYANI,",2284,2,105000.0
OKTO..,1010,1,63000.0
OKTOPINA,1107,1,27300.0
OKTOPINA INV/20231020/MPL/3520150798,436,1,59475.0
OKTOVIANA TALAN,1379,2,623700.0
OKTOVINA ARRUAN,1057,1,136500.0
OKTRIN (ONA),1368,1,60000.0
OKY,1311,1,68250.0
OKY PATRIA SAD,1419,1,59400.0
"OKY SEPTIKA SARI,",2080,2,106000.0
OLA,2297,1,60000.0
OLEH OLEH KHAS MALUKU,701,1,180873.0
"OLGA SRIKANDI,",2150,1,50050.0
OLGAYANI,1785,1,51600.0
"OLIFIA S,",1399,3,99120.0
OLIN,878,1,49660.0
OLINDA SILALAHI,1612,2,120000.0
"OLINDA SILALAHI,",1617,1,60000.0
OLIVE,1479,1,0.0
OLIVE CORNELLA ATURAN,1088,1,63375.0
OLIVER WIBISONO,966,4,300610.0
OLIVIA,2399,2,90000.0
"OLIVIA (DAPOER KAKA, BU RETNO)",765,2,80000.0
OLIVIA BAMBANG SISWANTO,1285,2,105300.0
OLIVIA CHRISTA YUTRISTA INV/20230701/MPL/3321962925,550,1,31037.0
OLIVIA F,2630,2,94500.0
OLIVIA GBI DIASPORA,2022,3,4928000.0
OLIVIA HUTAPEA,2416,1,54000.0
OLIVIA PATTINAMA,915,3,230377.0
OLIVIA RANTI,1476,1,26730.0
OLIVIA SIAPPA T,1510,1,51480.0
OLIVIA TOPED,907,1,36290.0
OLIVIA WUWUNGAN,853,1,56376.0
"OLIVIA,",1320,1,56550.0
OLIVIA.,1238,1,63675.0
OLTOR WISNU HARDIANTO / PT OTO MULTIARTHA ALAMAT:,2422,1,704000.0
OLVI PRIHUTAMI,1488,1,225000.0
OLYVIA HULDA,2311,1,50000.0
OM ANTOK & TANTE MIRA,1615,1,36040.0
OMA RAFA SHOP,927,1,63180.0
OMAH,1653,2,136620.0
OMRY NOMLENI,2910,1,54000.0
ONA INV/20231021/MPL/3521384769,436,1,62075.0
ONAL RUKAWA (PT.GANDA EXPRESS PRATAMA) UP. IBU ERNI INV/20230626/MPL/3313398799,554,1,64050.0
"ONESIMUS BENYAMIN DIHARJA,",2212,1,58000.0
ONITA RANTE RURA,1353,1,82875.0
ONKY LIBRANA,1416,1,300000.0
ONNY ANDOKO INV/20230314/MPL/3110642365,658,1,64050.0
ONNY FLORENTINA,1527,1,64350.0
ONY INV/20231212/MPL/3620830212,385,1,54900.0
"ONY,",1262,1,21115.0
OPCAN SARAGIH,1905,1,105000.0
OPY,270,1,50000.0
OPY.,222,1,124000.0
ORBIT SIAGIAN,1699,2,112000.0
ORBIT SIAGIAN INV/20230522/MPL/3247376263,589,1,59475.0
ORCHID,1346,1,68250.0
ORIENTASI STAF NASIONAL (CENDANA),1982,1,105000.0
ORIND SIHOTANG,342,1,88000.0
ORION(ADI) AAK AMBON,983,1,19400.0
ORIPA SIHOTANG,2700,2,90000.0
"ORRI,",2211,1,43500.0
ORYZA TARIGAN,1232,10,601700.0
OSCAR,2815,1,14400.0
OSCAR MURYA TJIARMONEGARA,885,1,50440.0
"OSCAR SIBALA,",2177,2,120000.0
OSCAR UTOMO (EKASA TECHNOLOGY),815,1,84040.0
OSEL,1280,6,336200.0
OSIN,1155,1,24375.0
OSMERITA SEPTIWATI,201,1,23000.0
OSSY SANITYASA RAHAJENG,1221,1,29250.0
OSVALDO CHARLEY,397,1,40000.0
OSWARD,1510,1,40000.0
OTGKOSMETIK,1674,1,50000.0
OTNIEL,139,17,812500.0
"OTNIEL GANDA,",2164,1,60000.0
OTNIEL SETIAWAN,1694,1,50000.0
OTTO MART,530,1,300000.0
OVAN CHRISTIANTO,1283,1,48500.0
OVANCHRISTIANTO 231002T2QXACD2,457,1,71775.0
OVELIA IMBING,2113,1,35000.0
OVELLIA MOUREN,1282,1,44134.0
OVIE INDRIA SERENA,2353,2,88000.0
OVIRANI MATRIA,927,2,48600.0
OWEN,1058,1,40740.0
OWEN INV/20231223/MPL/3641463230,372,1,151000.0
OWENRS 230701T9N4GK5M,522,1,27608.0
OWENRS 230701T9QGTU6Q,522,1,28560.0
OXILIA DEA BERLIANA A,2542,1,76500.0
OYANG SESERAY,1654,1,60000.0
P LEO,930,1,65000.0
PA BATAM,2254,3,648500.0
PA BLORA & KUDUS,2506,1,420000.0
PA DARMO,2536,1,150000.0
PA INTEGRITAS,367,2,0.0
PA JAKARTA,2004,1,810000.0
PA KUDUS,2059,1,120000.0
PA LUWUK,2137,4,1413000.0
PA NGAGEL,1905,2,395000.0
PA NIRWANA,1912,11,585000.0
PA SIDOARJO,2121,2,175000.0
PA SIWALANKERTO,1632,1,50000.0
PA TENGGILIS,488,6,815000.0
PA UNIYAP,2675,1,202500.0
PABALUMAKAN,1227,1,68250.0
PAK ANDREAS,749,1,20000.0
PAK ASWIN,284,1,68000.0
PAK BONO,917,1,27000.0
PAK DARMANA,462,7,513600.0
PAK DODIK,1409,8,2378800.0
PAK DODIK (REC),958,3,259000.0
PAK EDDY PRANATA/PDT. YEREMIA SUEBU,1384,1,74305.0
PAK ELBON HARRY SIAHAAN,448,1,105000.0
PAK FRANKLIN NOYA,1087,1,37500.0
PAK FREDDY WALLA,1982,1,56000.0
"PAK FREDDY WALLA,",911,3,4125000.0
PAK HADI (PA DARMO),1283,1,25000.0
PAK HENDRI,2808,1,30000.0
PAK INDARTO,1939,1,110000.0
"PAK JANUAR SETYA DHARMA,",2073,1,65000.0
PAK JUANTORO,957,1,234000.0
PAK KRIS,2211,1,54000.0
PAK LUKAS,1488,1,900000.0
PAK NANANG - KEZIA,1045,1,63375.0
PAK NORIS,218,1,675000.0
PAK REI,883,1,910000.0
PAK RUDI,1639,1,30000.0
PAK SINDU,428,5,272900.0
PAK SONY,2821,1,54000.0
PAK SUHANDA,744,1,200000.0
PAK SUSANDRA,2241,1,176000.0
PAK THOMAS,686,1,337500.0
PAK TRIYANTO,540,1,150000.0
PAK VIKTOR WAU,1066,1,360000.0
PAK YOSAFAT SOLA SCRIPTURA,2470,2,14730000.0
PAK YURGEN,1947,1,3520000.0
PAK YUZO (SEKOLAH TINGGI TEOLOGI REFORMED INDONESIA),870,4,9750000.0
PAKSI,975,13,370100.0
PALMA SARI,1724,1,65000.0
"PALMA SARI,",1944,1,58500.0
PALMA TODING (PAKET ELA),1209,1,63375.0
PAMEILYANI SIMANJUNTAK,1757,2,112000.0
PAMERAN BUKU UK PETRA,772,1,48750.0
PAMERAN HIGH UP,2011,4,97000.0
PAMERAN JKLPK,583,1,52000.0
PAMERAN LPJ,100,15,7955200.0
PAMUNGKAS,2774,1,54000.0
"PAMUNGKAS WICAKSANA,",2212,1,48750.0
PANDU WARTANING PUTRA,261,1,0.0
PANGERAN YADA ACANG,1059,3,153725.0
PANGULU,1189,5,319300.0
PANGULU INV/20231017/MPL/3514664823,442,1,56558.0
PANGULU.,780,1,51030.0
PANITIA FINISHER DENTIST,2661,1,7500000.0
PANITIA FINISHER GENERATION,2717,1,9000000.0
PANITIA HUT 50 PERKANTAS JATIM,550,3,1055900.0
PANITIA KAMP KEPEMIMPINAN JABAR (ALFA),1561,2,78400.0
PANITIA KMDN 2024,93,3,333800.0
PANITIA KNM 2019,1983,7,906820.0
PANITIA KNPS JATIM,1366,24,1552250.0
PANITIA MIKA,994,8,648200.0
PANITIA WAB 2024,271,3,347200.0
PANITIA WAB MALANG,904,7,618800.0
PANITIA WIN (MARINGAN),2284,1,1300000.0
PANJI,1731,1,58000.0
PANLOK KNM 2019,2073,6,301000.0
PANLOK KNM BATAM,2074,2,171000.0
PANLOK KNPS 2021 SURABAYA,1359,1,900000.0
PANOGU M,1402,1,67320.0
PAOPUORTY 230608TFCTX34F,551,1,23800.0
PAPA JESSICA,2606,1,81000.0
PARAMITA,2583,1,54000.0
PARAMITA LESTARI,1320,1,24375.0
PARASIAN SILALAHI,649,1,50000.0
PARIDA MANURUNG,2183,1,54000.0
PARULIAN PANGGABEAN,1192,1,58200.0
PARULIAN SIAGIAN,2162,1,50000.0
PARULIAN SINAGA,1283,1,80000.0
PASCAL TARIGAN,1285,1,39585.0
"PASCAL TARIGAN,",1847,1,49400.0
PASCHA RIESMA WIJAYA INV/20231230/MPL/3653703357,365,1,68625.0
PASIEN RUANG ISOLASI COVID BRANDO INV/20230603/MPL/3270501610,581,1,31990.0
PASKAH SITORUS,1189,1,63050.0
PASKAH SRY AJENG GULO,1538,1,79200.0
PASKAL ADVENT G. SURBAKTI,1543,1,59400.0
PASKALINA G. MOHI,1221,1,49350.0
PASKALIS ROY SAPUTRA,1812,2,117000.0
PASU SILABAN,855,1,25000.0
PATARDO MANURUNG,1531,1,59400.0
PATRESIA AGUSTINA GULTOM,1311,1,142350.0
PATRICIA BANNE,853,2,69276.0
PATRICIA CHIKITA,1465,1,89100.0
"PATRICIA CHIKITA,",1085,1,60000.0
PATRICIA HANNA,2144,1,75000.0
PATRICIA NOVI ELLYANA,1006,1,25894.0
PATRICIA PAMELA PARIURY,996,1,126100.0
PATRICIA RACEL RISMAYENLIS,2765,1,22500.0
PATRICIA SIAHAAN,303,3,298950.0
PATRICIA TEGUH,1497,3,201960.0
PATRICIA UNTU,2179,4,156600.0
"PATRICIA,",1283,1,20931.0
PATRICK JOHNSON,2707,1,1365000.0
PATRICK NATHAN,1232,1,58200.0
"PATRICK.,",1062,1,45500.0
PATRIK RANTETANA,2270,1,43200.0
PATRIS,1713,1,25000.0
PAU SAN (GEREJA METHODIST INDONESIA JEMAAT IMANUEL JAKARTA),414,1,675000.0
PAUL,1350,1,65000.0
PAUL / JEAN,1232,1,58200.0
PAUL HIDAYAT,2136,1,0.0
PAUL JASON TENG SHI EN,1551,1,52000.0
PAUL LIEVIANT,881,1,75000.0
PAUL LIMBONG INV/20231223/MPL/3641012904,372,1,91500.0
PAUL WI KHAI,2415,2,106200.0
PAUL WINATA,1105,1,70000.0
PAULA,1112,2,108000.0
PAULA CHRISTYANTI MULYATAN,646,15,957077.0
"PAULA CHRISTYANTI MULYATAN,",860,4,268603.0
PAULA IVONIA SUMAA,1034,2,122800.0
PAULA TAMBA,1554,1,61690.0
PAULACHRIST03 230608TEV04NBS,551,1,66990.0
PAULINA,2466,2,68900.0
PAULINA DYAH,2547,1,54500.0
PAULINA MARGARETA WIDJAJA,1313,1,228150.0
PAULINA MARGARETA WIDJAJA.,1020,1,136500.0
PAULINA SUNGKONO,1756,1,65000.0
PAULINA SUSANTI,1023,14,1284940.0
PAULINA TJANDRAWIBAWA,2140,1,48000.0
PAULINA WIJAYA,2253,2,201600.0
"PAULINA WIJAYA,",853,1,63180.0
"PAULINA,",2105,1,44900.0
PAULINAA INV/20230313/MPL/3108183919,659,1,59475.0
PAULO ROSSY,1344,1,64350.0
PAULUS AGUSTUS SIPAHUTAR,1221,1,29250.0
PAULUS CHANDRA,1129,1,39000.0
PAULUS EKO KRISTIANTO,816,1,75816.0
PAULUS EKO WIBOWO,1615,1,26500.0
PAULUS PRADATAMA RAGA COME,1735,2,139500.0
PAULUS PRADATAMA RAGA COME (KOPERASI KERUKUNAN KELUARGA SUMBA WANGGAMETI),2354,2,215000.0
PAULUS TIMOTHY,2703,1,54000.0
PAULUS YANDINATA FAMILY,853,6,659271.0
"PAULUS,",1058,1,50440.0
PAVELO,2515,1,45000.0
PAW,1288,1,67900.0
PDM I NYOMAN YOSUA,2315,2,72900.0
PDM. ABRAHAM SUDARWAHYONO,2233,1,117000.0
PDT DANIEL BANI,2101,1,46400.0
PDT DR ALFRED ANGGUI KETUA BADAN PEKERJA SINODE,1696,1,0.0
PDT EM ROBBY I. CHANDRA,1017,1,68250.0
PDT EVI MUTIARA,987,1,28000.0
PDT FRINATAL PURBA,2134,1,540000.0
PDT GKKA SDA,1325,2,433000.0
PDT GUNTUR SILABAN,799,3,174300.0
PDT HANNIEL,897,1,62000.0
PDT JONI SUGICAHYONO,903,1,62000.0
PDT JOSEPH LIEM KARTIDAYA,1488,1,225000.0
PDT LUSIANA MANIKU,984,1,97200.0
PDT MURIA ALI,826,1,5250000.0
PDT ROBBY APRIANTA S,725,1,57420.0
PDT RUDY D. DJAJADI,41,2,265000.0
PDT SILAS RITA,2185,1,65000.0
PDT TORAJA,971,1,765000.0
PDT YABES,127,1,80000.0
PDT. AAN,743,1,0.0
PDT. ABELMA SITANGGANG,2772,2,50000.0
PDT. ALEX NANLOHY,926,1,0.0
PDT. ALEXANDER PERA PALIMBUNGA,1259,11,18936800.0
PDT. ALFONSUS J TONU LEMA,779,1,4000000.0
PDT. ANDREAS SETIAWAN (B2B),1419,1,0.0
PDT. ARDELINA PURBA,1945,1,50000.0
PDT. BENI REGO,191,2,7440000.0
PDT. BENNY SOLIHIN,554,9,39000000.0
PDT. BT SITOMPUL,1904,1,2500000.0
PDT. BUDIANTO LIM,345,5,5118750.0
PDT. BUDIYANTO,2865,1,48000.0
PDT. BW. PANGGABEAN,2766,1,425000.0
PDT. DANIEL ARIYANTO,1709,1,0.0
"PDT. DAVID KOSASIH,",743,1,0.0
PDT. DEWA GEDE,898,1,62000.0
PDT. DR. DICKY NGELYARATAN,2739,1,102600.0
PDT. DR. FERDY MANAFE,2799,1,52200.0
"PDT. DR. SUMBUT YERMIANTO, M.TH.",490,3,701600.0
PDT. DWI HARI SANTOSO,1488,1,225000.0
PDT. EBEN,742,2,188000.0
PDT. EDDY CIANG,1629,1,25200.0
PDT. EDDY PURNOMO,1509,1,225000.0
PDT. EDDY SUTANTO,729,1,7800000.0
"PDT. EL ADISUPUTRA S.KOM, M.TH, M.DC",829,2,135132.0
PDT. EVI MUTIARA,876,2,1539500.0
"PDT. EVI MUTIARA,",398,2,117600.0
PDT. FEBRIAN CH,2500,1,1260000.0
PDT. FEBRIAN CHRISTIANTO H,2101,4,9204800.0
PDT. FRANGKY MUNAISECHE,2900,1,108000.0
"PDT. FRI SUHANDY,",743,1,0.0
PDT. GLORIA BALLE,860,1,200000.0
PDT. HADYAN TANWIKARA,856,3,426000.0
PDT. HANNY PRAYOGO,2227,1,58500.0
"PDT. HARI SOEGIANTO,",743,1,0.0
PDT. HARI SUDJATMIKO (SINODE GKY),1488,1,2250000.0
PDT. HARIANTO SURYADI,1948,1,350000.0
PDT. HENDRA KURNIA WIJAYA,1948,2,13200000.0
PDT. HENGKY LUSIKOY,2724,1,288000.0
PDT. INDRA LAUW,1616,1,27500.0
PDT. IRENE M. TETELEPTA INV/20230706/MPL/3330130613,545,1,100275.0
PDT. JANSEN H PANJAITAN STH,1281,1,240000.0
PDT. JOHAN KUSMANTO,496,1,59500.0
PDT. JOHN E. SETIAWAN,218,1,2100000.0
PDT. JOICE SIBARANI,864,1,74490.0
PDT. JOSEPH PRIYONO,2576,1,34200.0
PDT. KALEB KIM,1234,2,148000.0
PDT. KANGO LUKITO,1488,4,895600.0
"PDT. KANGO LUKITO,",1057,1,126000.0
PDT. LIE SIMON STEVI,1234,1,270000.0
PDT. LIM JIU NA,533,1,65000.0
PDT. LUKAS LINO,316,1,130000.0
PDT. MARIA MINARSIH,440,1,65000.0
PDT. MARIA TRI SUSANTI,2578,1,45000.0
PDT. MATHEUS MANGENTANG INV/20231031/MPL/3538584270,428,1,118950.0
PDT. MAULANA,293,1,100000.0
PDT. MEDIATI SETIAWAN,1488,1,225000.0
PDT. NOAH ATTAKRID,2305,2,112500.0
PDT. NYOMAN WIDIANTARA,743,1,0.0
PDT. OBETH MUSABANI,460,6,321650.0
PDT. OKULI SILITONGA,860,2,124600.0
"PDT. OKULI SILITONGA,",642,1,47000.0
PDT. PAMUJI,610,2,525000.0
PDT. PAW LIANG C/O BULAN SIAGIAN,1113,1,2625000.0
PDT. PEITER LEONARD,1102,1,56257.0
"PDT. PEROBAHAN NAINGGOLAN, M.TH",831,1,140400.0
PDT. POLO SITUMORANG,539,2,224500.0
PDT. PUSPA NOVIANA,646,1,110000.0
PDT. PUTUT RIYADI,2365,2,780000.0
PDT. REGY ARTHUR RONDONUWU,2186,1,65000.0
"PDT. REZEKI MURNI ZENDRATO, S.TH.",877,1,108000.0
PDT. RICHARD LIEM,1997,1,8932000.0
PDT. ROMA SIHOMBING,1434,1,225000.0
PDT. RONI NAPITUPULU,2788,1,46400.0
PDT. RONNY LIE,743,1,0.0
PDT. RONNY SIGARLAKI,1252,12,532700.0
PDT. RUDIYANTO,2546,7,8463000.0
PDT. RUFY WANEY,2312,2,100000.0
PDT. RUTTINA PANTJAPUTRI (GMI ANUGERAH BATAM),1237,1,48500.0
PDT. SADRAKH SUGIONO,2672,1,45500.0
PDT. SAHALA MARPAUNG,1735,1,48000.0
PDT. SAMUEL UDAU,197,1,280000.0
"PDT. STEFANUS CHRISTIAN HARYONO, MAC., PH.D",477,1,60000.0
PDT. SUCIANTO,28,32,3817600.0
PDT. SUGIANTO,908,2,112464.0
PDT. THEOFILUS SUDARI,1342,10,474700.0
PDT. TIMOTHY,2228,1,616000.0
PDT. TIMOTIUS HOGIONO,41,1,40000.0
"PDT. TIMOTIUS RAFIN RATULONA, M.TH.",1488,1,225000.0
PDT. TOMMY SIMANJUNTAK MDC,1302,1,10125000.0
PDT. TONNY SUBIANTONO,2238,1,168000.0
PDT. UTOMO,1626,3,10612000.0
PDT. WAHYU PRAMUDYA,743,1,0.0
"PDT. WANDYNATA S. ASSA, S.TH (TEMAN PAK BENNY SOLIHIN)",252,1,6300000.0
PDT. WIDIANTO YONG,646,1,55000.0
PDT. WILLY VK,2284,1,25200.0
PDT. WORO INDYAS TOBING,1793,2,363600.0
PDT. YAKOBUS KRISTIYONO,2500,1,420000.0
"PDT. YAKUB SUSABDA, PH.D.",541,1,0.0
PDT. YAKUB TRIHANDOKO,982,3,4000000.0
"PDT. YESAYA ABDI,",1455,1,2250000.0
PDT. YOSEPH MM NABABAN,215,1,960000.0
PDT. YOSHUA CHENDANA,980,1,0.0
PDT. YUDI SANTOSO,133,1,686000.0
PDT. YUNITA L.,743,1,0.0
PDT. YUNUS LAUKAPITANG,1036,2,75500.0
PDT. YUSUF GUNAWAN,489,2,8930000.0
PDT. YUSUP A. LIFIRE,604,1,0.0
PDT.AGUS RAHARDJO,933,1,20000.0
PDT.RONNY MANDANG (GKRI KARMEL),104,1,63000.0
PDT.YOSUA YOGI WIJAYA,280,1,16800.0
PEBBY,916,1,132192.0
PEBRIANINGRUM,2470,1,69000.0
PEBRIDO,1672,1,20000.0
PEDRO MAHENDRA ARISTANTO,1120,3,125500.0
"PEDRO MAHENDRA ARISTANTO,,",1209,2,65000.0
PEGGY LAISON,984,1,77760.0
PELANGI KRISTUS,1897,2,240000.0
PELATIH FUTSAL (HILLERY),815,2,70342.0
PELATIHAN JAKARTA,92,2,205000.0
PELAYANAN ALUMNI MALANG (KAK SISCA),1342,3,831000.0
PELAYANAN REMAJA GKKA SDA,643,5,338100.0
PELMA PETRA,772,1,6237000.0
PELNA,2494,2,74700.0
PEMBERSIH SERBAGUNA,1043,3,161791.0
PENGURUS ALUMNI SURABAYA,96,1,64000.0
PENGURUS IKATAN ALUMNI STTRI,1232,1,384000.0
PERCIK EMBUN PAGI,1283,9,377351.0
PERDANA,1470,2,79200.0
PERIADI RITONGA,1251,2,300000.0
PERKANTAS ALOR,2122,2,116500.0
PERKANTAS ALOR (FERONIKA NANGGULA),271,1,1232000.0
PERKANTAS ALOR ATAS NAMA FERONIKA NANGGULA,555,1,1120000.0
PERKANTAS AMBON/MALUKU (UP:FANI),2151,1,378000.0
PERKANTAS BALI,230,66,8861175.0
PERKANTAS BANDUNG,159,53,8595750.0
PERKANTAS BANGKA,564,1,54400.0
PERKANTAS BANJARMASIN,1961,2,72500.0
PERKANTAS BANYUWANGI (UP: TOMMY),37,3,569500.0
PERKANTAS BANYUWANGI/ UP. NONIE,1203,14,1053800.0
PERKANTAS BATAM (RINO KISADRIANTO),92,12,3067900.0
PERKANTAS BENGKULU,96,16,4173400.0
PERKANTAS BOGOR,2169,5,525500.0
PERKANTAS JAKARTA,26,113,100214800.0
PERKANTAS JAMBI,2665,2,385000.0
PERKANTAS JAYAPURA,86,32,7641450.0
PERKANTAS JEMBER,110,91,12401550.0
PERKANTAS JOGJAKARTA,26,30,5685000.0
PERKANTAS KALTIM,780,3,928584.0
PERKANTAS KARANGANYAR (GALANG MESYA),1981,2,408500.0
PERKANTAS KARANGANYAR (MARIA EKA),139,1,735000.0
PERKANTAS KEDIRI,131,71,8397350.0
PERKANTAS KENDARI,85,18,3169000.0
PERKANTAS KUPANG,159,55,23368100.0
PERKANTAS LAMPUNG,2665,2,1050000.0
PERKANTAS MALANG,15,305,38807700.0
PERKANTAS MALUKU,2312,1,168000.0
PERKANTAS MANOKWARI,2515,2,252400.0
PERKANTAS MATARAM,447,56,5437500.0
PERKANTAS MEDAN,323,17,8289750.0
PERKANTAS NASIONAL (UP: LIA),867,1,1078000.0
PERKANTAS PADANG,2158,15,654000.0
PERKANTAS PALANGKARAYA/KALTENG,2598,1,210000.0
PERKANTAS PALEMBANG,1674,10,2699700.0
PERKANTAS PALU ( SULTENG),910,22,3351700.0
PERKANTAS PALU (SULTENG),32,7,1424000.0
PERKANTAS PONTIANAK,1776,12,1272000.0
PERKANTAS POSO (UP: DONI/VIN),150,3,261000.0
PERKANTAS RANTAUPRAPAT,2182,1,84000.0
PERKANTAS RIAU. UP ERIKA,20,117,25957950.0
PERKANTAS SALATIGA,1176,32,10909500.0
PERKANTAS SAMARINDA,454,26,8280050.0
PERKANTAS SEMARANG,1787,25,3827400.0
PERKANTAS SEMARANG (TRISNI SUDARTI),83,23,4359500.0
PERKANTAS SINGARAJA,246,19,4048900.0
PERKANTAS SOLO,41,7,719600.0
PERKANTAS SORONG,222,7,638900.0
PERKANTAS SULAWESI SELATAN (FEBRI PAEMBONAN),36,1,126000.0
PERKANTAS SULAWESI SELATAN (MAKASSAR),118,47,17952600.0
PERKANTAS SULAWESI UTARA,47,104,11583850.0
PERKANTAS TANJUNGPINANG (UP:DANNY RUDI RUMAHORBO),2065,1,60000.0
PERKANTAS TORAJA,433,13,2494500.0
PERKANTAS WAINGAPU,2786,1,175000.0
PERKANTAS WAMENA,453,5,601400.0
PERKANTAS YAHUKIMO,453,9,1093000.0
PERMAISONYA BRILIANT,2143,1,65000.0
PERMATA (MER),1371,1,90000.0
PERONIKA JULI WINDA SIREGAR,928,1,92635.0
PERONIKA81 230410Q0H7GFU6,612,1,68904.0
PERPUSTAKAAN GEREJA KRISTEN ABDIEL ZION (UP. STEVEN),1785,1,44800.0
PERPUSTAKAAN GKA GLORIA PACAR,874,1,103500.0
PERPUSTAKAAN GKY CIMONE (UP: MARIA FENNITA),412,1,42000.0
PERPUSTAKAAN GKY PURI INDAH (UP:YENI),1843,2,332800.0
PERPUSTAKAAN INSTITUT INJILI INDONESIA,1057,1,20000.0
PERPUSTAKAAN PERKANTAS JATIM,253,3,130000.0
PERPUSTAKAAN SD KRISTEN GLORIA 2,468,1,60000.0
PERPUSTAKAAN SDH MAKASSAR (UP:VEMY GREACE),2786,1,48000.0
PERPUSTAKAAN SEKOLAH ATHALIA,1441,1,126000.0
PERPUSTAKAAN SEKOLAH KRISTEN TRI TUNGGAL SEMARANG (UP: AMEJER SEPUTRA),1779,1,28000.0
PERPUSTAKAAN SEKOLAH KRISTEN TRI TUNGGAL UP AMEJER SEPUTRA,762,1,70000.0
PERPUSTAKAAN SEKOLAH TINGGI ALKITAB TIRANUS (UP: HERA),2065,2,144000.0
PERPUSTAKAAN SMA KRISTEN GLORIA 2,2435,1,48000.0
PERPUSTAKAAN SMP KRISTEN GLORIA 1 (UP: MS DESI ZIDNI),289,1,48000.0
PERPUSTAKAAN SMP KRISTEN GLORIA 1 (UP: MS DESI ZIDNI/MS NIKEN),187,1,72250.0
PERPUSTAKAAN STT CIPANAS (UP:TIAN),2882,1,117000.0
PERPUSTAKAAN STTB,253,3,532900.0
PERPUSTAKAAN UNIVERSITAS KRISTEN MARANATHA,69,1,45500.0
PERSEKUTUAN GEREJA TIONGHOA INDONESIA (PGTI),1699,2,0.0
PESERTA MINI COURSE PEMURIDAN 2024,336,1,9000000.0
PESTA,2343,1,157500.0
PESTA PARULIAN MANURUNG,189,8,208000.0
PESTARIA HAPPY SAMOSIR.,534,1,105000.0
PETER,907,1,59210.0
PETER CHRISTIAN NUGRAHA,907,1,60264.0
PETER FUTARO,2673,1,60000.0
PETER HAN,1615,1,31800.0
PETER HIDAYAT,1430,2,226800.0
"PETER HIDAYAT ,",1154,1,65000.0
"PETER JANUAR ANG,",2123,1,60000.0
PETER JANUARIUS NAGAPUTRA,1376,1,76230.0
PETER MULYADI,1510,3,152980.0
PETER PELMA,26,4,2171800.0
PETER SEBASTIAN,1042,1,47287.0
"PETER YULIANTO,",2211,2,101250.0
PETERS KRISS (BP BERNARD Y.H),923,1,0.0
PETERSON PASARIBU,1645,1,60000.0
PETRA,1345,4,262375.0
PETRA LAZUARDI SIHOTANG,1379,1,68000.0
PETRA MARBUN,1455,1,67320.0
PETRA TOGAMAS,1617,1,2229500.0
PETRICK KLUIVERT DENILSON,2667,1,37500.0
PETRIS PRATAMA PARATTE,1535,1,59400.0
PETRUS ADITYA EKANANDA,1615,1,32860.0
PETRUS FENDIYANTO,1358,1,24375.0
PETRUS MUSA PETRUS,1098,1,40000.0
"PETRUS YULIUS RIDHO,",1847,5,237530.0
PETRUS.,1659,1,57420.0
PETTER JATMIKA ETENG,1221,1,49030.0
PETTY,977,1,77600.0
PHENI,2570,1,43000.0
PHILIA CHRISTIA,1221,1,29850.0
PHILIA CHRISTY (LIA),902,1,65000.0
PHILIA THERESIA,1234,4,2517000.0
PHILIF CALVARY,1615,1,31800.0
PHILIP,280,5,142700.0
PHILLIP TANAMAL,877,1,65000.0
PHING- PHING,1220,1,58200.0
PHOEBE VIBI,1510,1,40000.0
PIARMAN HAREFA,1313,1,56550.0
PIERCE JONATHAN,1615,1,45050.0
PIETA ERLA,2060,1,65000.0
PIETER LEATEMIA,2282,1,46800.0
PIETER VALDANO,2460,1,54000.0
"PIETER VALDANO PATTIRUHU,",2212,1,18750.0
PIETER VERY SETIAWAN,1471,1,49896.0
PIETER YONATHAN,1261,1,64175.0
PIGORR SYALALA,1074,1,63375.0
PIKKI PANGARIBUAN,2172,1,54000.0
PILIPI VANESSA,576,1,180000.0
PING FEI LIM,1571,1,420000.0
PINGKAN OTISTA PODUNG,2399,1,42000.0
PINGKY STEFFI,732,1,163296.0
PINKAN RACHEL TUMBEL,1378,1,64350.0
PIPIH HUTASOIT,463,1,65000.0
PIPIT,939,7,344480.0
PIPON,2148,2,62500.0
PIPRASARY TANDIRERUNG,2399,1,68000.0
PIYUS,784,1,65000.0
PLORENSI SIMANJUNTAK,1090,2,131625.0
PMDN JAKARTA,2577,1,367500.0
PMDN UNTUK PANITIA KMDN 2024,140,1,165000.0
PMK KOTA,32,67,6809350.0
PMK MEDIS,2799,1,48000.0
PMK SMIRNA,1566,1,227500.0
PMK TONDANO,2291,3,603500.0
PMK USU UP:NOVIA,1766,4,3462000.0
PMKJ JAYAPURA,701,1,215325.0
"PNUEL SUKMA PERDANA,",2466,1,69000.0
PONCO,1066,3,450450.0
PONCO TRIHANDOKO,816,2,68040.0
PONGKY SATRIA JAYA,983,2,185200.0
PONSYE PASALBESSY,1658,1,60000.0
PONTI,915,1,25855.0
POPI POSMARIA,1320,1,56550.0
PORISA,1681,1,75000.0
PORMAN SITORUS (MAMA VANNY),1511,1,44550.0
POSMA BRATAGORA HUTAHAEAN,883,2,300000.0
PPA ID 0257 IKHTUS BAHU MANADO,145,1,4200000.0
PPK TABITHA (AN. ELISABETH GANTUME),1923,1,65000.0
PPPK PETRA,204,1,21600.0
PRA CIPTA,2550,2,162000.0
PRABOWO A SIAHAAN,1945,1,58000.0
PRAISILIA KRISTY BR KETAREN,1388,2,97020.0
PRAJITNO SUGONDO,1876,1,50000.0
"PRAJITNO SUGONDO,",988,1,100000.0
PRAMUJI EKO WARDANI,883,2,300000.0
PRAS,2371,1,54000.0
PRASOJO,1222,1,29850.0
PRATIWI,1149,1,53625.0
PRAUTAMI CITRA DAELI,882,5,245500.0
PRAY PUTRA HASIANRO NADEAK,1357,1,24675.0
"PRAYOGI ADISTA P,",1847,1,49400.0
PRAYOGI OENTORO,655,2,106227.0
PRECIANY L SALHUTERU,1320,2,96550.0
PRETTY LAMBAN GASONG,1196,1,26325.0
PRICILIA,1471,1,20000.0
PRICILLIA GAGHIWU,994,1,68250.0
PRICYLIA,1451,1,67320.0
PRICYLIA AURELIA,920,1,58828.0
PRIJO SEMBODO,271,5,406000.0
PRIMA PRATONO,1878,4,223500.0
PRIMA SAMUEL INV/20230225/MPL/3071598141,674,1,59475.0
PRIMAN ALFRED FAU,1845,2,72960.0
PRIMANS ESA LUCKY SITOMPUL,915,4,163607.0
PRINCE,1227,1,58500.0
PRIS CILLA SANDY,979,2,480000.0
PRISCA LIONG,853,4,134740.0
PRISCILIA,1325,1,900000.0
PRISCILIA CALISTA,1101,1,28000.0
PRISCILLA,2374,1,172800.0
PRISCILLA NOVELIA,989,2,50479.0
"PRISCILLA RUMBAY,",2472,1,80000.0
PRISCILLIA INTAN,1406,1,150000.0
PRISCILLIA JIE,1408,1,22770.0
PRISILA,2900,1,25000.0
PRISILIA,983,1,77600.0
PRISILIA ADINDA M,2498,1,50000.0
PRISILIA SIBAGARIANG,1357,1,126750.0
PRISKA,1813,9,494300.0
PRISKA BACTIAR,2578,9,252500.0
PRISKA BANGAPADANG,1280,1,45000.0
"PRISKA BANGAPADANG,",1171,1,19000.0
PRISKA IVENA,1206,1,67900.0
PRISKA MAHARANI,1222,4,181780.0
PRISKA MAHARANI WINEDARIGNTYAS INV/20241125/MPL/4303054761,36,1,52800.0
"PRISKA,",1769,1,65000.0
"PRISKA,,,",1115,4,215805.0
PRISKA.,1062,1,63050.0
"PRISKALA,",1282,2,49695.0
PRISKILA (PANDU WIGUNA),23,1,76500.0
PRISKILA ANGELINA,711,1,62205.0
PRISKILA ATALIA SANJAYA,1615,1,31800.0
PRISKILA IRENA,847,1,60000.0
PRISKILA KULLE,1542,1,65000.0
PRISKILA ROSPITA HUTABARAT,1490,1,64350.0
PRISKILLA PRITAKUSUMA,1962,1,60000.0
PRISTHY RUMIMPUNU,1158,1,63375.0
PRITA PANTARI,1913,1,55000.0
PRIYANA NURYADI,1232,1,58200.0
PRIYANA NURYADI INV/20231017/MPL/3514614967,442,1,76400.0
PRIYO WIBOWO,1221,1,64015.0
"PROF. DR. SYAMSUL ARIFIN, M. SI",1311,1,65000.0
PS GLORY,987,1,96200.0
PS LYDIA,1071,7,2968500.0
PS. GAYUSTAR INV/20230913/MPL/3454866297,476,1,54900.0
PS. MICHAEL CHRISDION,20,3,0.0
PS. TRACY TRINITA,236,1,0.0
PS. YOEL IRAWAN L,1597,1,68000.0
PSS TEAM (UP: IBU EMIL),2109,2,833000.0
PT DIAMONDINDO MITRA LESTARI,732,1,72900.0
PT DIGITAL OPEN HOUSE (DIGIOH),1349,1,0.0
PT KAWUNG MITRA SEJATI (UP: ARIF MAHMUDIN),1514,1,91000.0
PT. HAYAKU TRI TUNGGAL (ILVA1),1220,1,64535.0
PT. SAHABAT WASKITA (SERVYA),853,7,183024.0
PT. SAI HOT BASANA UP. ASTRA SINAMBELA,541,1,70000.0
PT. SECURIKO INDONESIA (UP: YATIK),2781,1,20000.0
PT. VISI ANUGERAH INDONESIA(MK),1412,2,265300.0
PUDECA STORE,358,31,2597000.0
PUJI ARITO,860,1,53071.0
PUJIANTO,1616,1,34680.0
PUJIANTO HARDJOSANJOTO,2161,2,81000.0
PUPUT CAROLINA,2121,1,60000.0
PURNAWAN,1010,1,21000.0
PURNAWAN TIRTA YUWANA INV/20231230/MPL/3653215876,365,1,75500.0
PURNOMO (MP),898,1,114600.0
PURWANTO SIAGIAN,1262,1,25000.0
PUSPITA PIPIT,631,1,90000.0
PUTRI (DENPASAR),139,1,60000.0
PUTRI FEBRIAN SINAGA,1199,1,63050.0
PUTRI HANDAYANI SIJABAT,1615,1,31800.0
PUTRI KESUMA SIPAYUNG,928,1,62075.0
PUTRI KUNTI,1255,1,63375.0
PUTRI MANURUNG,988,1,97200.0
PUTRI MANURUNG.,642,1,65076.0
PUTRI METASARI PANGARIBUAN,2535,1,75000.0
PUTRI NENI APRILLIA,1510,1,64350.0
"PUTRI PERMATA VALENTINE,",2276,1,50000.0
"PUTRI PITALOKA,",1948,1,65000.0
PUTRI PURBA`,908,1,63180.0
PUTRI SAGALA,2647,2,165000.0
PUTRI SARI,949,1,24300.0
PUTRI TIKA PMK KOTA,965,1,21000.0
PUTRI ULI PURBA,983,1,77600.0
"PUTRI,",1085,1,60450.0
"PUTRI,,",732,1,126360.0
"PUTRI,.",1085,1,63375.0
PUTRI.,1415,1,59400.0
PUTRIANY KMK INV/20230526/MPL/3255075688,583,1,109800.0
PUTU CHIYODA,1841,1,65000.0
PUTU DEDI KURNIA PRATAMA,996,1,48750.0
PUTU FITRIANI,940,3,726000.0
PUTU SURYA ADINATA,1154,1,2016000.0
"PUTU,",928,1,62075.0
PUZZLE GENERASI CEMERLANG INV/20231026/MPL/3529266075,433,1,59475.0
PYERWAYA KARENINA,1441,1,68000.0
PÃ„ÂT JONATAN SUTOPO,1671,1,38000.0
QORYZA EVLYN,2172,1,54000.0
QUEEN,1320,1,56550.0
QUEENCY,2151,1,54000.0
QUIN,1542,1,64350.0
R KAKKA D P (UP:MIRNA),926,2,45000.0
R. DESY,1262,1,21395.0
R.MEI YANI TARIGAN,642,1,62205.0
RABEA MERRY,288,18,1716500.0
RABEA MERRY S.,930,2,100500.0
RABUNISOUVENIR,2128,1,60000.0
RACEL,1085,1,60450.0
RACHEL,2507,1,90000.0
RACHEL ALINA,965,1,63180.0
RACHEL ANGIE K,2508,2,86000.0
RACHEL FRANCIS ROHO,34,18,4236229.0
RACHEL GABRIELLA,1615,1,36040.0
RACHEL HEIDY,1221,1,29850.0
RACHEL KEZIA,1206,1,63375.0
RACHEL KRISYANTI,2283,1,40000.0
RACHEL MURWANENDA,1205,1,8500.0
RACHEL NOVELIA PUTRI,1002,1,50544.0
RACHEL PUTRI MAHARANI,1311,3,151750.0
RACHEL SAGITA BAKARA,1121,1,19500.0
RACHEL SINONDANG,2462,1,63000.0
"RACHEL,",1617,1,53075.0
RACHEL.,1203,1,63050.0
RACHEL..,798,1,17500.0
RACHEL...,415,1,108000.0
RADE SITORUS,1098,1,87750.0
RADEN WENGEN,1092,1,73125.0
RADEN WENGEN INV/20230117/MPL/2981602929,715,1,24776.0
RADHITA TRI MALASARI,2543,1,40000.0
RADIT,1260,1,20475.0
RADITYA OLOAN,1386,30,7889000.0
RADITYA SUSANTO,713,1,75000.0
RADITYO NATANAEL,794,2,326610.0
RADITYO NATANAEL INV/20231025/MPL/3528163976,433,1,124150.0
RADITYO NATANAEL INV/20231231/MPL/3654261529,365,1,75500.0
RADITYO NATANAELINV/20230120/MPL/2988972039,712,1,109800.0
RADIUS,2590,4,256000.0
RADIUS MUNTU,2346,1,16200.0
RADIUS RANGGA.,1371,2,126000.0
RAEL PANAHATAN HUTABARAT,1544,1,60000.0
RAFAEL BENNAMI,1045,1,72750.0
RAFAEL POLIN,1126,1,63375.0
RAFAEL TAMBUNAN,2359,1,48750.0
RAFAEL YANUAR,2841,1,54000.0
RAFELLA,1962,1,61200.0
RAFIKA SIGALINGGING,1048,1,58500.0
RAFIKA SITORUS,642,1,62205.0
"RAFIKA,",2211,1,45000.0
RAGIL KUNING PUTRA,1532,1,59400.0
RAGIL VIRGINIA,1217,1,24375.0
RAGIL VIRGINIA LUHULIMA,979,1,26190.0
RAHADIAN KRISTIYANTO INV/20231023/MPL/3524651281,435,1,76860.0
RAHAYU K,1310,1,154050.0
RAHAYU KRISTIYANTI,1615,1,37100.0
RAHAYU SHERLY,812,1,50000.0
RAHAYU TOKPED,983,1,77600.0
RAHEL FRIDA,1037,1,47531.0
RAHEL PUTRI (GA),1128,1,136500.0
RAHEL SEKAR ADELLINE,930,1,65000.0
RAHEL SIBUEA,1203,1,63050.0
RAHMAD URIP AMBAA,829,1,26244.0
RAHMADI PRASETYO INV/20231228/MPL/3649863541,369,1,16000.0
RAHON DOULES SILITONGA,1535,1,59400.0
RAI OLIVIA VIDI C,1544,1,65000.0
"RAISSA AMELIA,",2212,1,37500.0
RAISYA DINA HARYANI,1680,1,62000.0
RAJA RAMOS PURBA,1283,1,59752.0
RAJAPURBA35 230701T5V4KV3S,522,1,28560.0
RAJAWALI LINTANG PURNAMA,2339,1,60000.0
RAJAWALI888 23061270CKEDKQ,551,1,119625.0
RAKHMAT SURYADI WIDJAJA,2316,3,144000.0
RALPHY CHRISTIAN,601,1,100000.0
RALPHY CHRISTIAN.,58,1,65000.0
"RAMA,",1416,1,59400.0
RAMBU IMEL,1570,2,134000.0
RAME,673,1,76560.0
RAME LIZA H,1191,1,30000.0
RAME LIZA HUTASOIT,1254,2,74000.0
RAMINANDA,1614,1,30740.0
RAMLI HONDO,1226,1,68950.0
RANDI PAYOPO,398,1,120000.0
RANDINI SITA KRISMARANTI,1616,6,280350.0
RANDY,1346,1,68250.0
RANDY EZRA,1710,1,65000.0
RANDY EZRA BERIAJAYA,1614,1,32860.0
RANDY GUNAWAN,1283,2,55308.0
"RANDY GUNAWAN,",794,1,51570.0
RANDY INV/20231123/MPL/3579933739,405,1,59475.0
RANDY KURNIA,2305,1,22500.0
RANDY PRAYUDI,2575,1,43000.0
"RANDY,",794,1,51570.0
"RANDY.,",1050,1,53350.0
"RANI ,",878,3,191125.0
RANI ARIZA SINAGA,1202,1,126750.0
RANI BERLIAN,1227,2,55115.0
RANI D/A SRI WAHYUNI,963,2,101180.0
RANI KETAREN,1015,1,67900.0
RANI LUA,1615,1,45050.0
RANI TARIGAN,915,1,44226.0
RANI TOMASOA,771,3,51570.0
"RANI,",1097,1,75000.0
RANI.,1155,1,107250.0
RANI..,984,1,77760.0
RANIA VERONIKA,1353,1,30000.0
RANIA VINATA,2918,1,54000.0
RANITA,2413,3,144000.0
RANJA GINTA GINTING,2427,1,32400.0
RANY,2584,1,44000.0
"RANY MONICA,",281,2,202000.0
RANY WAHYU LARASATI,2381,1,52200.0
RANY..,863,1,72000.0
RAPHAEL,2506,1,58500.0
"RAPHAEL,",2211,1,45000.0
RASIMAN AGUSPEN,1150,7,665000.0
RASIMIN,1074,1,43875.0
RASIWEN,1320,1,56550.0
RATIAH TAMPUBOLON,2414,1,40000.0
RATIH,1313,1,56550.0
RATIH ESTER NABABAN,1614,1,31800.0
RATIH OKTA TIMIKA,809,1,26244.0
"RATIH YULIANA,",1367,1,76230.0
RATNA,1786,1,55900.0
"RATNA ,",930,1,65000.0
RATNA DARYANTI,1320,1,56550.0
RATNA GULO,814,1,22000.0
RATNA JESSYKA MA,2515,3,159400.0
RATNA JUANITA,1500,1,105000.0
RATNA JULIATI,1492,1,79200.0
RATNA ONG,2176,1,58000.0
"RATNA,",1074,1,48750.0
RATNA.,815,3,194175.0
RATNA..,1059,1,50440.0
RATU BRENDA Z. SOMPOTAN,1505,2,79000.0
RAUMANEN LOMBOAN,1961,2,196000.0
RAVEN PARULIAN,1192,1,63375.0
RAVIKA DEWI SINAGA,2462,2,102900.0
RAY,1183,1,63050.0
RAY BURTON,28,1,0.0
RAY OKTAVIANUS LOLONG,2904,1,34200.0
RAY STEPHEN,2172,2,670000.0
RAYMON PANDAPOTAN,2596,1,54000.0
RAYMOND HULU,1015,4,207390.0
RAYMOND INV/20230128/MPL/3007228919,702,1,80520.0
RAYMOND LAURENTIUS,1616,3,168900.0
RAYMOND LIU,1699,2,0.0
RAYMOND S,1001,1,234000.0
RAYMOND SURYADI,1253,1,120000.0
RAYMOND SUWANDI,1616,1,38950.0
RAYMOND TAMPUBOLON,1010,3,162708.0
RAYMOND TAMPUBOLON INV/20230201/MPL/3018399440,701,1,59475.0
RAYMOND TAMPUBOLON INV/20230327/MPL/3135359412,646,1,91500.0
RAYMOND TAMPUBOLON INV/20230328/MPL/3138010973,645,1,59475.0
RAYMOND TAMPUBOLON INV/20230330/MPL/3142375081,643,1,45750.0
RAYMOND TAMPUBOLON INV/20230928/MPL/3480761987,460,1,137250.0
RAYMOND..,533,1,300000.0
RAYMOND/CHRISTINE,780,6,360616.0
RAYMONDA MAIBANG,1127,1,48750.0
RAYND LUTER,1969,1,61200.0
RAYSADILA HALLATU,1764,12,678000.0
RAYSKY NELOE,1218,1,107250.0
RAYU ANITAWATI (TOKO BAGAS),1275,1,32500.0
RAYUNI ERDININGSIH,965,1,64100.0
RAZMIN NELCE SARI,1015,1,126360.0
REANDRO KRISTANTO INV/20230704/MPL/3326912615,546,1,71625.0
"REBBECA TIUR,",2164,1,60000.0
REBECCA,1526,1,65000.0
REBECCA (MG),1014,1,24375.0
REBECCA DRAMASTY,1320,1,56550.0
"REBECCA HALOHO,",2343,2,120000.0
REBECCA LASTA,1374,1,62725.0
REBECCA TAMPUBOLON,1313,2,83850.0
REBEKA SIANTURI,1029,1,65000.0
REBINA,918,2,47670.0
REC GALAXY,134,1,0.0
REDEEMER CITY TO CITY,2540,1,0.0
REDINTA BERLIANA,1221,1,42250.0
REDINTA BERLIANA OKARY,853,3,37245.0
"REDJEQIE,",1643,1,65000.0
REDO YOSEF,878,2,131090.0
REDZKY RIADI (TOKO SIMPANG 3 CELL SEBELAH RESTO BAKMI TASIK),1308,1,67550.0
REEVETA INV/20230204/MPL/3025982119,695,1,161040.0
REFFAN YURGENRY KOLINUG,1181,2,172610.0
REFILIA CAHYANINGSIH,1280,2,115820.0
REGINA,2373,1,63000.0
REGINA EMIA STEVANIA BARUS,1155,1,63375.0
REGINA OKI,1477,1,55000.0
REGINA OKKY,1313,1,56550.0
REGINA SIDABUTAR,995,1,27300.0
REGINA YULIANA,942,1,58200.0
REGINA YULIANA ISKANDAR,1472,7,568700.0
"REGINA,",1262,1,85800.0
"REGITA,",2408,1,378000.0
REGY,927,3,185022.0
"REGY,",1615,1,36040.0
REHOBOT GRANT,2311,1,96000.0
REHUEL,1074,2,73125.0
REHUELLAH ZIPORA JUHLASLI,1622,1,31800.0
REHULINA INV/20230331/MPL/3144725247,642,1,19215.0
"REHULINA,",1847,1,45600.0
REINALD,905,1,60264.0
REINALDY LAGHA,1916,1,65000.0
REINER SURIRA,1499,2,60790.0
REINER SURIRA KOMBONGLANGI,725,8,359214.0
REINHARD,1510,1,40000.0
"REINHARD SIMBOLON,",2165,1,60000.0
REINO HARINATA,363,1,70000.0
REIPANIE74 230615EDXJPYSP,551,1,57420.0
"REISA HANANI GIRSANG,",2066,1,72000.0
REIZKY IMANUEL NUSSY,1285,1,37537.0
REIZTAFRISCA 231003V06N7NXF,457,1,71775.0
REKAWATI HUTAGAOL,2163,1,54000.0
REKHA,2283,2,116500.0
REKHY ZAKARIA PASARIBU,829,1,24250.0
REKNA NINGTYAS,2169,1,65000.0
REMIGIUS KHO,1220,1,120000.0
"REMIGIUS KHO,",890,1,300000.0
REMIGIUS KHO.,533,1,1500000.0
REMINISIMANJUNTAK 23052925JP0YKH,585,1,65076.0
RENALDI,1962,1,68000.0
RENALDO,1367,1,58500.0
RENALDO PANGGABEAN,766,2,87630.0
RENALDO PUTROKOESOEMO,2172,1,63000.0
RENALDO261 230606P24182QU,551,1,33495.0
RENALDY FERNAYANAN,1063,1,63375.0
RENALTO EGI,928,2,178480.0
RENANDA PRASETYO,1319,1,65000.0
RENATA,1615,1,31800.0
RENATHA CHRISTINA,1195,1,63375.0
RENATTA,915,2,64881.0
RENDI ABEDNEGO SINAGA,1323,1,63375.0
RENDI MANGATUR SIAGIAN,2346,1,54000.0
RENDI SETIAWAN,864,1,105924.0
RENDY,2007,1,40000.0
RENDY STAF MAKASSAR,2454,1,30000.0
"RENDY,",1109,1,73875.0
RENEE SAGALA,1313,2,131625.0
RENESSA WILIS,1122,1,73125.0
RENG RENG TAN,2695,1,162000.0
RENI,1870,1,58000.0
RENI (KOS MBK TYAS),1280,1,63575.0
"RENI ANGGREINY,",2360,1,46450.0
RENI IDAYANTI,1510,1,40000.0
RENI OCTARIANTY (GEDUNG SEKOLAH CHRIST THE KING PRIMARY SCHOOL),2641,1,99000.0
RENI PURBA,2357,1,19000.0
RENI SILAEN,1313,2,100050.0
"RENITA BAYU,",2319,1,60000.0
RENITHA YULINAR PANJAITAN,1310,1,68250.0
RENI_ANGGREINY 230701TGYAF1A0,522,1,36137.0
RENNI CANDRA,1162,1,26325.0
RENNI MAGDALENA,1055,1,24375.0
"RENNI SUSILO,",2211,1,37500.0
RENNI TAN,1301,4,167500.0
RENNIKA,927,1,63180.0
RENNY,1535,1,89100.0
RENNY OKTOVIANI,1462,1,22500.0
RENNY SANTOPO,1443,1,59400.0
RENNY SIEK,2351,1,25200.0
RENNY.,1427,1,59400.0
RENO,2585,2,67000.0
RENO OTNIEL,1510,1,40000.0
RENO VEROLIANO BAKARA,862,3,230722.0
RENO VEROLIANO BAKARA.,824,1,47000.0
RENOLVAN ROBERTO MANAFE,1987,2,99000.0
RENTINA SIDABALOK,1938,1,65000.0
RENY GADJA,854,1,60000.0
"RENY MARIA,",2414,1,42000.0
"RENY PUTRI WIJAYA,",2168,1,80000.0
RENYTA,2626,1,45000.0
RENYTA WOO,1315,1,65000.0
RENYTAELFRIDA SIMANJUNTAK,1510,1,40000.0
REONALD,967,1,97200.0
RERE,2522,1,47900.0
RERE LILI ISKANDAR,829,4,429934.0
"RERE LILI ISKANDAR,",984,1,77760.0
RERE MAIBANG,1332,1,63375.0
RERE MAIBANG INV/20230111/MPL/2969589154,720,1,59475.0
"RERE MAIBANG,",1106,2,70000.0
RERIMNA,1540,1,142560.0
RESI NABABAN,2289,1,17000.0
RESIANY NABABAN,2738,1,72000.0
RESIEN CHIU,1232,1,58200.0
RESKI BINTI ALIM,1906,1,75000.0
RESKI SEPSINA,994,1,68250.0
RESKY AYU,902,1,60264.0
RESKY EKO,1496,1,89100.0
RESKY SIMON,2354,2,99400.0
RESMAWATI,1386,1,86850.0
RESPATI,1297,11,746200.0
RESTI EKA,2701,2,74000.0
RESTIANA LORENSIA,1193,1,63375.0
RESTU BUMI,1751,8,214000.0
RESTY CHITAMY REINER,1283,1,45000.0
RESTY SIMORANGKIR,1320,1,56550.0
RESTY.,415,1,49000.0
RESTY/WIRSTA,979,1,58320.0
RETHAA,701,1,26796.0
RETNA HERMANA,1948,1,25000.0
RETNA HERMANA INV/20230927/MPL/3479098150,462,1,68625.0
RETTA MANALU (KANTOR WOORI CONSULTING),2416,1,54000.0
"RETTA,",1986,1,45000.0
REV. NICO ONG,2620,1,40600.0
REVANCE VICTORA,1571,1,105000.0
REVANCE VICTORIA INV/20231019/MPL/3518159503,440,1,59475.0
REVANDI PIETER,1058,3,1327500.0
REVI,920,1,41399.0
REYNALDI,815,1,46267.2
REYNALDI PUTRA PADATU,1920,1,24300.0
REYNALDO PABEBAMG,1379,2,131670.0
REYNALDO VITRASIO,2619,1,54000.0
REYNARD,1472,1,67320.0
"REYNARD,",2130,1,60000.0
REYNARDO KURNIA HADIYANTO PURBA,2052,4,290500.0
REYNARDO PURBA,1017,1,67900.0
REYNE,2463,1,45000.0
REYNOL/JUNI TAMBA,2029,1,54000.0
REZA GINTING,1195,1,63050.0
REZA HEDI PERDANA,1088,5,220416.0
REZA HEDI PERDANA INV/20230416/MPL/3182646182,625,1,82350.0
"REZA HEDI PERDANA,",920,4,223956.0
REZA MUBARAK PASARIBU,780,36,2527796.0
REZA PASARIBU,1547,3,459200.0
REZA T,1617,1,25000.0
REZA TEHUSALAWANY,797,1,78000.0
REZHKY PRATINI,1714,1,55000.0
REZKIMKW_THREE/HERI,1313,1,68250.0
REZKY BESTIDY,1615,1,47700.0
RHEGAR LOUREN S,1274,1,63375.0
RHEMA CHRISTIAN,2344,1,58500.0
RHEMA GRANALDI,1490,1,60000.0
RHESA SIGARLAKI,649,4,271600.0
RIA,2504,1,30000.0
RIA (STAF BANTEN),980,1,50000.0
RIA AGUSTINE,104,17,629500.0
RIA ARYANI,1423,1,62370.0
RIA BANTEN,170,3,253000.0
RIA BARUTU,1568,1,60000.0
RIA CHANDRA,2870,1,42000.0
RIA KARO SEKALI,824,1,61900.0
RIA LUWUK,1120,1,162000.0
RIA SINAGA,1102,2,92500.0
RIA SIPAYUNG,1444,1,198000.0
RIA STAF BANTEN,1666,3,99000.0
RIA TJANDRA,2681,1,40500.0
RIA ULI HASIBUAN,944,1,116640.0
RIA WIJAYA KUSUMA,2639,4,145700.0
"RIA,",1605,2,110400.0
"RIA,,",1615,1,31800.0
"RIA,,,,",1622,1,0.0
RIA.,1615,1,31800.0
RIAARICH 230701TF308PNT,522,1,32368.0
RIAN,2805,1,96000.0
RIAN STAF JAYAPURA,126,3,418800.0
RIAN.,1122,1,59100.0
RIAN...,302,1,70000.0
RIANA DWI JAYANTI,921,1,47600.0
RIANA TAROREH,934,2,145800.0
RIANI DUMAIS,1885,1,65000.0
RIANITA,1505,1,700000.0
RIANJANI,780,1,63180.0
RIANTI,1066,1,100000.0
RIANTY OSHIN ALLO BUNGA,1246,1,18000.0
RIBKA /PAK EBIN,1304,1,67550.0
RIBKA ASNIWATI,2417,1,58500.0
RIBKA CHRISTINA,1551,1,52000.0
RIBKA KOLONDAM,1616,1,29580.0
RIBKA KURNIAWATI,984,1,26244.0
RIBKA RATNANINGTYAS,2305,1,54000.0
RIBKA RAVIKA,1064,1,24375.0
RIBKA S,1510,1,40000.0
RIBKA YULIANI,1206,1,20475.0
"RIBKA,",1799,3,144200.0
"RIBKA, ,",1763,3,491000.0
"RIBKA,,.",1259,1,65150.0
"RIBKA,.",1363,1,117000.0
RIBKA.,1615,1,31800.0
"RIBKA.,",988,1,58320.0
RIBKA..,1394,1,24750.0
RIBKA...,1313,1,117000.0
RICARD NOKE,809,1,52488.0
RICARDO,1510,1,40000.0
RICARDO DIRK ANDERSON,1193,1,63375.0
RICARDO LAURENSIUS,1849,1,27000.0
RICARDO WILLIAM,2427,1,576000.0
RICCHAN SILALAHI,920,1,63050.0
"RICCHIE GOTAMA SIHITE,",1341,2,58125.0
RICHARD,2408,1,25000.0
RICHARD ANDIKA,1882,1,100000.0
RICHARD ANDREAS SALINDEHO INV/20230127/MPL/3005515433,702,1,154710.0
RICHARD ARDI,1615,1,36040.0
RICHARD DAULAY,815,1,74490.0
RICHARD GILBERT BANDI,2133,2,145000.0
RICHARD HIZKIA K,1555,1,20900.0
RICHARD HM LENGKONG,1379,1,90000.0
RICHARD MANUEL,1311,2,68300.0
RICHARD RINALDO LIGIANTO,2658,1,24000.0
RICHARD SHARON NINGRUM,794,2,116510.0
RICHARD SHARON/NINGRUM,1283,2,104569.0
RICHARD SHOPEE,912,1,87480.0
RICHARD WERNER,1285,1,25935.0
"RICHARD WERNER.,",1050,1,63375.0
"RICHARD,",2080,2,110000.0
RICHARD.,1042,2,88027.0
RICHARDW27 #230522CAAYVWQW,582,1,114840.0
RICHIE,1510,1,40000.0
RICHSON SEDJIE,1056,1,126100.0
RICHWELL J,1320,1,56550.0
RICHWELL J.,1210,2,102864.0
RICHWELL JATISURYAPUTRA,1764,5,284000.0
RICKA SAMOSIR,2485,1,54000.0
RICKI HUTAGAOL,2129,1,25000.0
RICKY,983,1,77600.0
RICKY BARROS LEITE,1751,2,77000.0
RICKY BAYU,517,1,300000.0
RICKY EBEN,2590,3,170000.0
RICKY FERDINAND NABABAN,883,2,300000.0
RICKY MARTHEN,1313,1,56550.0
RICKY MARTIN,915,1,56862.0
RICKY PS PERMANA SUGIARTO,824,1,61960.0
RICKY SETIAWAN,61,3,169587.2
RICKY SETIAWAN INV/20231017/MPL/3515097273,440,1,59475.0
RICKY SETIAWAN INV/20231023/MPL/3524540415,435,1,59475.0
"RICKY SETIAWAN,",159,1,55000.0
RICKY SETIAWAN.,93,2,116960.0
RICKY SUHENDRATMONO,1036,1,63375.0
RICKY WAHYU,2098,1,54000.0
RICKY YACOB BADUNG,1510,1,40000.0
RICO SITORUS,1706,1,88000.0
RIDEA SIWABESSY,2098,1,90000.0
"RIDEA SIWABESSY,",911,1,25000.0
RIDO PURBA,988,1,26244.0
RIDO STAF AMBON,2454,1,105000.0
RIDWAN BUDIMAN,2359,1,39000.0
RIDWAN TANGKILISAN,1275,2,104612.0
RIDWAN TANGKILISAN INV/20230414/MPL/3179299100,625,1,45750.0
RIDY SUDARMA,1571,1,105000.0
RIEKA INTANSARI,286,15,713000.0
RIENTA GREGORIUS,2528,1,72000.0
RIEPIN,1510,1,40000.0
RIEVCA NESYA,1209,1,63375.0
RIFANDO SURYAWAN,1221,1,69328.0
RIFKA,857,1,24300.0
RIFKA NAYLA,988,1,63375.0
RIGANU TIRTA,2554,1,45000.0
RIGIA TIRZA (GIA),927,1,63180.0
RIGOP,2914,1,1000000.0
RIGOP DARMIKO,90,3,84500.0
RIHWAN RUSMANTO,483,5,296800.0
RIJHA SITORUS,983,1,77600.0
RIKA,1156,1,18900.0
RIKA (TOPED),1306,1,84920.0
RIKA ADELINE,984,1,77760.0
RIKA IRAWATI,2758,1,22500.0
RIKA RENATA MALAU,1281,1,25000.0
RIKA SUMOLANG INV/20230817/MPL/3406994388,502,1,75945.0
"RIKA,",1941,1,54000.0
RIKE,1738,14,428300.0
"RIKE PENTA SITIO,",1458,1,64350.0
RIKE STAF,1121,5,200500.0
RIKHO MS,1845,1,49400.0
RIKI SITUMORANG,484,1,150000.0
RIKKY AVIANTO,1088,1,58200.0
RIKO,2773,3,153000.0
RIKO DIAN,1197,1,48500.0
RIKO PERMANA,2707,1,974400.0
RIKY RABECHA,2571,5,460500.0
RILIA ANACI POEH,984,1,77760.0
RIMA ERLY,1419,1,64350.0
RIMA INV/20230503/MPL/3210998560,608,1,109800.0
RIMA LANDE,2070,2,105900.0
RIMA LANDE.,1020,1,66300.0
RIMAWATY PANTOU,1552,2,227900.0
RIMMANIAR PAKPAHAN,2303,1,50000.0
RINA,2289,1,54000.0
RINA A. H. GULTOM,1652,1,60000.0
RINA ADINDA,1121,1,27160.0
RINA AYU K INV/20230612/MPL/3286405823,569,1,64050.0
RINA AYU K INV/20230612/MPL/3287311703,562,1,64050.0
"RINA AYU K,",884,2,92500.0
RINA BERLIANA,2087,1,60000.0
RINA DWIKORA RUMAPEA,1492,1,17820.0
"RINA F SARAGIH,",1736,1,64000.0
RINA HAPSARI,2513,1,45000.0
RINA HUTAHAEAN,989,1,95550.0
RINA HUTAHAEAN..,589,1,60000.0
RINA INV/20230314/MPL/3110184874,658,1,80520.0
RINA MANSYUR,809,1,92534.4
RINA REVINA,2151,1,65000.0
RINA SARI,2828,1,66000.0
"RINA SISKA,",2156,1,80000.0
RINA UTAMI ANINGTYAS,1504,1,64350.0
RINA.,1710,1,25000.0
RINA/EUNIKE,2308,1,60000.0
RINAL,829,1,38200.0
RINALDY YOSUA CHANDRA,1510,1,40000.0
RINAWATY W,1162,1,63000.0
RINCE,2099,10,625600.0
RINCI ARVIANNA ZENDRATO,722,1,240000.0
RINI,2031,1,100000.0
RINI GLADY,1448,1,50000.0
RINI HAYATI HERMAN,1822,1,130000.0
RINI NAAT,2854,2,74500.0
RINI PATRICIA,1519,1,24750.0
RINI PURBA,1084,1,81900.0
RINI SILALAHI,896,1,145800.0
RINITA PAPPANG,320,4,287256.0
"RINITA PAPPANG,",2211,1,60000.0
RINNO,2788,1,54000.0
RINO,2655,2,121500.0
RINO G.M.LAMAU (SEKRETARIAT PERKANTAS POSO),1412,1,70000.0
RINO GM LAMAU,2590,1,121800.0
RINO KISADRIANTO,1283,1,81480.0
RINTIH SUKMARIA ZENDRATO,815,7,434502.5
RINTIH SUKMARIA ZENDRATO INV/20230128/MPL/3007052113,702,1,59475.0
RINTIH SUKMARIA ZENDRATO INV/20230305/MPL/3090853377,667,1,59475.0
RINTIH SUKMARIA ZENDRATO INV/20230701/MPL/3320648808,550,1,59475.0
RIO DAMENTO SIHALOHO,1640,1,45000.0
RIO DWISANDY,545,1,0.0
RIO FERNANDO SITEPU,1221,1,9692.5
RIO HOSANA,593,1,250000.0
RIO O. PRAMANAGARA,1304,1,63375.0
RIO STEVIE,732,1,72900.0
RIO SUSANTO,1615,1,18550.0
RIO YOGA P.W,1778,1,220000.0
RIO YUDISTIRA,1596,2,75000.0
RIO_HOSANA #230512H758BTKB,582,1,47850.0
RIO_HOSANA 230701TJH08BMC,522,1,46648.0
RIPALDI RIVAL,1571,1,105000.0
RIRIN,2178,1,54000.0
"RIRIN PURBA, INV/20230127/MPL/3004921279",705,1,343125.0
RIRIN SIMARMATA,1313,1,56550.0
RIRIN WINATA,1051,1,101400.0
RIRIS DEBORA TAMBA,1129,1,85800.0
"RIRIS FITRIANA LINGGA,",1615,1,31800.0
RIRIS PARDEDE,1897,2,56500.0
RIRIS ULIMA,2566,1,88000.0
RISA / GITA / AGNES,732,1,63180.0
RISA SAGITA,1456,1,24750.0
RISA TENG,1267,1,88000.0
RISA TIORIA MARLINI PURBA,749,1,369600.0
RISANTI DELPHIA,1444,1,65300.0
RISDA,2351,1,60000.0
"RISDA MEYLINA,",1470,2,165480.0
RISDA.,921,3,138607.0
RISKA LIANI HUTAGALUNG,1320,1,56550.0
RISKA PRABAWANI,1870,1,400000.0
RISKA VENNITHASARI,816,1,61236.0
RISKI,673,1,20097.0
RISKI ELSADAI FRANSISKO SITORUS,1544,1,60000.0
RISKITO RAHANGMETAN,1336,1,25000.0
RISKY POLUAN,857,1,63180.0
RISMA INDAH,2346,1,54000.0
"RISMAN EVENDY (TOKO SINAR MULYA, DEPAN JALAN MASUK TERMINAL PELABUHAN RATU)",2080,1,58000.0
RISMAULI SINAGA,1531,1,48000.0
RISMINARNI SARAGIH,1349,1,97500.0
RISNA ELASIH Y LUMBAN GAOL,1499,1,32500.0
RISNA SIDABUTAR,1285,1,120120.0
RISNA YANCE SIMARMATA,1614,1,36040.0
RISSA,920,1,19482.0
RISSANTI AYUDITA,795,3,180475.0
RISSANTI OKTAVIERY / RERE,1258,1,63695.0
"RISTA DAMAYANTI,",2170,1,60000.0
RISTA JULIANA,869,1,63180.0
RISTADES SRI MARIANI PURBA,1191,1,85800.0
RISWATI,1336,1,25000.0
RITA,1615,2,101800.0
RITA ADELINA,1615,1,47700.0
RITA CHRISTINA WILLIAMS,1615,1,31800.0
RITA LUWUK,1758,1,60000.0
RITA NOVITA,2302,1,58500.0
RITA SIRAIT,2397,1,67500.0
RITA..,809,1,370137.6
RITAULI KRISTANTI MARPAUNG,1877,2,95640.0
RIVA EINSTEIN SINGAL,1042,1,47287.0
RIVALDO,1551,1,52000.0
RIVALDO SITANGGANG,1376,2,89500.0
RIVAN JESAYA H. PASARIBU,1101,1,48750.0
RIVAN JESAYA HASURUNGAN PASARI,1280,1,63375.0
RIVANKA WENNY,1267,1,64015.0
RIVANNA,1175,1,65000.0
RIVO PONGANTUNG,732,1,97200.0
RIYAN,1857,2,118000.0
RIZAL,1343,3,93000.0
RIZAL BADUDU,2640,1,22500.0
RIZAL SINAGA,2088,2,96000.0
RIZAL SITORUS,1842,1,27500.0
"RIZAL,",955,1,50544.0
RIZALDY PILIPUS,698,1,25000.0
"RIZKI VIDYA TRIACHRISTY,",1615,2,102400.0
RIZKY ADI BINTANG,1192,1,63375.0
RIZKY STEVANIA SIHOTANG,673,1,36366.0
RIZKY WOWOR,1895,1,58500.0
ROBBY,928,2,123455.0
ROBBY (INV/20230603/MPL/3269150215),581,1,63980.0
ROBBY CHRISTIAN DAMAI,2668,1,45000.0
ROBBY I INV/20230720/MPL/3354990809,531,1,276500.0
ROBBY INV/20231020/MPL/3519249284,439,1,62075.0
"ROBBY JAYAPUTRA,",1615,2,61900.0
ROBBY LUKITO,1125,1,39400.0
ROBBY PANGLOLI,1242,1,63375.0
ROBBY YOHANES,2603,1,52200.0
ROBBY.,864,1,104286.0
ROBERT,1510,2,65000.0
ROBERT EDUARD SUEK,1059,1,63375.0
ROBERT HADITAMA,2899,1,35000.0
ROBERT INV/20230728/MPL/3370780912,520,1,109800.0
ROBERT INV/20231231/MPL/3653815908,365,1,75500.0
ROBERT JANSEN,2094,5,247400.0
ROBERT KURNIAWAN,1037,5,245161.0
ROBERT LARSON NEHE,2787,1,54000.0
ROBERT LIANDA INV/20230819/MPL/3410072345,498,1,113917.0
ROBERT LIANDA INV/20231020/MPL/3519262592,439,1,55381.7
ROBERT S INV/20231020/MPL/3519170413,439,1,118950.0
ROBERT SINV/20230706/MPL/3331109870,544,1,41175.0
ROBERT STEFANUS HIA,1497,1,49500.0
ROBERT SUPRIADI,2122,2,13200000.0
ROBERT WILLIAM,625,19,962600.0
"ROBERT,",1465,1,134640.0
ROBERT.,96,2,120000.0
ROBERTHO,1786,1,49880.0
ROBERTHO (TOKO LEO),1221,2,114220.0
ROBERTHO S,1541,1,72000.0
ROBERTHO S (GKI DUTA MAS BATAM (SEBELAH SEKOLAH KRISTEN KALAM KUDUS BATAM)),1346,1,1592500.0
ROBERTHO S.,1042,2,226500.0
ROBERTO SIMANJUNTAK/ A/N ISTI SETYANI ATAU KOKOK TARWOCO,1720,1,100000.0
ROBERTUS RAGIL DIMAS P.,2550,1,54000.0
ROBIN,1083,1,72750.0
ROBIN ANDREAS,2634,1,30000.0
ROBIN BUDIAWAN,1471,11,798490.0
ROBIN BUDIAWAN INV/20230705/MPL/3329636790,545,1,96075.0
ROBIN I. CH,730,11,474500.0
ROBIN IGNATIUS C,1820,50,2208200.0
ROBINSON,604,1,65000.0
ROBINSON BARTOLONIUS,1574,2,108200.0
ROBINSON MARBUN,397,1,60000.0
ROBIYONO,2309,3,167000.0
ROBY CAHYONO WENDY,2122,1,65000.0
ROBY GILBERTH TAMPUBOLON,2455,1,60000.0
"ROBY GILBERTH TAMPUBOLON,",1643,1,62000.0
ROBY SITINDAON,1147,1,79540.0
ROCKY,1416,1,65620.0
RODE GINTING,953,2,168006.0
RODE PARDEDE,829,1,58320.0
RODEESTALITA G,828,2,70000.0
ROEL MICHAEL E,2098,1,50000.0
ROFANS BELEAM HILISEBUA MANAO (BPR DANA NUSANTARA),883,1,0.0
ROGER,1034,1,83620.0
ROHANI,1885,1,480000.0
ROHANI SIAHAAN,896,1,324000.0
ROIGEN SUMBUNG,1748,1,27000.0
"ROIGEN SUMBUNG,",1222,2,90010.0
ROIGEN SUMBUNG.,379,1,120000.0
ROIKA HEPRIDA SITIO,2686,1,54000.0
ROIKA HEPRIDA SITIO (PERKANTAS PEMATANG SIANTAR),77,6,3350200.0
ROKAYA SILABAN,1272,1,82875.0
ROKINO PURBA,2399,1,53000.0
ROLAND,1616,1,30803.0
ROLAND GULTOM,732,1,63180.0
ROLAND SIANTURI,2576,1,43000.0
ROLASRIS (PT. TECH MAHINDRA),2687,1,45000.0
ROLASRIS NAPITUPULU (PT.MULTI ADIPRAKARSA MANUNGGAL),2378,1,54000.0
ROLLAF LEONARDO,2455,1,67500.0
ROMA ULINA MANIK,1191,1,27300.0
ROMANNA RENTERIA,1227,1,29850.0
ROMARIO GIMEL,732,1,87480.0
ROMARIO ROBERTO,2550,1,54000.0
ROMAULI TAMPUBOLON,1471,1,47400.0
ROMI,814,2,159000.0
ROMI LIE,2045,4,480400.0
ROMI SANTO,1091,2,92300.0
"ROMI,,",1147,1,110000.0
ROMMEL.T,2583,1,44000.0
ROMPU SILALAHI,2638,1,54000.0
ROMY,1615,1,29680.0
ROMY IMANUEL,780,2,181754.0
ROMY SALMON GINTING,1241,1,67900.0
ROMY.,815,2,152646.0
ROMY/LINGGAWATI,1510,1,40000.0
RON,530,1,1750000.0
RON PARRISH,1065,1,0.0
RONA,540,2,1442700.0
RONAL,907,2,110277.0
RONAL GULTOM,726,1,75000.0
RONAL NABABAN,859,1,58200.0
RONAL SARAGIH,1441,1,68000.0
RONALD,2102,3,1260000.0
RONALD ASTRI,928,3,574225.0
RONALD BOKA,1365,1,63470.0
RONALD CHANDRA,1042,6,569800.0
RONALD FIRMAN,878,2,270456.0
RONALD FIRMAN.,824,1,65000.0
RONALD JONATHAN,987,2,733125.0
RONALD SIAHAAN,2842,1,336000.0
"RONALD,",1625,1,42000.0
RONALD.,1202,1,63375.0
RONALDO SATRIA,2346,1,45000.0
RONALDO YOSUA,1742,1,58000.0
RONALDUS RANDJA MANDI,1255,1,80000.0
RONATALIA MANURUNG,1285,1,30420.0
RONCANA,1535,1,59400.0
RONDANG APRILINA SIHOTANG,1615,3,155032.0
RONDANG APRILLINA SIHOTANG,1575,2,65190.0
RONI,1225,1,65000.0
RONI ANGGORO,97,2,204000.0
"RONI,",986,1,100000.0
RONI.,864,1,52143.0
RONNAL MARTHIN,1105,2,214000.0
RONNY,2777,1,19000.0
RONNY AL,2070,1,54000.0
RONNY BUDIMAN.,751,1,28000.0
RONNY HASUDUNGAN,824,1,61600.0
RONNY RONDONUWU,983,3,271775.0
RONNY S.,29,14,1335500.0
RONNY SETIAWAN,2576,1,108000.0
RONNY SUMANTRI,2008,1,200000.0
RONNY UK PETRA BAKA,1547,1,264000.0
"RONNY,",983,1,77600.0
"RONNY,,",655,2,124410.0
RONNY..,1034,5,285376.5
RONY CHANDRA KRISTANTO,1475,1,54450.0
RONY INV/20230106/MPL/2957124549,726,1,71925.0
RONY SAMUEL LD,985,1,2100000.0
RONY SOFIAN,1973,3,170500.0
RONY SUSAKA,907,2,136810.0
RONY SUSAKA INV/20231008/MPL/3499048198,450,1,68625.0
ROS INV/20231030/MPL/3537886838,428,1,178425.0
ROSA GULTOM,1191,1,63375.0
"ROSA KRISTIANSEN,",2144,1,54000.0
ROSALIA MANROE,2470,1,48600.0
ROSANTI,915,1,61236.0
ROSANTI SILALAHI,1614,1,31800.0
ROSAVELINA S. B,1615,1,32860.0
ROSELANI,851,2,115500.0
ROSELLINIA HERATY,1481,1,352000.0
ROSENNI SARAGI,1601,1,125000.0
ROSENTA GINTING,2240,1,45000.0
ROSIANA RATNAWATI,983,1,77600.0
ROSINTA (IBU DAME),1615,1,31800.0
ROSINTA PANJAITAN,1672,1,24000.0
ROSINTA SEPTIANA PANJAITAN,42,3,758400.0
"ROSINTA SEPTIANA PANJAITAN,",875,1,315000.0
ROSITA,1059,1,45500.0
"ROSITA,",2358,1,50000.0
ROSLINDA DAMANIK,655,2,116205.0
ROSMA ESARIA,1009,1,24300.0
ROSMA ESARIA ATAU LITTLE LILY,1480,1,47000.0
ROSMAESARIA1 230701TKVAWUC0,522,1,30940.0
ROSMEYANNA,1274,1,24375.0
ROSO,1238,1,210000.0
ROSRITA TIONIWAR (INV/20230531/MPL/3265053455),581,1,95970.0
ROSSA .K,2704,1,54000.0
ROSSA LINA VALENCIANA,1544,1,65000.0
ROSSA NADEAK MPD,1531,1,48000.0
ROSSY NOVITRI NAPITUPULU,1221,1,25355.0
ROSY PARAPAT,853,1,27216.0
ROSYAFELT,1643,1,40000.0
ROTUA SIHOMBING,2479,1,112500.0
ROTUA SIREGAR,815,1,66096.0
ROTUA SIRINGORINGO,408,2,76500.0
ROTUA SITORUS,238,2,1533000.0
ROULINA SIMANJUNTAK,1615,2,58800.0
ROULINA TIOLYN,1193,1,63375.0
ROVITA ARTHA,1462,1,130000.0
ROWLAND KEYS JR,1703,1,68000.0
ROWLANDPT 230604FWCNYE27,551,1,84216.0
ROY AVIS,2128,2,195600.0
ROY CHANDRA,983,1,77600.0
ROY MARULITUA,1614,1,31800.0
ROY MAWARDI,2542,1,37800.0
ROY MUSTIKA TARIGAN,906,2,68434.0
RR SRI TJAPA AGUSTINI INV/20230621/MPL/3303344838,560,1,62075.0
RSSEBK SARDO HOTRANDA SINAGA,1007,1,40600.0
RSU BETHESDA SERUKAM,2651,1,45000.0
RUBEN ARGANA H.D,1374,2,149900.0
RUBEN LISTIYANTO (SMIRNA),367,7,744000.0
RUBEN MT HUTAGALUNG,859,4,223373.0
RUBEN TURNIP,988,2,148400.0
RUBEN TURNIP.,428,4,154556.0
RUBEN ZEFANYA MARSELINUS,1205,1,63375.0
RUBY,894,1,78000.0
"RUBY,",572,1,35000.0
RUBY.,764,1,28000.0
RUDDY INV/20231009/MPL/3499999394,450,1,109800.0
RUDDY INV/20231010/MPL/3502994638,448,1,137250.0
RUDDY INV/20231018/MPL/3515806781,441,1,59475.0
RUDDY INV/20231114/MPL/3565014817,414,1,82350.0
RUDHY HANDOKO,1199,1,52500.0
RUDI,1654,1,150000.0
"RUDI ,",1615,1,31800.0
RUDI ANDIKA,772,14,615496.0
"RUDI ANDIKA,",135,2,45500.0
RUDI DARMADI,1167,1,24250.0
RUDI GANI,1571,1,65000.0
RUDI LIMURIA,1510,1,40000.0
RUDI PURWANTO,1571,1,210000.0
"RUDI SIREGAR, S.TP.,M.TH.",2842,1,108000.0
RUDI SITORUS,661,1,62205.0
RUDI TANTO,16,1,780000.0
RUDI ZALUKHU,2690,1,54000.0
RUDI.,1122,1,97500.0
RUDIANTO SITUNGKIR,1073,1,58200.0
RUDIANTO SITUNGKIR INV/20240101/MPL/3656655783,365,1,75500.0
RUDIN,1315,1,75000.0
RUDINUS CARLO,1024,1,63050.0
RUDIYANTO,829,2,1109710.0
RUDIYANTO.,815,2,133860.0
RUDOLF JOSUA RULIANDO,1285,2,128895.0
RUDOLF PANGGABEAN,49,1,28000.0
RUDOLOF LEKITOO,1658,1,65000.0
RUDY C. PONGENDA.,944,1,50544.0
RUDY D. DJAJADI,776,1,35000.0
RUDY HARIYANTO,987,1,96200.0
"RUDY IRWANTO,",1889,1,65000.0
RUDY ISFAT,1519,1,347490.0
RUDY ISKANDAR,1337,1,65000.0
RUDY MARIYANTO INV/20230311/MPL/3104342877,660,1,59475.0
RUDY SUTANTO,1231,1,60000.0
RUDY WIJAYA,1615,1,36040.0
"RUDY,",1448,1,35000.0
RUEBEN NATHANIEL,1192,1,63050.0
RUHUT ANDREAS MARBUN,1443,1,62725.0
RUMAH,1510,1,40000.0
RUMAH AKNES ANAK IBU FITRI,1689,1,62000.0
RUMAH BAPAK SUDIRMAN,1129,1,66300.0
RUMAH BP.CHRISTIAN JOHANDI T.,1285,1,61262.0
RUMAH MAKAN UJUNG PANDANG,1615,1,29680.0
RUMAH PRAKTIK DRH. FITRI,1493,1,59400.0
RUMAH VARDIK,1510,2,80000.0
"RUMAH,",1472,1,58100.0
RUMAHVANSA,1510,1,40000.0
RUMANTI NINGTYAS,1955,1,58000.0
RUMANTI NINGTYAS (GURU TK),1066,3,180655.0
"RUMANTI NINGTYAS,",1535,2,120000.0
RUMBIN SITIO,1193,1,63375.0
RUMI SIDABUTAR,2689,2,480000.0
RUMIRIS GRACELITA,915,1,44226.0
RUMIRIS SIRAIT,940,1,58320.0
RUMONDANG KRISNA,1275,1,88000.0
RUMPOKO SUASTANTO,984,1,106920.0
RUNGGU REJEKI,2480,1,216000.0
RURI,1538,1,71280.0
RURULAST 230605KQTRHA8B,551,1,60291.0
RUSNA APPU,1510,1,40000.0
RUSY,1510,1,40000.0
RUT,863,1,144000.0
RUT CHINTYA,983,1,77600.0
RUT GRACE TOBING,885,1,126360.0
RUTH,1694,1,80000.0
RUTH AMELIA,1221,1,63375.0
RUTH ANGELIA,829,1,63180.0
RUTH APRIYANTI,2211,2,81000.0
RUTH CIKAMARED,1622,1,29680.0
RUTH DAMAYANTI,1296,2,117500.0
RUTH DAMAYANTI GINTING,1297,1,68000.0
RUTH DAMAYANTI SIHOMBING,2697,1,22500.0
RUTH EVYANA,994,1,25000.0
RUTH GINTING,1510,1,59400.0
RUTH JANE OIVIA SIMORANGKIR,2283,1,3500000.0
RUTH JESSICA ONGKOWIJOYO,1510,2,164000.0
"RUTH KALASA,",2465,1,60000.0
RUTH LIANG,2004,1,25000.0
RUTH MARETHA (KOSAN BERLIN),1183,1,26325.0
RUTH MARISI,1598,1,57900.0
RUTH MARPAUNG,2770,1,90000.0
RUTH MICHELLEE,1195,2,121250.0
RUTH MONA PATRICIA,1615,1,25000.0
RUTH MS,928,1,62075.0
RUTH NATALIA,920,1,63050.0
RUTH NATALIA SOEMALI,1275,1,63655.0
RUTH NATASSIA,2018,1,60000.0
RUTH PAKPAHAN (MAK KEMBAR),1203,1,63375.0
RUTH PATRICIA,1035,1,63180.0
RUTH PRASETIA,972,1,97000.0
RUTH R. NABABAN,782,1,40000.0
RUTH REGINA DJUKA,732,1,116640.0
RUTH ROSALIA NABABAN,2343,1,34000.0
RUTH S,1034,1,48750.0
RUTH SELLA IRANA,815,2,66017.2
"RUTH SETIAWATI,",1565,1,24300.0
RUTH SIAHAAN,1668,1,65000.0
RUTH SITORUS,1193,1,63375.0
RUTH WENDA,1193,1,63375.0
"RUTH,",1283,1,28246.0
"RUTH,.",725,1,95700.0
RUTH.,1444,1,54450.0
RUTHANA,524,1,70000.0
RUTHIE AVIANA,1615,1,34450.0
RUTHLASOR 2306139UH3XAMV,551,1,62205.0
RUTHSITA GABRIEL,1510,1,40000.0
RUTHSYLVIA #2305195R6EQH3B,582,1,47850.0
RUTINI TANU,925,1,65000.0
RUTINI TANUDJAJA,183,7,595700.0
RUTMITA SARI P,2542,1,54000.0
RYAN (PERUM.IRIGASI DANITA (IRIGASI BARU)),1938,1,58000.0
RYAN ADINATA,984,1,77760.0
RYAN EVANDER GUNTORO,910,3,132000.0
RYAN GIGGS FENEDINE,1178,2,97749.0
RYAN MICHAEL ROBOT,2305,1,52200.0
RYAN SAMUEL PETER,1714,3,333000.0
"RYAN,",1451,1,52000.0
RYANDA DAVID,1280,1,64025.0
RYANHAGAI 230502M2CVYJU4,611,1,71775.0
RYANTI JULYANA,1320,1,56550.0
RYANTO,1561,2,115320.0
RYKSA WAHYU ANGGRAENI,2364,1,54000.0
RYO SETIAWAN,1285,3,118575.0
SABAM SINAGA/LISA PANJAITAN,1572,5,1349000.0
SABAMDESIMA 230701TGNFQARX,522,1,33925.0
SABAT MANALU,2570,2,65000.0
SABINA TERESIA,1192,1,63375.0
SABRINA RITONGA,857,1,26244.0
SADARI GEA/RITA TELAUMBANUA,1615,1,59360.0
SADRAKH,2751,1,47500.0
SADRAKH LISWARA,1283,1,44135.0
SADRAKH LISWARA.,1045,1,63050.0
SAEKO,2224,1,90000.0
SAFIRA MAIAWENG,849,1,78000.0
SAFITRI WIDJAJA,2660,1,45000.0
SAGA (ALOYSIUS GONZAGA),915,1,51030.0
SAGUNG RATIH,1357,1,63350.0
SAHALA TUA SILALAHI,631,1,90000.0
SAHAT HARIANJA,1230,1,65000.0
SAHAT NAINGGOLAN,1435,1,68000.0
SAHAT P NAINGGOLAN,1304,1,44000.0
SAHATA,954,1,50544.0
SAHATA SIMANJUNTAK,453,1,75000.0
SAIDA RACHEL NATASYA,2126,1,81000.0
SAIDE SIMARMATA,853,3,50544.0
SAKANTI,1056,1,50375.0
SAKHAN TAMBUNAN/WIDYA MANURUNG,1493,1,89100.0
"SAKHIUS LEWI SUKAMTO,",1598,1,62000.0
"SAKTIAN OKTAVIANUS,",1488,3,296800.0
SALLY,1158,1,24375.0
SALLY BANDUA,1565,1,62695.0
SALLY DANAYANAI,1219,6,432500.0
SALLY MEGA,1218,1,76500.0
SALLY.,1044,1,63050.0
SALOMO SITUMORANG,847,1,58500.0
SALOMO TIOVHAN TAMBUNAN,884,3,63180.0
SALSA,1738,6,0.0
SALSALINA BR SEBAYANG,1198,1,63375.0
SALYTHA IVANA,1615,1,34450.0
SAM,1569,1,71640.0
SAM NATHANAEL,1273,1,49030.0
SAM TIMOTY,1193,1,63375.0
SAM TIMOTY FRANS EVAN S,1735,1,58000.0
SAM TOPED,1185,1,118200.0
SAMENA BAHLERI,829,4,294000.0
SAMENA BAHLERI.,1075,2,146445.0
SAMITON PANGELLAH,1230,2,127900.0
SAMMI GOH,1063,1,45500.0
SAMMY INV/20230701/MPL/3321847228,550,1,42500.0
SAMMY INV/20231031/MPL/3539669620,427,1,59475.0
SAMPENIA SARAGIH,1715,1,80000.0
SAMUDRA INV/20231019/MPL/3518739603,439,1,59475.0
SAMUDRAWAN,1231,1,140000.0
SAMUEL,1384,5,285480.0
SAMUEL (PAPUA),1862,1,28000.0
SAMUEL (TOKPEDIA),1472,1,54450.0
SAMUEL (WA),119,1,312000.0
SAMUEL ADRIAN,1535,1,64350.0
SAMUEL ALFRED,1199,1,63050.0
SAMUEL BAYU,806,1,54000.0
SAMUEL CENKO (MAHASISWA),1471,1,54450.0
SAMUEL CHRISTIAN,1738,2,127000.0
SAMUEL CHRISTOFHEL,1309,1,70000.0
SAMUEL DAVID,2067,1,54000.0
SAMUEL ESTOMI SITUMORANG,922,1,62920.0
SAMUEL FIERGEON PICARDI,907,1,59210.0
SAMUEL FU,251,2,1073600.0
SAMUEL H. SISWONO,743,1,38000.0
SAMUEL HANDAL,690,1,62205.0
SAMUEL HANDRIO WIDJAJA,679,1,70000.0
SAMUEL HARI ANGGARA,1110,1,436500.0
SAMUEL HERI NUGROHO,2094,1,94500.0
SAMUEL HUTAGALUNG,1069,1,60000.0
SAMUEL IVANDER ARITONANG,1149,5,217739.0
SAMUEL J WUARLELA,1688,1,62000.0
SAMUEL JEREMY I INV/20230701/MPL/3321904948,550,1,22724.0
SAMUEL JULIUS,2211,3,168200.0
SAMUEL KAKE,1349,1,61885.0
SAMUEL KATIANDA,1981,2,152200.0
SAMUEL KURNIADJAJA,1221,1,59590.0
SAMUEL LASSA,925,1,130000.0
"SAMUEL LIM,",2217,1,60000.0
SAMUEL MANUELA INV/20230706/MPL/3329909943,545,1,64050.0
SAMUEL MUSIK,2830,1,44000.0
SAMUEL NICHOLAS,1615,1,32860.0
SAMUEL NUGROHO,1847,1,53200.0
"SAMUEL NUGROHO,",1615,2,145800.0
SAMUEL PAULUS,1380,1,90000.0
SAMUEL PERINTIS HUTAHAEAN,2568,2,44000.0
SAMUEL PINTOR TIMOTHY TAMBUNAN,884,1,52000.0
SAMUEL PRASETYO DARA,1227,1,64025.0
SAMUEL PURBA,2032,1,50000.0
SAMUEL RAYNOLD,988,1,96200.0
SAMUEL REINHARD YOKOM,2886,1,45000.0
SAMUEL SEPTIAN SUHARTA,843,1,66850.0
SAMUEL SHOPEE,934,1,97200.0
SAMUEL SIMAMORA,2617,1,54000.0
SAMUEL SISWONO,794,1,77000.0
SAMUEL SITUMORANG / MESS PT. JAPFA COMFEED INDONESIA TBK.,1988,1,60000.0
"SAMUEL SITUMORANG,",2354,1,38450.0
SAMUEL STEFANUS WIDODO,1616,1,42962.0
SAMUEL SUSILO,818,2,450000.0
SAMUEL TIRTA,1615,1,34450.0
"SAMUEL WIDODO,",2211,1,45000.0
SAMUEL WISANGGENI CENKO,1845,3,129680.0
SAMUEL YORITOMO INV/20230330/MPL/3142500764,643,1,42912.0
SAMUEL YORITOMO INV/20230330/MPL/3142516627,643,1,54145.0
"SAMUEL,",965,3,112660.0
"SAMUEL,,,,",1615,1,36040.0
"SAMUEL,.",1510,1,40000.0
SAMUEL.,1615,1,34450.0
"SAMUEL.,.",1199,1,63050.0
SAMUEL..,1390,1,115800.0
SAMUEL...,1222,1,31170.0
SAMUELL,984,1,97200.0
SAN FERTUS PANGKA,1615,1,31800.0
SAN SIHOMBING,1639,1,58000.0
SANDHY MASSIE,979,1,25000.0
SANDHY RIHATNO,1622,1,42400.0
SANDI,2242,1,48000.0
SANDI SAPUTERA INV/20231219/MPL/3632733670,379,1,75500.0
SANDINGANROSO 240102S1GHB97E SHOPEE,365,1,94200.0
SANDRA,1379,1,90000.0
SANDRA APRILLIA,2346,1,54000.0
SANDRA M INV/20231017/MPL/3514709779,442,1,113002.0
SANDRA MAYAWATI,1717,1,350000.0
SANDRA MELIANA,2581,1,44000.0
SANDRA ZUSIEND,1321,1,67550.0
"SANDRA,",984,1,88200.0
"SANDRA,.",661,1,23925.0
SANDRA.,1184,1,63375.0
SANDRIA,1614,1,20140.0
SANDRO SIRAIT,1615,1,34450.0
SANDRO.,1399,1,267300.0
SANDY,2078,1,60000.0
SANDY (TOKOPEDIA),1321,1,50000.0
SANDY EV,201,1,135000.0
SANDY MISERO (LUPI/SUKI),356,6,227100.0
SANDY PARASTU,2051,1,75000.0
SANDY TEJALAKSANA,1087,1,29100.0
SANGA LAWALATA,686,1,80000.0
SANGKEP SEMBIRING,2515,1,337500.0
SANI DWININGRUM RAHAYU BR GINTING,69,1,78400.0
SANIA ONSITE,170,1,65000.0
SANJAYA,958,2,101088.0
SANJU PARNINGOTAN SIMORANGKIR,1189,1,63375.0
SANNIA,2674,1,54000.0
SANNY ERLANDO,853,2,93071.0
SANNY ERLANDO INV/20230614/MPL/3291643525,562,1,64050.0
SANNYADISSA PURBA,1551,1,52000.0
SANTA,1360,1,50475.0
SANTA GINTING,1346,1,24375.0
SANTA LUCIA SITANGGAN,1745,1,39200.0
"SANTA LUCIA,",1615,1,42400.0
SANTA MONICA TAMBUNAN,2414,1,48000.0
SANTA MONICA TAMBUNAN INV/20230225/MPL/3070187070,674,1,44750.0
"SANTA MONICA TAMBUNAN,",1414,2,70500.0
SANTA MONICA TAMBUNAN.,583,1,50000.0
SANTA SIMATUPANG,1615,1,95400.0
SANTANA HARTONO,1699,1,65000.0
"SANTAYANA PANGARIBUAN,",2242,2,101600.0
SANTI,1510,1,40000.0
SANTI (STAF ADMIN PERKANTAS PALANGKARAYA),1127,1,225000.0
SANTI AGATHA_FAPET_UNV.UDAYANA,1193,1,63375.0
SANTI HUTABARAT,915,1,63180.0
SANTI JAYANI,1571,1,105000.0
SANTI KRISTIAWATI,1080,1,72750.0
SANTI KRISTINA NARUTO HUTAGALUNG,1258,1,77000.0
SANTI MATONDANG,63,11,3478500.0
SANTI NADEAK,907,1,97200.0
SANTI OKVIANNA TOGATOROP,1512,4,278100.0
SANTI RAHAYU,655,1,84216.0
SANTI SIMATUPANG,642,2,351000.0
SANTI SUSILOPUTRI,2801,1,162000.0
SANTI TITIK LESTARI,2630,2,1176000.0
SANTI.,1510,1,40000.0
SANTI..,90,1,85000.0
SANTO PANIMBA,1616,1,36040.0
SANTO RUATA,1665,1,56000.0
SANTOSO,1571,2,307500.0
SANTY DARMADJIE,2460,1,54000.0
SANTY HANDALIM,883,1,0.0
SANTY LIZ HERAWATI,984,1,155520.0
SANTY MATONDANG,247,2,256000.0
SANTY SITOMPUL,1154,1,30000.0
SANTY YULFIANI GIRSANG,859,1,24300.0
SANTZSTYLE 230701TDTRREF2,522,1,52360.0
SANY YASINTA.,2507,1,67500.0
SAOR HUTABARAT,1283,1,44135.0
SAOR HUTAURUK,1074,1,40950.0
SAPUTRA MANIK,984,1,78000.0
SARA ELEKTRA,1877,1,46800.0
SARA INESIA KATIANDAGHO,816,1,61236.0
"SARA IRENE,",2114,1,65000.0
SARA MARTINA,983,2,195200.0
SARA NOVITA,2504,1,42000.0
SARAH,2144,1,47400.0
SARAH AMELIA,2035,4,201500.0
SARAH ANDREINA NIMAS A S,1371,1,117000.0
SARAH ANJANI,2332,1,54000.0
SARAH APRILIA,1318,1,70000.0
SARAH GRACE ANDRIESTA SITORUS INV/20230429/MPL/3201305635,613,1,89670.0
SARAH GULTOM,1320,1,24375.0
SARAH IRFIAN,718,1,25839.0
SARAH JULIA TIMOTHEA INV/20230704/MPL/3326721087,547,1,59475.0
SARAH JULIA TIMOTHEA INV/20230709/MPL/3336320294,541,1,64050.0
SARAH M H LATUMAERISSA,1477,1,64350.0
SARAH MELATI,1027,1,63180.0
SARAH MEYER SIREGAR,829,1,24300.0
SARAH MIRANDA MARBUN,1062,1,24375.0
SARAH PERMATASARI ARITONANG,1614,1,79500.0
SARAH SARAGIH,2260,2,112500.0
SARAH SHOPEE,928,1,62075.0
"SARAH YULI YANTI,",2410,1,60000.0
"SARAH,",1779,1,154800.0
"SARAH,,",1022,2,98420.0
SARASWATI PUTRI,1640,1,65000.0
SARDINA SIAGIAN,950,1,48600.0
SARI,2353,1,162000.0
SARI DELVIANA MARBUN,1222,1,48750.0
SARI KARTINI,1342,1,25000.0
SARI KARTINI DJALUJU,1453,1,25000.0
SARI KRISTI (SHOPEE),640,1,84216.0
SARI KUSUMA,1227,3,209895.0
SARI MANGARAJA,1496,1,89100.0
SARI RAMBU PEDI MOSA,2515,1,52200.0
SARI SIMATUPANG (ALUMNI BATAM),2137,1,382500.0
SARI SINAGA,2058,3,149000.0
SARI SIRAIT,1696,1,80000.0
"SARI,",1057,1,41370.0
SARI.,1199,1,63050.0
SARJANI JEREMIA SIHOTANG,1193,1,63375.0
SARMA,1141,2,126750.0
SARNI BR PERANGIN-ANGIN,2480,1,630000.0
SARPIN INV/20231130/MPL/3594321972,398,1,26400.0
SARTIKA HASIBUAN,2424,1,54000.0
SARTIKA SIHOMBING,1203,1,63375.0
SARTINA PURBA,141,1,21000.0
SARTY PAGAYANGAN,1056,1,45500.0
SASA CATALIA,2203,1,60000.0
SASA INV/20230222/MPL/3064937980,678,1,47750.0
SASHIA,866,1,27216.0
SASMIHTA ANGGUN,1444,1,270000.0
SASSA TANIA,1710,1,70000.0
SASTRA BUDIHARJA INV/20230630/MPL/3319569919,551,1,62075.0
SATRIA,2386,1,45000.0
SATRIA TOPED,915,1,31658.0
"SATRIA,",1987,1,52200.0
SATRIADI SANTOSA,883,1,0.0
SATRIANI R. T. DUNI,2571,1,40000.0
SATRYA,342,4,1060000.0
SAUT MELKI JOEL,1616,1,29580.0
SAUT SIMANIHURUK,2497,1,16200.0
SAWANGAN,1000,2,0.0
SAYU KOMANG,1342,1,72000.0
SBC EXPRESS (NATALIE 59667007),1462,1,70000.0
SD KRISTEN CITA HATI SURABAYA,863,2,893700.0
SDP BRENDA TITIHALAWA (RUMAH TINGKAT PUTIH NO.34,572,1,50000.0
SDP JULISA PALARI,632,1,106020.0
SDR.WEGA,883,1,52000.0
SDWSRH INV/20230418/MPL/3187170970,623,1,686250.0
SEAN YUDA CHRISTIAN PANJAITAN,1101,1,73125.0
SEILA,984,3,165510.0
SEISYE K JM,2179,1,60000.0
SEKALIHPA MARTHA N,1952,2,215500.0
SEKAR KINASIH,1429,1,51480.0
SEKOLAH ATHALIA (UP: KAK TIRZA),61,2,52500000.0
SEKOLAH DIAN HARAPAN HOLLAND VILLAGE MANADO,2779,1,256000.0
SEKOLAH DIAN HARAPAN JEMBER (UP:FIREL),944,3,347100.0
SEKOLAH DIAN HARAPAN MANADO,1388,4,311200.0
SEKOLAH GLOBAL MANDIRI,1784,1,116000.0
SEKOLAH KRISTEN BINA BAKTI BANDUNG (UP NANDO),1240,1,4200000.0
SEKOLAH KRISTEN IPEKA PURI,1990,2,2625000.0
SEKOLAH KRISTEN KALAM KUDUS JAYAPURA (UP:SHIZY W),167,2,3038000.0
SEKOLAH KRISTEN TRI TUNGGAL (UP: AMAJER SEPUTRA),1298,7,5229500.0
"SEKOLAH TINGGI ALKITAB TIRANUS,A/N HERA SITEPU",2351,1,39000.0
SEKOLAH TINGGI AWAM REFORMED,1947,3,159000.0
SEKOLAH TINGGI TEOLOGI DUTA PANISAL (UP:RANI),1128,1,0.0
SEKOLAH TINGGI TEOLOGI REFORMED INDONESIA (STTRI) (UP. SIMEON THEOJAYA (PERPUSTAKAAN H. F. TAN)),438,3,3190000.0
SEKOLAH TINGGI TEOLOGI REFORMED INDONESIA (UP:IVAN),1384,2,3619000.0
"SEKOLAH TINGGI TEOLOGI TABGHA BATAM (BAPAK SANJAY NADEAK.,M.TH)",875,1,360000.0
"SEKOLAH TINGGI TEOLOGI TABGHA BATAM (UP. BAPAK SANJAY NADEAK.,M.TH)",821,1,360000.0
SEKOLAH TINGGI THEOLOGI NAZARENE INDONESIA (STTNI) (UP: BAKHOH JATMIKO),2779,1,168000.0
SEKRETARIAT GRIYA ANUGERAH (UP: HEBRON),2135,2,112500.0
SEKRETARIAT PERKANTAS MALUKU,419,1,52000.0
SEKRETARIAT PERKANTAS SIANTAR (UP:ROIKA),1961,2,287000.0
SELA,1146,4,247812.5
SELDA GC,2280,1,42000.0
SELENA WIDJAJA,979,1,58320.0
SELFI,1737,1,208000.0
SELFI TAMONOB,2294,1,36000.0
SELIY UBAYA,1178,5,157400.0
SELIYA AKK KAK MARISA,1476,8,197000.0
SELLA KURNIA PUTRI,1969,1,61200.0
SELLA KURNIA PUTRI.,1845,1,45600.0
SELLA MARSAULINA,1308,1,97500.0
SELLA PIONIKA,1238,1,67900.0
SELLI MARIANITA SIMATUPANG,1237,1,26255.0
SELLINA,676,2,95700.0
SELLINA TANYA,976,2,157600.0
SELLY,2079,1,75000.0
SELLY AGUSTINA,1598,3,195000.0
"SELLY AGUSTINA/TEGUH,",1847,1,19000.0
"SELLY ARIANI,",2211,1,37500.0
"SELLY,",2179,1,60000.0
SELVI,1054,1,50440.0
SELVI MANIK,912,1,27216.0
SELVI UBAYA,2666,3,481000.0
"SELVIA,",2080,1,50000.0
SELVIANI RUMAPEA,1221,3,177220.0
"SELVIANI RUMAPEA,",1041,2,131297.5
SELVIANI TANAN (SUCIN),2519,1,168000.0
SELVIANY SOLEMAN,807,1,65000.0
"SELVIANY SOLEMAN,S.TH",1055,1,56041.0
SELVINA,1877,1,53040.0
SELVINA HAREFA,1227,1,29250.0
SELVINE FP,2289,4,242900.0
SELVY MONALISA,1423,1,60795.0
SEM / KAK EKA,1688,1,62000.0
SEMEION JOHANES,603,6,323000.0
SEMI PULING,1313,1,63375.0
SEMINAR API MMA 2018 (UP: IBU CYNTHIA),2406,1,2550000.0
SEMINAR TRANSFORMING CULTURE & SOCIETY,2282,8,1460000.0
SEMPURNA SERVICE,1788,2,135000.0
"SEMUEL RANTE LILING,",1678,1,58000.0
SEMY ARAYUNEDYA INV/20230110/MPL/2967061518,720,1,553000.0
SEMY SALAKA,1681,1,35000.0
SEN SENDJAYA,100,4,5291250.0
SENAS AUDI,950,1,0.0
SENDY KUSUMAWARDHANI,2015,2,330000.0
"SENDY,",1425,1,62725.0
SENGLI EGANI SITEPU,1614,2,185400.0
SENIA,2651,1,22500.0
SENNY PELLOKILA,1681,1,35000.0
SENNY PELOKILLA,1933,1,630000.0
SENO ADHI NOEGROHO,1615,1,29680.0
SENTA LEO INV/20231018/MPL/3515921826,441,1,59475.0
"SENTRALJAM,",2116,1,65000.0
SEPNITA RUSSEL,984,1,77760.0
SEPRIANI ZEBUA,218,3,180000.0
SEPTA RIA,1221,1,24655.0
SEPTA RIA AGINA P,1539,1,30000.0
SEPTA RINA,2416,3,173000.0
"SEPTA,",1615,1,31800.0
SEPTHEEVA R RHESANDREA,1285,2,119466.0
SEPTHY,1533,1,71280.0
SEPTI,984,1,77760.0
"SEPTI,",815,1,45458.0
SEPTIAN,1183,1,90000.0
SEPTIANI DINA,1102,1,43875.0
SEPTIANISEPTIANI094 #2305098AMQMPJ5,582,1,84216.0
SEPTIANY PALILINGAN,1136,1,58200.0
SEPTIDA H SIJABAT,1183,1,58500.0
SEPTO,1611,2,147000.0
"SEPTO,",1766,1,85000.0
SEPTOHADI,1770,3,7126000.0
SEPTY SINAGA,926,1,195000.0
SERAFIM AUTUMN PUTRIFAJAR,1184,1,50700.0
SERI LIASNA SEMBIRING,1088,1,63375.0
SERIE GEA,1531,1,144000.0
SERING MONGKIRA,1535,1,71280.0
"SERLI WIDYANINGSIH,",1342,1,63375.0
SERRA LANGUJU,2088,1,31000.0
SERUNI R BARA TIKU,878,1,49660.0
SERVYA,1059,1,45500.0
SETH,1762,2,95400.0
SETH INV/20231212/MPL/3620876242,385,1,44606.0
SETIAWAN,1086,2,150850.0
SETIAWAN KARIM,1010,1,98000.0
SETIJO BUDI RAHARDJO,1043,2,97906.0
SETIJO BUDI RAHARDJO.,984,1,59680.0
SETYA RAHADI,874,1,0.0
SETYO BUDIONO,2526,1,84000.0
SETYOADI PURWANTO,1042,1,54175.0
SETYOADI PURWANTO INV/20230321/MPL/3123188864,652,1,56345.0
SETYOWATI INV/20230118/MPL/2985700520,713,1,54900.0
SEVAL,1351,1,26800.0
SEVENLY TRIANISA PURBA,1197,1,63050.0
SHADY APELES,1693,7,234900.0
SHADYAPELES,1041,2,126750.0
SHAKESTORE83 2310030PTX0EXF,457,1,66990.0
SHAN (MAHASISWA),1241,1,48500.0
SHAN BHANUAJI,1622,1,42400.0
SHANDRA C N SIDIN,1013,1,131220.0
SHANDRA ODELIA,1193,1,63375.0
SHANDY,1321,1,84920.0
SHANDY KEVIN STEFANUS,2140,1,54000.0
SHANE NATANAEL,1786,1,49880.0
SHANIA,1388,1,0.0
SHANIA SUTANTO JAYA,701,1,62205.0
SHANNON SHI,1050,1,63375.0
SHANNY PHOPY THORITA INV/20231129/MPL/3592963225,398,1,73200.0
SHANON O. SETJOADI,1285,1,44362.0
SHANS2820 230605JFXEH4RF,551,1,167475.0
SHANTY B NUGROHO INV/20230117/MPL/2981598199,715,1,109800.0
SHANYA ELIZABETH MARIE (ICHA),1234,1,28000.0
SHAO WEN,1845,2,93480.0
SHARCE / ASPI LT 2,1573,1,60000.0
SHARCE ERLINCE MALELAK,1482,1,89100.0
SHAREN,1185,1,24375.0
SHARINA CAHAYA,1742,3,133000.0
SHARON,1393,3,178525.0
SHARON (TOKOPEDIA),1321,1,67550.0
SHARON CHRISTABELLE,1510,1,40000.0
SHARON H,983,1,77600.0
SHARON ROSAMIA,2105,1,90000.0
SHARON SUMENDAP,1614,1,42400.0
SHARON TOISUTA,1283,1,44817.0
SHARON TRINITA SIHOMBING,1022,2,116790.0
SHARON.,1364,1,117000.0
SHAUT HUTABARAT .,1188,1,76500.0
SHEILA AMADEA,1063,1,45500.0
SHEILA DEWI,885,1,97000.0
SHEKINAH NAOMI INV/20240116/MPL/3683476048,351,1,91500.0
SHELA,673,1,86130.0
SHELA VIVIANI,934,1,66096.0
SHELFIE TJONG,1616,1,30600.0
SHELFIE TJONG INV/20231129/MPL/3593507211,398,1,38158.3
SHELINA,1395,2,107320.0
SHELINA XENA UTAMA,1510,1,40000.0
SHELLA TEHUSALAWANY,2605,1,48600.0
SHELLY,1982,2,188900.0
SHELLY BINTORO,1109,1,63050.0
SHELLY DA LOPEZ,1384,1,76230.0
SHELSA DENYAVASKA,1198,1,63375.0
SHELVIA WIJAYA,1321,1,67550.0
SHELVIA WIJAYA.,853,3,24300.0
SHELVY,1140,2,57300.0
SHENDY10 230602AR6FWJ6W,581,1,23925.0
SHENY,2458,4,259200.0
SHERA MAYA N,1221,1,47435.0
SHERA MAYA NUGRAHENI,1222,1,25335.0
SHERAMAYA 2310056D77X1U4,457,1,71775.0
SHERDYAN,2186,1,60000.0
SHERDYAN TIMOTHY,1695,1,68000.0
SHEREN JEANETTE,184,1,0.0
SHEREN STEFFANY,1197,1,63375.0
SHERESIA,829,1,27216.0
SHERINA,1193,1,63375.0
SHERLIANA HANA PURWANTI,1679,1,62000.0
SHERLIE KRISDAYANTI DERMAWAN,1510,1,40000.0
SHERLY (TOKO BERKAT),1259,1,28000.0
SHERLY ANDRIANI,1510,1,40000.0
"SHERLY ANDRIANI,",2242,2,276000.0
SHERLY INV/20240928/MPL/4182317937,95,1,88000.0
SHERLY IRWANTO,1221,2,50030.0
SHERLY NG,701,1,62205.0
SHERLY SARI,1409,1,59830.0
SHERLY WIDYANINGSIH,1283,1,44817.0
"SHERLY,,",1615,1,32860.0
"SHERLY,EV",296,13,1459900.0
SHERNI,983,1,77600.0
SHERYL HOESNY,1030,1,25000.0
SHIANNY,188,1,23000.0
SHIENNY BUDIMAN,864,1,71625.0
SHIENNY HANDOKO INV/20230215/MPL/3049923942,688,1,59475.0
SHIERIN VELLY,1205,1,8500.0
SHIERLYTJONG 230428BFYB7GWW,612,1,86130.0
SHIKY,1841,1,60000.0
SHILOH,2842,1,22500.0
SHILPA MONICA SINAGA,1193,1,63375.0
SHINDI PRASTIKA,1031,1,63050.0
SHINTA MARETIN JUBLINA,190,2,123000.0
"SHINTA MARETIN JUBLINA,",119,1,65000.0
SHINTA OCTAVIA,920,3,521134.4
SHINTA PRESILIA,717,2,91678.0
SHINTA SIMBOLON,984,1,78000.0
"SHINTA SIMBOLON,",762,1,31500.0
SHINTA TALO HE,1178,1,63375.0
SHINTA TIKU,984,2,160380.0
SHINTA TOKPED,983,1,77600.0
SHINTA TOPED,1227,1,59100.0
SHINTA YASMIEN GUNAWAN,1777,1,60000.0
"SHINTA,",1231,1,73125.0
SHINTA.,984,1,77760.0
"SHINTIA ((DI ATAS DOMINO PIZZA, ADA CAFE EL PASO)",903,2,136810.0
SHINTIA INV/20231029/MPL/3535748428,429,1,59475.0
SHIRLEY,984,1,77760.0
SHIRLEY DOORNIK,1460,1,25000.0
SHIRLEY IRAWAN,1510,1,40000.0
SHIZY WATUNG,217,1,25200.0
SHOPEE,1065,2,45475.0
SHOPEE INTERNATIONAL PLATFORM,766,9,724282.2
SHOPEE TANMARTAARYANI,520,1,66990.0
SHOPIAH LAURA,2263,1,54000.0
SHYNTIA SIMBOLON,1027,1,314928.0
SHYNTIAVERO 230523G0BMA39H,585,1,25839.0
SHYSADYA AGA MLG,538,3,130000.0
SIAN TJOE,1063,1,63375.0
SIANA,863,1,72000.0
SIANDO SIHOBING,1499,1,160000.0
SIANNE,983,2,122840.0
SIANNY H,1616,1,62400.0
SIANNY TANDIASSA,1676,1,90000.0
SICILIA,1109,3,241700.0
SICILIA INV/20231231/MPL/3654745612,365,1,16000.0
"SICILIA,",859,4,176558.0
SIDABUTAR,898,1,59210.0
SIDO PASARIBU,1510,3,233825.0
SIEN SIEN,984,1,466560.0
SIENNY (INV/20230601/MPL/3265375519),581,1,33320.0
SIFERA SAMPE LILING,2653,1,30000.0
SIFRA MAGDALENA INV/20231030/MPL/3536175375,429,1,59475.0
SIFRA RAISSA,2010,2,242100.0
SIGIT,2408,3,471500.0
SIGIT PURWADI,1560,1,52000.0
"SIGIT PURWADI,",980,1,96200.0
SIGIT SUDRAJAT,243,7,1083000.0
SIHAR ADITIA BENRID SILALAHI,2211,4,214750.0
SILFA(MAMAH KIM),1073,1,58500.0
SILFEN PERIKS,983,1,97000.0
SILLA,2566,1,44000.0
SILVA MAGDALENA AGUSTIN,1002,2,49300.0
SILVA SAGALA,928,1,65000.0
SILVANA YOSEPHINE,927,3,152780.0
"SILVANA YOSEPHINE,",968,5,303076.0
SILVANO YUGI ANANTA,794,3,173175.0
SILVANO YUGI ANANTA INV/20230519/MPL/3242324183,590,1,109800.0
SILVERINA,1947,2,161200.0
SILVERINA SIGALINGGING,1337,1,24375.0
SILVI,2024,3,137000.0
SILVI (STT CIPANAS),646,1,190000.0
SILVI INV/20231218/MPL/3632063331,379,1,91500.0
SILVI LIONG,2361,1,20000.0
"SILVI,",1435,1,30000.0
SILVIA BENTO,1497,1,49500.0
SILVIA HANDARTA,1383,1,74305.0
SILVIA IMMANUELA,2144,1,50000.0
SILVIA LISI,1086,2,101125.0
SILVIA LOKAJAYA,1353,1,27300.0
SILVIA OCTAVIA PARDOSI,780,2,95580.0
SILVIA SARAGIH,1616,2,105525.0
SILVIA TANUADJI,589,4,578500.0
SILVIA WIDODO,2052,12,689450.0
SILVIA WIGUNO JOHAN SETIAWAN INV/20230517/MPL/3238358357,593,1,45750.0
SILVIA WIGUNO/ JOHAN SETIAWAN,915,2,184535.0
SILVIA WIJAYA,1661,1,65000.0
"SILVIA,",2318,1,80000.0
SILVIA..,969,1,97000.0
SILVIANA SUHADI INV/20231018/MPL/3516710483,440,1,186225.0
SILVY CHRISTY SINAGA,2358,2,73000.0
SIMEON ADITYA,1874,10,432300.0
SIMON,1616,1,19697.0
SIMON BARUS,1435,2,350000.0
"SIMON BARUS,",698,1,110000.0
SIMON CHANDRA,864,5,270910.0
SIMON CHANDRA INV/20230620/MPL/3301166010,561,1,64050.0
SIMON CHANDRA INV/20230710/MPL/3338403865,540,1,96075.0
SIMON CHANDRA INV/20231023/MPL/3524218207,435,1,59475.0
SIMON CHANDRA INV/20231228/MPL/3649175237,370,1,75500.0
SIMON FERNANDO,2344,1,54000.0
SIMON N,919,1,100000.0
SIMON PANANGIAN,934,2,72900.0
SIMON PETRUS,2185,1,65000.0
SIMON PURBA,848,11,497100.0
SIMON SALASA,979,1,100000.0
SIMON.,1412,1,17820.0
SIMSON BENU INV/20230614/MPL/3290756658,562,1,64050.0
SIMSON MANONDANG SINAGA,1616,1,32500.0
SIN HAN,758,1,48000.0
SINAGA,1615,1,32860.0
SINDRA OKTARINA,1615,1,24300.0
SINDY V,1146,1,46800.0
SINGGIH KURNIAWAN,983,1,77600.0
SINODE GEREJA KRISTEN PERJANJIAN BARU (UP: BAPAK SAHAT),2337,2,3280000.0
SINODE GEREJA KRISTUS YESUS,2624,1,11040000.0
SINODE GKKA (UP:IBU XENIA),960,1,0.0
SINTA,1514,1,24750.0
SINTA INDIRA,1841,1,25000.0
"SINTA,",1293,1,88000.0
SINTA.,1221,1,32407.0
SINTIA,1615,1,29150.0
SINTIKE FRASTIKA BARUS,1539,1,71280.0
SINTIKE FRASTIKA BARUS.,1122,1,24375.0
SINUNG WIDIATMOJO,1510,1,40000.0
SIOE TJIEN,732,7,443761.0
SIOE TJIEN ANG,718,1,84216.0
"SIOE TJIEN,",984,1,77760.0
SIOLING,1699,2,95000.0
SION,983,1,77600.0
SION HADAD HALIM,1285,4,213176.0
SION HALIM,920,2,1486899.0
SION HALIM INV/20231020/MPL/3519019322,439,1,57645.0
SION MINISTRY,415,1,70200.0
SIONA EZAR,1941,1,58500.0
SIPBUYERID 2304131USKNBHU,612,1,66990.0
SIPBUYERID 230615FK9WM6VD,551,1,84216.0
SIPENI GIAWA,846,13,514800.0
SIPRIANUS TATENI,205,2,200000.0
SIR CINTA STORE,853,5,478030.02
SISCA,1664,1,45000.0
SISCA INDONESIAN CARE,1136,1,72000.0
SISCA PANJAITAN,2758,1,47500.0
SISCA PUTRIANA,1939,4,211500.0
SISCA VERONICA,2807,1,57600.0
SISCA.,1063,1,45500.0
SISIL,1134,1,24375.0
SISILIA,1965,1,61200.0
SISILIA THALIA,1318,1,0.0
SISILIA WAHYU,1351,1,170000.0
"SISILIA,",816,1,29640.0
SISKA,1668,1,64350.0
SISKA ADELIA,642,1,66990.0
SISKA INE PRATIWI,1847,2,107900.0
SISKA NATALIA,2526,1,54000.0
SISKA OCTAVIA,2311,1,22500.0
SISKA OCTAVIA / SOLA JOSHUA,2458,1,54000.0
"SISKA OCTAVIA,",1612,4,208400.0
SISKA PUTRIANA HULU,2360,1,54000.0
SISKA SUSILO,2448,1,1470000.0
SISKA TUMANAN,929,1,130000.0
SISKA WIWINDA,1074,1,24375.0
SISKA ZEGA,2485,1,67500.0
"SISKA ZEGA,",1534,2,101880.0
"SISKA,",2149,1,43900.0
"SISKA,,",1615,1,30740.0
"SISKA.,",463,1,60000.0
SISKA..,809,1,77760.0
SITA,853,4,37134.0
SITI NUR FITRIYA,905,1,63180.0
SIUSANTO HADI INV/20230817/MPL/3406552132,502,1,39035.0
SJIOEN XAVIER TALA,2046,1,65000.0
SKOLASTICA JESSICA,904,1,58320.0
SLAMAT P. SINAMBELA INV/20231021/MPL/3521671764,436,1,59475.0
SLAMET ARIFIN,1510,1,40000.0
SLAMET RAHAYU,930,1,65000.0
SLAMET SURANTO,1313,1,68250.0
SM MERCHANT,1276,1,48500.0
SMP GLORIA,2109,1,54000.0
SMP KRISTEN GLORIA 1 SURABAYA,79,2,82530.0
SNPY011OYM SHOPEE,489,1,44022.0
SOEGIANTO,1331,1,900000.0
SOEKARMINI,2414,1,966000.0
SOENDJOJO LOGIANTO,1571,1,105000.0
SOESILO SOESILO,2374,1,270000.0
SOETINA,920,1,71625.0
SOETJAHJO HIDAJAT,1784,2,7350000.0
"SOETJAHJO HIDAJAT,",415,1,80000.0
SOETJIPTO NOTONEGORO,1087,1,72750.0
SOFIA,1313,1,56550.0
SOFIA GRACE,1938,1,65000.0
SOFIA MICHAELA,1192,1,63375.0
SOFIAAGATHA21 2310055KF5U3DJ,457,1,23925.0
"SOGY VEBRICO SIHALOHO,",984,1,97200.0
SOLA,1129,2,130000.0
SOLA GRACIA IRENE,2431,1,68400.0
SOLA GRATIA VALINOV,334,1,90000.0
SOLAIMAN W.T,1571,1,105000.0
SOLEMAN,1262,1,64025.0
SOLEMAN SULLA,1505,3,135420.0
SOLOMON,2696,1,31500.0
SOMAT HUSIN,983,1,155200.0
SONDANG,1301,1,88000.0
SONDANG DAMANIK,1222,3,158270.0
SONDANG FARIDA,1614,1,31800.0
SONDANG PARULIAN,530,1,300000.0
SONDANG RAJAGUKGUK,1539,1,59400.0
SONDANG SIAGIAN,926,1,65000.0
SONDANG THEODORA,1043,1,58500.0
SONDANG [KOS PUTRI DIBELAKANG PRAKTEK DRG. ALI AKBAR ALAM],1283,1,41224.0
SONDANGSTAK707 230606N48WVRN3,551,1,62205.0
SONI ADELINA,1285,1,72245.0
SONI.,50,1,64000.0
SONIA DEVI,1188,1,63375.0
SONIA HANGTUAH,1126,1,56000.0
SONIA MARINA MARGARETHA MUNTHE,1203,1,63375.0
SONIA NATASHA,829,1,26244.0
SONLY,983,1,77600.0
SONNY,815,1,51570.0
SONNY INV/20231109/MPL/3556586835,418,1,73200.0
SONNY INV/20231128/MPL/3590088617,400,1,52687.5
SONNY ZALUCHU,1390,1,74305.0
"SONNY,",983,1,49300.0
SONTY DIANA,884,1,0.0
SONY SIHALOHO,660,1,60000.0
SONYA,885,3,164080.0
SONYA CHRISTINA,2114,1,60000.0
SONYA ROSA,1652,1,25000.0
"SONYA,",2046,1,60000.0
"SONYA,,,",1615,1,39750.0
SONYA.,1338,1,67550.0
SONYTA,770,1,70000.0
SOPHIA,1074,1,37894.0
SOPHIA CHUANG,878,1,75660.0
SOPHIA SWADITRA,1510,1,40000.0
SOPHIE,984,1,97200.0
SORAYA BLANDINA,2413,1,54000.0
SORAYA PASULU,2518,1,65000.0
SOTEMA GULO,988,1,100000.0
SOVIA DEREK,2610,1,54000.0
SOVIE. LAWRENCE,1539,1,26730.0
SPARROW LOVES BOOKS,928,1,62075.0
SPICA YONA UTOYO,1381,1,72000.0
SREFI YUNIA SUWARLAN,1699,1,100000.0
SRI AKNES SIMANJUNTAK (PSAS MEIKARTA),2577,1,45000.0
SRI HARJANTI,1074,1,175500.0
SRI JULIYANTI BR.BARUS,1814,1,60000.0
SRI REJEKI SAMOSIR,1511,2,78750.0
SRI RUMADA SRI,2186,1,60000.0
SRI SARAGIH,1285,1,20718.0
SRI SURIJANDANI SUSY,859,1,57300.0
SRI THERESIA ANGGRIANI,915,1,44226.0
SRI TURNIP,1405,1,64350.0
SRI WURYANINGSIH,1615,1,34450.0
SRI YULINA SILITONGA,2539,1,22500.0
SRIJANTINI PURNAWAN INV/20231029/MPL/3535877812,429,1,59475.0
SRIWAHYUNI INV/20231025/MPL/3527679152,434,1,59475.0
SRIWANINGSIH MENDROFA,857,4,159101.0
SRIWENDAH,1073,1,58500.0
SRIWINDARSIH63 SHOPEE,489,1,121033.0
SRIYUNI PAKIDING,1059,1,73125.0
SRI_MAHATI 230505UPD1QTXS,611,1,61050.0
SRI_MAHATI 230701TMS8W24U,522,1,43316.0
SRJOSHUA INV/20230116/MPL/2979864195,716,1,95500.0
SRY ESRY SIANTURI,1616,1,28906.0
SRY GUNA GIRSANG,1204,1,63375.0
SRY HANDAYANI ZILIWU,1510,1,40000.0
SRY RAHAYU SINAGA,1544,1,64350.0
STACIA GISELA,701,1,62205.0
STAEFANNI #230521B2TUUDPQ,582,1,62205.0
STAEFANNI 230608TWV7K5DH,551,1,62205.0
STAF MAHASISWA SURABAYA,2665,1,0.0
STAF SISWA SURABAYA,1772,1,539000.0
STANDLY WU,2182,1,54000.0
STAR ERCAHAYA HASUGIAN,149,1,110000.0
STASIA,2620,1,45000.0
STEFANI ALOUW,1063,1,45500.0
STEFANI IRENE,1213,1,20475.0
STEFANI MARIANA,1510,1,40000.0
STEFANI SHOPEE,934,1,97200.0
STEFANI TOPED,1195,2,135800.0
STEFANI.,1075,1,58200.0
STEFANI..,709,3,232000.0
STEFANIE,981,1,80000.0
STEFANIE MALOHING,2407,4,1130400.0
STEFANIE SUTRISNO,1058,1,50440.0
"STEFANIE,",1974,1,58000.0
STEFANIS A. A. SUNARTO,385,2,216000.0
STEFANNI,661,3,175080.0
STEFANNI MAMONDOL,2154,1,65000.0
STEFANUS ANUGRAHA LUKMANTO (INV/20230104/MPL/2952747251),367,3,71625.0
STEFANUS APRILIANTO KURNIAWAN,2585,1,44000.0
STEFANUS KRISTIANTO,1147,2,215000.0
STEFANUS MADHYAN,1932,1,60000.0
STEFANUS MARIO,2410,1,40000.0
STEFANUS NGONGO,1791,1,1360000.0
STEFANUS ONNI,1255,1,48750.0
STEFANUS PERANGIN ANGIN,1930,1,60000.0
STEFANUS PERANGIN-ANGIN,359,1,75000.0
STEFANUS PRANATA BUDI,1023,1,67900.0
STEFANUS RANTETONDOK,983,2,271600.0
STEFANUS RANTETONDOK (INV/20230601/MPL/3266035868),581,1,63980.0
STEFANUS RANTETONDOK INV/20230317/MPL/3115496421,656,1,105050.0
STEFANUS RANTETONDOK INV/20230603/MPL/3270567126,576,1,64015.0
STEFANUS RANTETONDOK INV/20231030/MPL/3536910212,429,1,59475.0
STEFANUS SETIAWAN,2025,28,6849500.0
STEFANUS SUHERU,1757,2,21120000.0
STEFANUS.,1360,1,108900.0
STEFANY,2805,1,46000.0
STEFANY DIAN,1161,1,73125.0
STEFANY DIAN PERMANA,1510,1,40000.0
STEFANY HUTAPEA,1616,2,30861.0
STEFANY MUTIARA,1584,1,60000.0
STEFANY YONATAN,1142,1,63375.0
STEFANYY,921,1,43350.0
STEFFANI C,1877,1,39000.0
STEFFANY HARTONO,928,3,178975.0
STEFFEN,1381,1,77000.0
STEFFEN (MHS JERMAN),954,1,20000.0
STEFFI,732,1,53460.0
STEFFY.MARCELLA,2339,1,45000.0
STEFHANI HADIYANTO,983,5,514478.2
STEFI,2165,1,25000.0
"STEFI,",795,1,63180.0
STELLA,1997,1,58000.0
STELLA ALFA OCTAVIA,1269,1,20615.0
STELLA ANGELICA,2351,1,60000.0
STELLA BEATRIX,1615,1,42400.0
STELLA DWIJAYANTI SANTOSO,829,2,134750.0
STELLA DWIJAYANTI SANTOSO INV/20230107/MPL/2958649290,723,1,64059.0
STELLA MARY ANDREANI,1384,1,74305.0
STELLA STEPHANIE,1652,1,0.0
STELLA STEPHANIE G. P.,1498,1,84150.0
STELLA UNAIR,2911,1,180000.0
STELLA VERANITA,2031,3,162900.0
"STELLA,",1506,1,58350.0
STELLACALISTA 230606NT1RP320,551,1,23925.0
STELLYA RUTH ISKANDAR,814,1,79200.0
STENLEY ROLAND,2309,1,54000.0
STENLY - PERKANTAS,1289,4,301700.0
STENLY AMBON,2107,1,15300.0
"STENLY,",1945,3,313900.0
STENNY ( IBU DAVIT ) INV/20231130/MPL/3595203288,397,1,38200.0
STEPANUS TEGUH PUTRO S,1015,3,203700.0
STEPHAN DAVID,1063,1,45500.0
STEPHANI INV/20230529/MPL/3260537526,582,1,22875.0
STEPHANI OLUA,1217,1,120000.0
STEPHANI REF,1488,1,225000.0
STEPHANIE,2331,1,50000.0
STEPHANIE ANGELINA,1042,1,66895.0
STEPHANIE CINTYA,499,1,49000.0
STEPHANIE CINTYA P,883,1,35000.0
STEPHANIE CINTYAPUTRI BINTORO,1232,1,54000.0
STEPHANIE E,1276,1,50000.0
STEPHANIE ERASTUS,1320,4,272007.0
STEPHANIE ESMERALDA,1171,1,88000.0
STEPHANIE GRACIA,1190,1,24375.0
STEPHANIE HALIM,1255,1,20475.0
STEPHANIE JONATAN,1510,1,40000.0
STEPHANIE NINDYA,2623,1,27000.0
STEPHANIE SALIM,1346,1,63375.0
STEPHANIE SANTOSO,1510,1,40000.0
STEPHANIE SETIADY,2501,2,112500.0
STEPHANIE SHOPEE,1317,1,117000.0
STEPHANIE TOPED,878,1,74490.0
STEPHANIE UWM,629,1,112500.0
STEPHANIE VANESSA,2501,1,45000.0
STEPHANIE VIR,1591,1,65000.0
STEPHANIE WIJAYA,984,1,77760.0
"STEPHANIE,",1583,1,18000.0
"STEPHANIE,,",1044,1,63375.0
"STEPHANIE,,,",979,1,77600.0
STEPHANIE.,1093,1,77600.0
"STEPHANIE.,.",1197,1,63375.0
STEPHANNIE MAAY,2000,1,60000.0
STEPHANO AMBESA,1571,1,105000.0
STEPHANUS ARDYANTO,780,3,160177.0
STEPHANUS JUNIANTO,1507,1,49500.0
STEPHANUS WUYSANG INV/20231017/MPL/3515175515,441,1,64050.0
STEPHANUS WUYSANG INV/20231017/MPL/3515175516,441,1,59475.0
STEPHANUS WUYSANG INV/20231102/MPL/3543377558,425,1,109800.0
STEPHANY,1538,1,64350.0
STEPHEN,2550,1,58500.0
STEPHEN CHRISTIANTO,829,2,127990.0
STEPHEN GEOVANI,1510,1,40000.0
STEPHEN GIOVANNI WALANGARE,2613,4,144900.0
STEPHEN HALOMOAN HUTAGAOL,2338,1,60000.0
STEPHEN INV/20231218/MPL/3631239400,380,1,91500.0
STEPHEN/YENNY,1454,1,67320.0
STEVAN,2434,2,98000.0
STEVAN HALIM,1283,3,111821.0
STEVANA ONGKO,1615,1,31800.0
"STEVANES,",1615,1,26500.0
STEVANI KILAY.,335,3,117500.0
STEVANIBENJAMIN #230503QYJP88PW,582,1,95700.0
STEVANIE AMELIA,984,1,77760.0
STEVANIE IRENE,1122,1,112500.0
STEVANNIE . ALK,350,69,2975800.0
STEVANNY CHANDRA,934,1,63180.0
STEVANUS ARIE,1615,1,45050.0
STEVANUS CAHYO SUMADI,1492,2,68500.0
STEVANUS EPAFRAS TORRYS,1254,2,154750.0
STEVANY VIONA NATALIA,1193,1,63375.0
"STEVE, BAPAK",1909,7,544800.0
STEVEN,2106,1,25000.0
STEVEN AL,1510,1,40000.0
STEVEN BANDONG,1313,1,68250.0
STEVEN DANI,983,1,97000.0
STEVEN GUNAWAN,1570,4,227725.0
STEVEN KARUNDENG,732,1,85536.0
STEVEN KURNIAWAN,1629,1,65000.0
STEVEN POBUTI,1960,4,182700.0
STEVEN PRINGGO,1510,1,40000.0
STEVEN RUMAHORBO,915,1,37825.0
STEVEN SHOPEE,912,1,61236.0
STEVEN SIAHAAN,1204,1,63375.0
STEVEN SIAHAAN INV/20230707/MPL/3331699006,544,1,59475.0
STEVEN SUPRANTIO,1051,1,126100.0
STEVEN SUPRANTIO.,815,1,46267.2
STEVEN WINDYARTO INV/20231218/MPL/3630534448,380,1,91500.0
STEVEN WU,711,1,105270.0
"STEVEN,",2074,1,75000.0
"STEVEN, WA",1217,1,60000.0
STEVEN..,1318,2,177900.0
STEVENWIN15 230701TDG83J3N,522,1,42840.0
STEVI,2422,2,54200.0
STEVI MONTJAI,1472,3,143960.0
STEVI NATALIA,1105,2,135800.0
"STEVI NATALIA,",1093,1,72750.0
STEVI TILAAR,1990,3,0.0
STEVY,1080,1,48500.0
STEVY KILAY (STAF JATIM),72,7,597500.0
STEVY TILAAR,1420,1,0.0
"STEVY,",352,3,238100.0
STEYER NOYA,2130,1,65000.0
STHEFANY,780,1,33075.0
STHEFANY INV/20231231/MPL/3654194809,365,1,75500.0
STHENLY,1895,6,794000.0
STING777 230606NSB10DEN,551,1,100485.0
STIVANDER LUMBANTORUAN,2213,1,54000.0
STT ALITHEA,1077,2,96000.0
STT AMANAT AGUNG,1510,1,40000.0
STT BANDUNG (UP: ROMY),989,3,1742900.0
STT EFATA (UP:EMA TALUPI),1974,1,440000.0
STT MAKEDONIA NGABANG,985,1,0.0
STT PROVIDENSIA,2116,1,42000.0
STT PROVIDENSIA (UP MAREKS),398,1,1000000.0
STT SAAT,751,1,70000.0
STT SAPPI UP KEZIA LAWIRA,253,6,6895200.0
STTI EFRATA (BU INDAH),1623,2,54400.0
STTII JOJGA,527,1,324800.0
STUDENT LIFE UPH MEDAN CAMPUS,968,1,1750000.0
SUAR HALAWA,661,1,93786.0
SUARDI TP(UP TUTIK),922,1,195000.0
SUARDIN LAOLI,981,1,100000.0
SUARMAN HALAWA,791,1,20000.0
SUARNI,1615,1,36040.0
SUBAGYO,1433,1,24750.0
SUBAHONO (BONO),1042,1,130000.0
SUCIPTO SUBUR,1030,1,65000.0
SUDARMAN IFOLALA,1905,1,60000.0
SUDARMO SIANTURI,2700,1,54000.0
SUDARSONO (MAHASISWA STT ALETHEIA),1518,1,288000.0
SUDARTO YUDI,2801,1,93600.0
SUDIANTO,1010,1,105000.0
SUDIN SH INV/20231230/MPL/3653067792,365,1,75500.0
"SUDONO SUGIANTO,",2119,1,58000.0
SUDUNG RINGO,799,1,63000.0
SUGI M,1232,1,58500.0
SUGIANTO,1128,1,77600.0
SUGIANTO BUWONO,815,2,75140.0
"SUGIANTO,",988,1,29250.0
SUGIARTO NYOTO,1221,1,29850.0
SUGIHARTO SANTOSO,2346,1,20000.0
"SUGIHARTO SANTOSO,",923,1,37500.0
SUGIMAN,1185,1,118200.0
SUHANDA / NIKE,872,2,24300.0
SUHANDA HARTONO SIMAREMARE,2401,3,148000.0
"SUHANDA HARTONO SIMAREMARE,",496,1,125000.0
SUHARMAN,2673,1,45000.0
SUHARTO,1510,1,40000.0
SUHARTO AGUSTINUS,928,3,170575.0
SUHERNI,878,1,49660.0
SUI SANTY,1615,1,31800.0
SUI THIE,1773,2,3484800.0
SUIDA NOVERNI SITOHANG (SEKOLAH CITRA KASIH DON BOSCO PONDOK INDAH),934,1,97200.0
SUJUD SUBRIANWARI,29,2,155000.0
SUKIANTO,15,1,360000.0
SUKMA BINTANG CAHYANI,630,1,80000.0
SUKMA SIMANGUNSONG UPN,345,1,50000.0
SUKMAWATY GINTING INV/20231026/MPL/3529205117,433,1,59475.0
SUKSESY PUTRI PIRADE,2452,1,54000.0
SULIKA YUNIARTI (UK PETRA),778,1,400000.0
SUMARNI,1626,1,135000.0
SUMARSONO,1615,2,79500.0
SUMBER TAMBA,732,1,24300.0
"SUMI, IBU",425,1,280800.0
SUN FRICECA,1472,2,400920.0
SUNAN SOLEIMAN,983,1,72750.0
SUNARDI SADELI,1205,3,203700.0
SUNARJI (TITIPAN APIN) INV/20231211/MPL/3617816086,384,1,347700.0
SUNARKO HADIPRANATA,596,2,552000.0
SUNARTO SIMANULLANG,920,2,115077.0
SUNDORO TANUWIDJAJA,282,5,2609500.0
"SUNDORO TANUWIDJAJA,",114,17,9940900.0
SUNHADI,1041,1,47531.0
"SUNHADI,",1088,3,111893.75
SUNNY LI LAROSA,1357,1,107775.0
SUPIT B,2156,2,96000.0
SUPRAYAN YAPURA,829,2,134750.0
SUPRAYAN YAPURA INV/20230110/MPL/2966912827,720,1,64050.0
SUPRIJANTONO,2017,1,31500.0
SUPRIYANTO,2287,3,1849500.0
"SUPRIYANTO,",1134,8,3247900.0
SUPRIYANTO.,1192,1,63375.0
SURAT MINDO MANURUNG,1043,1,78000.0
SURIANI MANGALLO,795,1,315900.0
SURIANI MANGALLO INV/20230223/MPL/3067220473,677,1,45750.0
SURIE LIUZ,1895,3,179200.0
SURINI,729,1,120000.0
SURTA SITORUS,2632,1,45000.0
SURYA,1367,2,130135.0
"SURYA APRIYANTI,",2073,1,48000.0
SURYA DHARMA MARBUN,929,1,52000.0
"SURYA,",1074,4,230492.0
SURYA..,1221,1,30050.0
"SURYA..,",1102,1,1042031.25
SURYADI,1045,1,63050.0
SURYADI ACE,1539,1,62000.0
SURYAMAN LUGU,1681,1,65000.0
"SURYAMAN LUGU,",815,2,147770.0
SURYAMAN LUGU.,829,1,64940.0
"SURYANI ,",1163,1,80000.0
SURYANI DJAMI,1021,1,68250.0
SURYANI SURYANI,1979,1,406000.0
"SURYANI,",1876,1,65000.0
SURYANTI,2914,1,54000.0
SURYANTO,1616,1,31200.0
"SURYANTO,,",780,1,32620.0
SURYANTO.,1073,1,43875.0
SURYATI KARO,1148,1,48750.0
SUSAN BARBARA PATRICIA SM,2415,1,40000.0
SUSAN LATUPEIRISSA,2512,1,108000.0
"SUSAN MALINO,",671,2,135500.0
SUSAN MELIALA,1222,1,29730.0
SUSAN PAKPAHAN,2668,1,58500.0
SUSAN PAKPAHAN INV/20230623/MPL/3307791733,555,1,66850.0
"SUSAN,",1109,2,129495.0
"SUSAN,,",794,1,71625.0
SUSANA,2310,1,54000.0
SUSANTI POPUTRA,1017,1,63375.0
SUSANTI TRISNA,1058,1,50440.0
SUSANTI376 230608TKAEP00E,551,1,43065.0
SUSANTRY SIHOMBING,983,1,77600.0
SUSANTY,1320,1,56550.0
"SUSANTY,",1897,1,27000.0
SUSANTY.,1049,1,64200.0
SUSI,1321,2,100475.0
SUSI M. SILALAHI,2906,1,49500.0
SUSI NURLELA,1222,1,88350.0
SUSI SINAGA,1846,2,104100.0
SUSI STAF LAMPUNG,2454,1,35000.0
SUSI YANTI SINAGA,2585,1,43000.0
SUSI YULIANTI KURNIAWAN,1147,1,53375.0
"SUSI,",1918,1,85000.0
SUSI..,833,1,75000.0
SUSIANA TAMBUNAN,996,1,63050.0
SUSILAWATI SANTOSO,1206,1,50440.0
SUSY,938,5,742480.0
SUSY HANDAYANI,1483,1,62370.0
SUSY KHOU,728,1,828750.0
SUSY.,861,1,104286.0
SUTIDJO NAKMOFA,699,1,70000.0
SUTIKNO G INV/20231120/MPL/3575894874,407,1,82350.0
SUTIKNO GOUTAMA,853,4,226887.0
SUTIKNOGO 230606P0GSVHJM,551,1,133980.0
SUTINI,1615,1,34450.0
SUTRISNO ADI CHANDRA,983,3,192845.0
SUWARNO TARYADI,1184,1,633750.0
SUWONDO,2350,1,58500.0
SUZAN POETIRAY,1903,1,65000.0
SUZANNA HILARIA HALIM,808,2,175200.0
SUZANNA SIAHAAN,429,1,65000.0
SUZANNE_H 2304253CCDT9VN,612,1,23925.0
SUZI TANZINO,1979,1,490000.0
SUZY,534,1,150000.0
SWANPOETRY 231002TVF5Q1JE,457,1,57420.0
SWARI ANGGRI SIBURIAN,1689,1,30000.0
SWATI LEE,32,1,5430000.0
SWEETJABAT73 230606NAUDP9HU,551,1,74646.0
SWIE HAN,1247,22,1310300.0
SWIE HAN.,780,1,54320.0
SYAHPERLAN WENDI S,1223,1,65000.0
SYAHSAPDA AGAPEATAMA,141,3,150000.0
SYALOMITA SENDOW,1209,1,26325.0
SYAMSU HARRY,901,11,805756.25
SYAMSU HARRY INV/20230605/MPL/3274600390,581,1,63980.0
SYANNE,1088,1,54843.75
SYANTIHADIJANT 23100555N6UV0T,457,1,28710.0
SYANTIHADIJANTO 23100554M92JW1,457,1,28710.0
SYANTIHADIJANTO 2310055533XWWA,457,1,28710.0
SYARIFATUL MUDAWAMAH,1343,1,82875.0
SYELVIE YOLANDA,1155,1,54239.0
SYEN LIE,1531,1,25000.0
SYENNY,1597,1,38000.0
SYERA FEBRIANI,1313,2,69375.0
SYLVI IRAWATI,1158,1,27300.0
SYLVI SIAGIAN,1283,1,44817.0
SYLVIA K.,1742,3,141500.0
SYLVIA KARINA,2245,1,880000.0
SYLVIA TANUADJI,70,1,56000.0
SYLVIA TELIHALA,1248,1,63301.0
"SYLVIA,",2171,2,151500.0
SYLVIANA (SMS),538,1,130000.0
"SYLVIANA,",1773,1,55000.0
SYMPHONY,1616,1,34680.0
SYNTHIA,2010,1,31500.0
SYRUS ABADI,1481,2,330000.0
T.K EFATA,1283,1,44134.0
TABHITA S,915,7,271606.0
TABITA,858,1,60578.0
"TABITA DAVINIA UTOMO,",1221,2,86400.0
TABITA GABRIELA KRISTIANA (KELUARGA TOMPAH-TOWOLIU),2569,1,44000.0
TABITA IMANUEL,1085,1,27300.0
TABITA LIDYA QUDICAL,1551,1,52000.0
TABITHA AZARIA CHRISSY,1388,1,35000.0
TABITHA CHRISTINA SIHOTANG,1913,1,60000.0
TADIUS ARIANTO EFFENDY,1395,1,62725.0
TAHAN M CAMBAH INV/20230824/MPL/3419902552,495,1,67344.0
TAHIR / WA HP 08116068594,1234,1,58200.0
TAHIR WIJAYA,1510,1,40000.0
TALENTA,1368,1,60000.0
TALENTA AMELIA,1074,2,92625.0
TALITA,1202,1,63050.0
TALITHA,2165,1,60000.0
TALITHA MESSAKH,1514,1,58000.0
"TALITHA TERTIA,",2410,1,60000.0
TALITHA WINONA,1221,1,29850.0
"TALITHA,",815,1,45458.0
TAMA INV/20230701/MPL/3321916896,550,1,68625.0
TAMARA ADRIANA,1860,1,60000.0
TAMBOK L DAVID,2172,1,45000.0
TAMMY,1283,1,81480.0
TAN AI LI,1222,1,29970.0
TAN CHRISTIN,184,1,0.0
TAN FRENDY CHANDRA,859,1,63050.0
TAN LIE SHE,678,1,48000.0
TAN MEGAWATI,1222,1,85800.0
TANDA GLORY,725,1,62205.0
TANGAN ANGIE,1720,1,366000.0
TANIA MARIA EVELYN,2890,1,27000.0
TANIA/ DINDA JO,1307,1,27720.0
TANIYA ELIZABETH,1845,1,44080.0
TANNYTANULIHARDJA 230527RMUWA0U9,585,1,74646.0
TANTI,2431,1,45000.0
TANTI SINAMO,1325,1,864000.0
TANTI YOSEFIN,2382,1,54000.0
TANTI YOSEFIN.,1845,1,49400.0
TANTIANA INDRIANI,809,1,41000.0
TANTIKAA,1377,1,24750.0
TANTO BUDY SANTOSO,1736,4,222000.0
TANTO SUGIHARTO,1689,1,0.0
TANTONO SUBAGYO,732,10,541165.0
TANTONO SUBAGYO INV/20231116/MPL/3568939825,411,1,27450.0
"TANTONO SUBAGYO,",853,4,752000.0
TANTY FENIWATI INV/20231223/MPL/3641371053,372,1,15500.0
TARA,1510,1,40000.0
TARI,1556,2,79700.0
TARI SORONG,324,1,88200.0
"TARMINA, IBU",170,1,27000.0
TARULI,1612,2,63600.0
TARULI /LANTAI 3,1283,2,212042.0
TARULI SEPTRIANI H,2519,1,50000.0
TASIA,1376,1,76230.0
TASYA,2774,1,17000.0
TASYA DEBORA SIMANJUNTAK,853,2,110516.0
TASYA MALAU,1510,1,59400.0
TASYA TAMPUBOLON_FAPET_UDAYANA,1193,1,63375.0
"TASYA,",673,1,57420.0
TASYA.,1540,1,71280.0
TATA GEA,250,2,389600.0
TATA GEA INV/20230202/MPL/3019958206,701,1,64050.0
"TATA,",1654,1,57420.0
TATA.,1066,1,57742.0
TAUFAN,1616,1,42500.0
TAUFAN TANIO,2351,1,63000.0
TB KAIROS,167,14,3150050.0
TB LILINKECIL,18,175,64131496.0
TB VISI,1336,13,868400.0
TB VISI MALANG,1187,3,137050.0
TB.ANUGERAH,233,3,252052.0
TB.MURAH BANGET(BRIAN),1845,1,44080.0
TEDDY,1678,1,100000.0
TEDDY KILA,1193,1,63375.0
TEDDY SUNJAYA,1877,1,40560.0
TEDDY WIJAYA,1094,1,60000.0
TEDDY WIRAWAN,1616,1,33150.0
"TEDDY,",824,1,49000.0
TEDDY.,1317,1,117000.0
TEDUH KRISTIANTO,920,1,70192.0
TEDY HO,1077,1,43650.0
TEEJAY DAVID,1063,1,45500.0
TEGAR ASTYA,1255,1,64350.0
TEGAR ASTYA YEHUDA (GERY),1465,1,68000.0
TEGAR PAMBUDHI WICAKSONO,944,1,73720.0
TEGAR PAMBUDHI WICAKSONO INV/20231130/MPL/3593976832,398,1,54900.0
TEGUH HARIYANTO,1106,11,407620.0
"TEGUH HARIYANTO,",824,1,66096.0
TEGUH MULYANTO,1390,1,81060.0
TELLY WANGKAY,1566,1,51939.0
TEMI INV/20230705/MPL/3329141886,545,1,71625.0
TENNY,257,1,70000.0
TENTREMINGTYAS MESSAKH,1156,1,195000.0
TEOFILUS,1320,1,56550.0
TEOPILUS TARIGAN,1409,1,64350.0
TERANG MELIALA,824,4,117956.0
TERAPUL FERNANDO PAKPAHAN,872,1,50544.0
TERRAPRIMA INV/20230613/MPL/3289648443,562,1,128100.0
"TERRY,",1602,3,140790.0
TERRYUS WIJAYA,1099,1,58200.0
TERSYA GURNING,1337,1,32500.0
TERYSAHEZ_ 230701TN7GSYCK,522,1,28560.0
TESA RENJANI,1605,1,82025.0
"TESA,",2211,1,13500.0
TESALONIKA,701,1,57420.0
TESAR GUSMAWAN,1110,1,218250.0
TESHA KRISTINA,2444,1,34200.0
TESHA WIDYANARI A R,642,1,47000.0
TESHA WIDYANARI INV/20230701/MPL/3321873448,550,1,28435.0
TESSY,1571,1,210000.0
TESSYA ARITONANG,1203,1,63375.0
TETHA TIMISELA,2758,1,54000.0
TETTY MARIA,1187,1,85360.0
TETTY SINULINGGA,1488,1,225000.0
TEVANDRA NAHA,1622,2,99800.0
TEVILA CUSTOMER,2156,1,60000.0
TEYAREL SHOPEE,640,1,26796.0
THALIA NOVITA SARI,965,1,63180.0
"THALITA ARYAS,",1877,1,43680.0
THANIA ELLY SAMANTHA,1069,1,87500.0
THASYA,1238,1,67900.0
THE CHRISTIAN AND MISSONARY ALLIANCE (UP: ERIC MAXEY),2910,1,280000.0
THE INDRA PURNOMO,1042,11,711332.5
THE PAW LIANG INV/20231018/MPL/3516393474,441,1,59475.0
THE SIAUW TJUIN,1016,1,63375.0
THEA,1427,1,26000.0
THEA.,1010,1,63180.0
THEFILA,2247,1,175500.0
THEIA SITORUS,642,1,76560.0
THEN DAVID MARTEN,1377,1,48250.0
THENY,921,1,55267.0
THEO BESIR/BPK SUTI WARTONO,1876,1,60000.0
THEO DAHOKLORY,1311,1,56000.0
THEO F RAMBA,1136,1,27300.0
THEO FILIUS MANURUNG,955,1,50544.0
THEO INDRI,780,2,99144.0
THEO SITUMORANG,1941,1,164000.0
THEODORA DYAH PARAMITHA,1968,1,60000.0
THEODORA FLORENCIA UTOMO,1750,1,29000.0
THEODORA HADIASTUTI,673,1,23925.0
THEODORA.,1285,1,23781.0
THEODORE LAMUEL,1877,1,45240.0
THEODORE WENDY,1510,1,40000.0
THEODORUS EKO K,2460,1,60000.0
THEOFANNY,1614,1,18550.0
THEOFILUS,862,1,37500.0
THEOFILUS P. GAMALIEL,1968,2,115200.0
THEOFILUS SUDARI,534,2,104000.0
THEORA,1191,1,63375.0
THEOSANDRO LOLOK,829,1,36936.0
THERESABRITANIA 2304264517P85U,612,1,0.0
THERESABRITANIA 230429BQH869JJ,612,1,52635.0
THERESELLA MERCY WIBOWO,925,5,159000.0
THERESIA ALDAMAI (ALDA),1399,1,59400.0
THERESIA ELLA,1059,2,49030.0
THERESIA ELZALIANA,1654,1,50000.0
THERESIA ELZALIANA SIMARMATA,1109,1,72750.0
THERESIA EMAGINTA,853,1,24300.0
THERESIA ENDANG MARIANA,1371,1,59400.0
THERESIA ENDANG MARIANA INV/20231216/MPL/3627410055,380,1,80520.0
THERESIA G. R. SIMANJUNTAK,1931,1,49500.0
THERESIA HUTABARAT,922,1,63050.0
THERESIA INGGRIANI H,2498,1,49500.0
THERESIA KANSIL,1010,2,127430.0
THERESIA MARGARETA PANJAITAN,1075,1,116400.0
"THERESIA MASSIE SITEPU,",2210,1,48750.0
THERESIA META,934,1,27216.0
THERESIA NATALIA BINTORO,1570,1,0.0
THERESIA NOVERISCA,1615,1,30740.0
THERESIA PARENGKUHAN,885,1,75816.0
THERESIA RIRI RUSDIANERI,2465,2,102600.0
THERESIA SEPTIANI,511,1,120000.0
THERESIA SIAHAAN,853,3,87480.0
THERESIA SIMANJUNTAK,1260,1,65000.0
THERESIA SIMARMATA,1745,1,65000.0
THERESIA SUYANTI,853,3,62075.0
THERESIA YOSEPHIN,1486,1,67320.0
"THERESIA,",2211,1,37500.0
"THERESIA,,,",1615,1,31800.0
THERESIA-BU ENDANG KUSTANTINAH,1737,1,65000.0
"THERESIAN ELZALIANA,",2102,1,60000.0
"THERESSA WIDYARTA,",2053,2,150000.0
THERESTA ENDAH,1615,1,27560.0
THERESYA LEIWAKABESSY,1148,1,54175.0
THERTISA OKTAVI ELISABETH MARBUN,1722,1,58500.0
THESALONIKA GIRSANG,1616,1,31175.0
THESSA,2584,2,96200.0
THESSA SILALAHI,1351,1,82875.0
"THESSA,",2135,1,73800.0
THESSA.,1716,2,124200.0
THESTIO OMEGA,2046,1,52200.0
THESYA ADELINA SIANTURI,1204,1,63375.0
THESYEN TEKNIK UDAYANA,1199,1,64025.0
THEUS,1367,1,48750.0
THIA,1258,5,314842.0
THIMOTHY IVAN,1388,1,0.0
THINA WAKUM,1582,1,67660.0
THINNA,967,1,3600000.0
THIO DONALD SUGIARTO,2673,1,30000.0
THIODAS HENI PAKPAHAN,1203,1,63050.0
THOBI ORA (RESELLER),1087,1,182000.0
THOMAS AGUNG PRAKASA,1274,1,63375.0
THOMAS CHANDRA,1737,3,22530000.0
THOMAS NUGROHO,2876,1,22500.0
THOMAS SETIABUDI,2527,1,45000.0
THOMAS TOMMY HANDJAR GITO,1734,1,82000.0
THOMICHI ARISHANTA,2504,1,16200.0
THOMMY KUSBIN,1085,1,79200.0
THOMPSON NGOEN INV/20230318/MPL/3117248028,653,1,68625.0
THREE IDAYANTY MANURUNG,867,1,37500.0
THRESSYE NAINUPU,911,1,98000.0
TIA,2630,1,54000.0
TIA ADELINA NABABAN,1491,1,30000.0
TIA MARTINA,2870,1,52000.0
"TIA NANDA FEBRIANA,",2010,2,100000.0
TIA NANDA FEBRIANA/IBU JONO,1611,1,25000.0
"TIA,",921,1,43933.0
TIAN,1698,1,0.0
TIAN HAREFA,1063,1,45500.0
TIAR MASNIDA SIMANUNGKALIT,1518,1,19000.0
TIARA (MEGY),1248,1,25000.0
TIARA AMALIA,1532,1,150000.0
TIARA AMALIA.,898,1,120528.0
TIARA GINTING,1052,1,53625.0
TIARA LUWITA ASSA,2156,1,54000.0
TIARA PRATIWI,2238,1,108000.0
"TIARA PUSPITA,",2105,1,50000.0
TIARA STAF PADANG,1944,1,50000.0
TIARA TULIHERE,1391,1,24750.0
TIESA A. SIBURIAN,1062,1,24375.0
TIFANI GABRIELLA,963,1,63180.0
TIFANI HUTAGALUNG (CASABLANCA EAST RESIDENCE (TOWER AB LANTAI 10 NOMOR 28)),849,1,0.0
TIFANNY CHRISTY MARENDRA,824,1,43660.0
TIFFANY,961,2,0.0
TIFFANY FEBETANIA W,1510,1,44550.0
TIFFANY ROKRIS,1380,2,76000.0
TIFFANY SETIADI PUTRI,1075,1,43650.0
TIFFANY STTRII,246,1,147000.0
TIFFANY SUBROTO,1281,1,100000.0
TIFFANY.,872,1,19440.0
TIGOR PARSAULIAN SIMANUNGKALIT,484,1,120000.0
TIGOR SIMALANGO,1088,1,40950.0
"TIKA ANDINI SITUMORANG,",2361,1,20000.0
TIKA ASTARI S ALAMAT:,2203,1,48750.0
TIKA KARLINA MARPAUNG,1695,1,65000.0
TIKA KRISTIANA,2333,1,67500.0
TIKA PURBA,2515,2,72000.0
"TIKA PURBA,",1262,1,63762.0
TIKA SAGALA,1616,1,59400.0
"TIKA SITORUS,",2323,2,147000.0
"TIKA,,",1101,1,39000.0
TIKAA,983,1,77600.0
TIKADEWI,928,1,63050.0
TIKADEWI INV/20230817/MPL/3407470136,502,1,49364.0
TILVANTI FERNALIS NTORE,927,3,164268.0
TILVANTI NTORE,855,1,42782.0
TILVANTI NTORE.,562,1,140000.0
TIM CHEREADERS,1136,1,0.0
TIMANO_88 2304155N1R6NS3,612,1,62205.0
TIMBUL MANALU,534,1,105000.0
TIMO YANNICK SARTORI,934,4,338676.0
TIMOTHY,2263,2,720000.0
TIMOTHY CHRISTIAN,1674,1,60000.0
TIMOTHY MANUEL,2507,1,162000.0
TIMOTHY S. B,1313,1,63375.0
"TIMOTHY,",853,2,0.0
TIMOTHY..,880,1,300000.0
TIMOTIUS,1959,1,70000.0
TIMOTIUS ALFA,1084,2,200000.0
"TIMOTIUS BEN SITOMPUL, S.TH",884,1,52000.0
TIMOTIUS HERMAWAN SK,573,1,100000.0
TIMOTIUS PARULIAN :,2518,1,52200.0
TIMOTIUS ROBBY HADIYANTO,1015,1,63180.0
TIMOTIUS SUHARNO,1806,5,282000.0
TIMOTIUS THEN,471,1,70000.0
TIN AUNG CHO,1065,1,63375.0
TINA MONALISA,1057,1,25200.0
TINA STAF MAKASSAR,2422,1,30000.0
TINA YOSIA,1342,1,49000.0
"TINA,",732,1,27216.0
TINA20918 2310054JJ6MVJ8,457,1,71775.0
TINAULI SIMATUPANG,2218,1,47000.0
TINGGEI TRISWENDO,1074,1,219375.0
"TINGGEI TRISWENDO,",655,2,146725.0
TINI (BANYUWANGI MOTOR),1253,1,125000.0
"TINI (BANYUWANGI MOTOR),",1181,1,180000.0
TINI HUTAGALUNG,1373,2,64000.0
"TINI HUTAGALUNG ,",481,1,15000.0
"TINI HUTAGALUNG,",1037,1,45516.0
TINI KRISTIOWATI,984,1,63180.0
TINI SETIAWAN,824,1,61960.0
TINNEKE,1191,1,63375.0
TINTIN,1597,5,1311000.0
"TINTIN,",1399,1,2240000.0
TIO,1196,1,63050.0
TIO JU LIE,1615,1,31800.0
"TIO RIAMA,",2186,1,60000.0
TIO SARI ELISABETH,2185,1,54000.0
TIO TIEN DINA F. GIRSANG,2184,3,4284000.0
TIOMA TAMBUNAN,711,1,95700.0
TIOMINAR SANTA MARIA,2501,1,54000.0
TIRSA,1510,1,40000.0
TIRZA,1088,1,63375.0
TIRZA BEMBE,2460,2,102500.0
TIRZA DARMAWAN,2646,1,54000.0
TIRZA ELISABETH,1285,2,112752.0
TIRZA NAOMI,1674,1,58000.0
TIRZA RAMBU ROKU,1210,1,50000.0
TIRZA UNTU,1098,1,37050.0
TIRZA YOLANDA,1539,1,50000.0
TISA,1891,1,100000.0
TISAA SOUMOKIL,920,3,161601.0
TISAA SOUMOKIL.,853,3,84040.0
TISSA,1958,9,700800.0
TISSA SOUMOKIL,1211,3,238000.0
"TISSA,",1448,1,50180.0
TISSE NOYA,467,1,60000.0
TITA PRASARITA,2210,1,45000.0
TITA PURBA,1371,1,24750.0
TITANIA LIVIA,1283,2,98585.0
TITI MINTARSI,1615,1,31800.0
TITIAN GEA,1199,1,60000.0
TITIEN WIDJAJA,1314,1,1440000.0
TITIN,934,1,291600.0
TITIN KABANGA,924,1,65000.0
TITO,1616,1,33800.0
TITO SURYO,1784,1,51600.0
TITUS CAHYA PRIMADIAN,732,1,116640.0
TITUS CANDRA INV/20230206/MPL/3028250299,695,1,53070.0
TITUS ITATS,987,4,127000.0
TITUS JONATHAN,1616,1,64350.0
TITUS K,1313,1,56550.0
TITUS KURNIAWAN,1283,2,103319.0
TITUS KURNIAWAN INV/20230615/MPL/3293785508,562,1,64050.0
"TITUS KURNIAWAN,",1226,1,86200.0
"TITUS KURNIAWAN.,",1057,3,448140.0
TITUS KURNIAWAN..,809,1,52488.0
TIUR,1402,2,271260.0
TIUR LUBERNA SIMANUNGKALIT (CALVIN INSTITUTE OF TECHNOLOGY ),910,1,52000.0
TIUR MAGDALENA SIHOTANG,1475,1,54450.0
TIURMA IDA PURBA (RUMAH BELAJAR BEKASI),1717,1,0.0
TIURMA POHAN,1147,1,24375.0
TIWI CHARISMA,323,1,76500.0
TIXON ITLAY,1222,1,50510.0
TJA HAN LI,2814,1,27000.0
TJIA DJIE KIAN,815,1,45458.0
TJIANDRA WIDJAJA,1661,3,985500.0
TJUNG LING LING ERNA,2674,1,180000.0
TOGARDO SIBURIAN,1283,1,59752.0
TOHAP ARITONANG,1285,1,35860.0
"TOHO DUSTIN,",2211,5,215250.0
TOKO ABADI INV/20230218/MPL/3055639871,681,1,91500.0
TOKO AREDESIGN.,1372,1,58500.0
"TOKO BINTANG TEKNIK,",2211,1,60000.0
TOKO BUKU FTH UKDW,286,1,280000.0
TOKO BUKU JOY (UP: IBU HENNY),13,61,19461000.0
TOKO BUKU SYALOM,2403,1,105000.0
TOKO KERAMIK LAMPUNG MULIA,927,1,63180.0
TOKO PLASTIK 60 INV/20230209/MPL/3037600227,691,1,59475.0
TOKO RCN CREATIVE,1285,1,60060.0
TOKO SAMBAS,1003,1,20412.0
TOKO SANS,1615,1,37100.0
TOKOTERDEKAT 2310055K17G1SY,457,1,23925.0
TOM,1189,1,63050.0
TOM JONES,2309,1,65000.0
TOM PARENGKUAN,1338,1,53075.0
TOMAS WIBOWO,1878,1,65000.0
TOMI,2525,1,48800.0
TOMI TAMBUN,915,1,32222.0
"TOMI,",1053,1,64025.0
TOMMY,1531,1,59400.0
TOMMY INDARTO,1400,7,449045.0
TOMMY INV/20231018/MPL/3516690684,440,1,59475.0
TOMMY REKZA,1615,1,34450.0
TOMMY SIMANJUNTAK,1287,2,1890000.0
TOMMY WIJAYA,829,2,174145.0
TOMMY WIJAYA EKA SETIAWAN,766,3,97125.0
TOMO,1059,19,557720.0
TOMY INV/20240104/MPL/3662287039,362,1,95500.0
TOMY PURBA,1161,1,63050.0
TOMY TAMELAN,1269,1,63375.0
TONDANG.19 230505W1KY0D6S,611,1,23925.0
TONI HIMAWAN,642,1,74646.0
TONI KRISTIONO,2612,1,54000.0
TONI ONSITE,99,2,116000.0
TONY ASMATARUNA,1285,1,30420.0
TONY CHANDRA,857,3,95177.0
"TONY CHANDRA,",1615,1,29150.0
TONY PURANA,1847,1,60800.0
TONY SIMBOLON,1969,1,61200.0
TONY WIJAYA,2473,1,76500.0
"TONY,",1134,1,64025.0
TONYCHANDRA18 230701TJ9GWP5B,522,1,35700.0
TOPED INV/20230929/MPL/3483729689,435,1,77612.5
TOPED INV/20230930/MPL/3485035533,435,1,65498.0
TOPED INV/20230930/MPL/3485178174,435,1,452491.2
TOPED INV/20231001/MPL/3485958689,435,1,25620.0
TOPED INV/20231001/MPL/3486280630,435,1,65194.0
TOPED INV/20231001/MPL/3486536174,435,1,148050.0
TOPED INV/20231001/MPL/3486669898,435,1,43943.75
TOPED INV/20231005/MPL/3494267974,435,1,65194.0
TOPED INV/20231017/MPL/3514835909,439,1,56501.0
TOTARIA PURBA,2165,1,120000.0
"TOTARIA PURBA,",2022,1,31500.0
TPS KUPANG,1715,10,3888500.0
TPS SURABAYA,61,34,5088700.0
TRACY TRINITA,1615,4,2397200.0
TRAUGOTT BOEKER,943,7,7194000.0
TREEYANIE,1752,1,68000.0
TRESIA SITORUS,1678,1,62000.0
TRESIA.PAKPAHAN 230701TH9T5MTN,522,1,76560.0
TRESIA.PAKPAHAN 231002UC6EB16F,457,1,71775.0
TRESSI IMMANUELA,2606,1,626400.0
"TRESSI IMMANUELA,",946,1,58500.0
TRI CHANDRA PAMUNGKAS,1109,2,117990.0
TRI ENDAH,824,1,46520.0
TRI IJAYANTI,1510,1,80000.0
TRI J SIANTURI,1023,1,63180.0
TRI MADI DAMANIK,1890,2,103000.0
TRI MARLINDA,1210,1,63375.0
"TRI MARLINDA POLY,",2211,1,33750.0
TRI MARTONO AGUS HALIM,1080,1,60000.0
TRI NUGRAHENI RUT,885,2,102340.5
TRI NURDIYANSO,2386,2,121500.0
TRI PAUS HASIHOLAN HUTAPEA,1350,1,50000.0
TRI ROSITA RINDA,1206,1,67900.0
TRI SARTIKA,984,1,97200.0
TRI SOYAN,1441,1,50000.0
TRI WINDARTI,928,2,94315.0
TRIADI PUTRA PALADAN,1650,1,50000.0
TRIANA ELSA,1444,1,270000.0
TRIANDA FLORENTINA HULU,2399,1,52200.0
"TRIANY MAGDALENA,",2381,1,70000.0
TRIAWAN,1437,1,0.0
TRIAWAN WICAKSONO,2270,2,259000.0
TRIAWAN WICAKSONO.,1184,1,24375.0
"TRIFENA TUNA,",2212,2,85000.0
TRIFOSA,1376,1,166320.0
TRIJAN RIANA,969,1,85360.0
TRIMARDIAH,1615,1,42400.0
TRINANDA,1047,1,25000.0
TRINITA,2078,2,3084000.0
TRINITA.,1133,1,24375.0
TRIOZEGA123 230608TEPGMW08,551,1,23800.0
TRISA PERMATA SUHADI,1221,1,59100.0
TRISHA ODELIA,1616,1,34000.0
TRISNA,1548,1,60140.0
TRISNA SILVIA SINAGA,520,1,65000.0
"TRISNA SINAGA,",2178,1,114000.0
TRISNA WATI,1987,1,58000.0
"TRISNA,",795,1,52460.0
TRISNALIA,1107,1,73725.0
TRISNAWATI,1222,1,30010.0
TRISNI,2357,1,46450.0
TRISTANTO,1510,1,40000.0
TRISYE,1636,1,25000.0
"TRIVEN HUYGENS SIMAREMARE,",2064,1,58000.0
TRIVENA,1710,1,60000.0
TRIVENA BELLA,2254,1,50000.0
TRIVENA LARENGKENG,1313,1,56550.0
TRIVENA MEILIANA KOROH,915,1,25855.0
"TRIXIE RACHEL,",2161,2,120000.0
TRIYANAH,1153,1,53350.0
TRIYOGA,2547,1,148000.0
TRIZKY PESIK,1085,1,146250.0
TROY HIENDRATNO INV/20230701/MPL/3321898493,550,1,20100.0
TSURAYA J.A,655,1,105270.0
TTESALONIKA 23042640B140Y4,612,1,62205.0
TUATY WAANG MARIANUS,1520,1,65000.0
TUEST INV/20231031/MPL/3540009084,427,1,59475.0
TUHU SANDIKO,2661,1,25000.0
TULUS CHARISMA PUTRA,1794,1,60000.0
TULUS-BERTHA SIMAMORA,1510,1,40000.0
TUMBUR HARI BOANDO,2017,1,60000.0
TUMIM OKTAVIANI,2484,1,54000.0
TURIJAN,780,1,54522.0
TUTI,984,1,77760.0
"TUTI SULASTRI SIMAMORA,",1565,1,71600.0
TUTU SUKENDRO,2662,5,535400.0
TUTUT S,1314,4,519200.0
TUTY CHOUNIE TAMPUBOLON,2219,1,30000.0
TUTY PURBA,2528,1,117000.0
TWIN HOSEA W. KRISTYANTO,780,1,55000.0
TWIN YOSHUA,791,1,39000.0
TYA,1616,1,29680.0
TYAN YESTENIA,1510,1,40000.0
TYAS / IBU ELLY,1158,1,58500.0
TYAS ANGGRENI PRASETYO,1285,3,144402.0
TYAS PAKARTISIWI,898,3,195980.0
TYYYYHHHH 23050620VEJV6V,611,1,66990.0
TZIONA,853,3,75816.0
UCHY YAP,2653,1,48000.0
UCI,1036,1,63375.0
UCI.,732,1,142884.0
UDAYANA JOHN HOWARD SIJABAT,1190,1,63375.0
UDAYANA-OKTAVIA DENI ELLA DAMANIK,1203,1,65000.0
UDAYANA-RAJA CENDANA SEDANA,1197,1,65000.0
UDAYANA-SARINATALIABATUBARA,1196,1,63375.0
UDAYANA-STEVANI ENJELIA,1204,1,65000.0
UDAYANA-TANIA NATASYA,1197,1,65000.0
UDAYANA_EVI KRISTINA SIDABUTAR,1203,1,63375.0
UDAYANA_MARANNU TANGKELA’BI,1205,1,63375.0
UDITHROSARI 230701TPD0FA4MY,522,1,30940.0
UDJU WM,1793,6,238400.0
UHIR,732,1,58320.0
UK PETRA (PELAYANAN MAHASISWA),1504,1,260000.0
ULFIAH PUTRI MARPAUNG ( PT MADUSARI NUSAPERDANA),1394,1,65000.0
ULFIANI LUCIANA,1448,1,26730.0
ULI ARTA SITOMPUL,906,1,72900.0
ULI ARUAN,1934,1,135000.0
ULI RUMONDANG / IBU DEVI NOVITA,1780,1,51600.0
ULI SSIMANGUNSONG,1988,1,176000.0
"ULI,",2073,4,200450.0
"ULI,,",896,1,48600.0
ULIANA DEMAK INV/20230125/MPL/2999649019,707,1,59475.0
ULINTAWATI GINTING,1251,1,0.0
ULLY NARWASTU,1470,1,51714.0
UMI KRISTIANI,2098,4,620200.0
UNCOK MANIGOR JOKKAS SIAHAAN,1430,1,24750.0
UNGGUL HASIBUAN,958,1,95060.0
UNI PAMUNGKAS,1024,1,63050.0
UNIVERSITAS KRISTEN PETRA FKIP D.A IBU MAGDALENA PRANATA,2164,1,5000000.0
UNIVERSITAS PELITA HARAPAN,302,1,360000.0
UNIVERSITAS PELITA HARAPAN (UP:RIMAWATY PANJAITAN),1875,1,525000.0
UNLIMITED FIRE SEMARANG,2004,2,279000.0
UNTUNG GUNAWAN,1313,1,56550.0
UNTUNG SANTOSO,631,1,72000.0
UNTUNG W,2801,1,90000.0
UNTUNG WAHYUDI,2654,2,113400.0
UNY PAMUNGKAS,1320,1,56550.0
UP. WILLY CQ. IRENE PATTIREUW,1009,1,65000.0
UP: JONATHAN HARYONO,475,2,161000.0
UPH,2912,1,80000.0
UPH COLLAGE (UP: IBU CYNTHIA),2123,1,840000.0
UPH COLLEGE UP. CONNIE RASILIM DEKAN FAK.ILMU PENDIDIKAN,2451,1,48750000.0
"UPH TEAHERS COLLEGE, UP: IBU KRISTINA/IBU YANNE",2227,2,8125000.0
UPIK ELVINA,1544,1,59400.0
URIM OKTAVIANA,2030,2,135000.0
USADA LENNO ELTHO,273,2,275000.0
USHI,934,1,36936.0
UTARI DAMAYANTI,815,1,61236.0
"UTARI,",2360,1,46450.0
VALDO MALONDA,1889,1,60000.0
"VALDO MALONDA,",687,1,13500.0
VALENCIA,1088,1,63375.0
VALENCIA AGATHAN,857,6,383215.0
VALENCIA AGATHAN..,1317,1,68250.0
VALENCIA CHRISTABEL,1821,1,50000.0
VALENCIA MERRY,1269,1,63050.0
VALENSIA,1615,1,16200.0
VALENT,1433,4,262290.0
VALENT MANDAGI,780,1,33552.0
VALENT.,1193,1,63375.0
VALENTIANA,1551,1,52000.0
VALENTINA BR GINTING,1063,1,45500.0
VALENTINA GLORIA HUTAURUK,1057,1,45500.0
VALENTINA INV/20231210/MPL/3614705006,384,1,86500.0
VALENTINARISNAWATI 230526PJ3J435Q,585,1,93786.0
VALENTINE,2156,2,194000.0
VALENTINO,2162,1,50000.0
VALENTYN,1221,1,60861.0
VALERIA,2185,1,54000.0
VALERIE CHELSEA,1045,1,107250.0
VALERINA SIEANY,2837,2,108000.0
VALESKA HARIANJA INV/20240424/MPL/3870083006,251,1,300825.0
VALET ANDRY,954,1,63180.0
VALLERINA TARIGAN,2413,3,236300.0
"VALLERINA TARIGAN,",1892,2,165000.0
VALLIAN GIOVANNI,2126,1,65000.0
VAMEL,1192,3,107250.0
VANDA AMANDA,2528,2,103500.0
VANDA GRACE,1191,3,190125.0
"VANDO,",673,2,96655.0
VANDRA,1437,1,29700.0
VANEL,2289,1,45000.0
VANESHA PRISKILLA,2290,1,43200.0
VANESSA YUSUF,1510,1,49500.0
VANI,1640,1,27000.0
VANI / WARUNG POJOK,934,1,26244.0
VANI OKTAVIA SUGIHARTO,1616,2,114157.0
VANI SORONG,324,1,65000.0
VANIA,1262,1,24625.0
VANIA CINDY CALLISTA,989,1,26325.0
VANIA CLARISA FANGGI,184,1,0.0
VANIA CLARISA FANGGI + MAIKEL ENGGELO EDEN KILLA,135,2,21000.0
VANIA CYNTHIA,766,1,63180.0
"VANIA DEANDINI,",2211,1,18750.0
VANIA EMMANUELA,1313,1,56550.0
VANIA INV/20230413/MPL/3175957317,629,1,68625.0
VANIA INV/20231219/MPL/3632669674,379,1,878400.0
VANIA NITA,1674,2,112200.0
VANIA PUTRI,1221,1,6132.0
VANIA STELLA,1924,1,60000.0
"VANIA,",701,1,23925.0
VANIA.,676,1,57420.0
VANIA/FERRY,2619,1,47000.0
VANNESSABIUT,1193,1,63375.0
VANNY IRAWATI,732,2,156600.0
VANY,1230,10,1523000.0
VANY OKTAVIA,2114,2,112500.0
"VANY,",642,1,63000.0
VARELWONG 230615EKU9D806,551,1,133980.0
VARRY KOMANSILAN INV/20231019/MPL/3518437651,439,1,59475.0
VE JOENSTAK,1913,1,55000.0
VEBYOLA ALBEN KAMASE,1164,1,63375.0
VEEZVAYLX2 2305061HEK7WB1,611,1,119625.0
VEKTOR DEWANGGA,1763,1,65000.0
VELICIA,1551,1,52000.0
VELICIA WONG,1301,1,67550.0
VELIN,1528,2,101800.0
VELLA IREANI,2151,1,27000.0
"VELLEN CAMELIA,",1960,2,125000.0
VELLYNDA TYARA C.H.M,1444,1,270000.0
VENCENT LIVANO,1615,1,36040.0
VENESIA,1768,1,275000.0
"VENESIA,",2438,1,80000.0
"VENESIA,,",808,2,108940.0
"VENI PAPILAYA,",1941,1,58500.0
VENI VICI RAYA,2136,1,147600.0
VENNO SOUMOKIL,1680,2,116500.0
VENNY,863,1,72000.0
VENNY E H SARIOWAN,780,3,144745.0
VENNY FAULINA RETUADAN,1216,1,26325.0
VENNY TAMBUNAN,853,3,63180.0
"VENNY TIURSANI,",2399,1,54000.0
VENNY WONGSO,62,3,80000.0
VENSKA SAHETAPY,1335,1,25000.0
VENTY.KASTANYA,1320,1,56550.0
VENY,2505,1,54000.0
VERA,1770,1,60000.0
"VERA ,",1903,1,65000.0
VERA LION NW 092,1059,1,130000.0
VERA MELIANA,1102,1,131625.0
VERA NAPITUPULU,2095,1,25000.0
VERA SIMAMORA,1030,1,63180.0
VERA STAF MAKASSAR,1884,19,3518200.0
VERA TIMIKA NW 092,1300,1,68250.0
VERA VEVALEMSA,984,1,63180.0
VERA WITARSA,815,2,129170.0
"VERA,",2141,1,48000.0
"VERA,.",673,1,120582.0
VERA.,1433,1,69300.0
VERA..,1221,1,58780.0
VERANINGSIH VERANINGSIH,2554,1,67500.0
VERAWATY SIMAMORA,1272,1,63300.0
"VERDA, (TOKO CROWN)",2424,1,60000.0
VERDY SONIVELLI,1510,1,40000.0
VEREN,2184,1,54000.0
VERENA,1615,1,42400.0
VERENA MASSIE,1465,1,141540.0
VERO,2732,1,18000.0
VERO UBAYA,2294,1,25000.0
"VERO,",1283,1,59752.0
VERO.B,2337,1,67500.0
VERONICA ANGKASA,1510,1,40000.0
VERONICA DWIASTUTI,2095,1,54000.0
VERONICA FIANI SETIAWAN,2289,1,63000.0
VERONICA NOVIA SHARASWATI,2099,1,50000.0
VERONICA SITUMORANG,1332,1,54600.0
"VERONICA SITUMORANG, TOMANG",1895,1,65000.0
VERONICA VERONICA,2739,1,72000.0
VERONICA..,984,1,155520.0
VERONICCA ALONA TJAN,2267,1,58500.0
VERONIKA,1545,1,71280.0
VERONIKA (MOMENTUM),36,4,167500.0
VERONIKA SHOPEE,1227,1,68630.0
VERONIKA YULIA,1247,1,88000.0
"VERONIKA,",2184,1,80000.0
VERONIKA.,317,4,169500.0
VERONIKA...,875,1,101088.0
VERONIKA....,448,1,0.0
VERRA AGNES,1021,1,135800.0
VERRA SIMANJUNTAK,1380,1,24750.0
VERREL TIMOTIUS,1429,1,74250.0
VERREN PRISCILLA,1605,3,43550.0
VERREN VISKA,1353,1,5020.0
VERRY LAIA,878,1,36660.0
VERY CRISTIAN SAMBO,1191,1,63375.0
VESIA,1143,1,27580.0
VHE,898,1,26244.0
VHIOLEN CHRISTIN SAGALA,1614,1,42400.0
VIA & VUE,2049,1,50000.0
VIA GIRSANG,1535,1,64350.0
VIA YOVITA,1939,1,1865500.0
VIA.,1132,1,39350.0
VIAN,2022,2,62500.0
"VIAN PORMES,",1846,2,95600.0
VIAN.,1037,1,46487.0
"VIANA,",1121,1,30000.0
VIANA.,1074,1,43875.0
VIANNY DHARMAWAN,1092,4,217566.0
VIARY KRISTINATALI SUHARNO,1703,1,21000.0
VIARY/VIA,1101,1,51963.0
VIC. ENY SIMBOLON,1154,1,55000.0
"VICARDO PUJI K,",2081,1,58000.0
VICARIUS ANUGRAH JAYA ZAI UDAYANA,1197,1,65000.0
VICI,2224,3,54000.0
VICKY,1260,1,64135.0
VICKY CHU,980,1,154400.0
VICKY PUTRA INV/20230123/MPL/2995185082,708,1,95500.0
VICKY VERONIKA ARUAN,1192,3,197050.0
"VICKY.,",1063,1,45500.0
VICTOR,64,7,402000.0
VICTOR SUMUA SANGA,2724,2,1176000.0
VICTOR SUMUA SANGA (SEKOLAH ATHALIA),625,1,91000.0
VICTOR SUMUA SANGA (SMA ATHALIA),251,2,159000.0
VICTORIA ANDRENITA BLESSA,1845,2,158800.0
VICTORIA ANDRENITA.,1845,1,98800.0
VICTORIA EDON,1456,1,64350.0
VICTORIA IMANUEL,866,1,41251.0
VICTORIANO ARIBALDI,1531,1,52000.0
VICTORIO LIEMMANDO,1055,1,50440.0
VIDA WINATA,2185,1,27000.0
VIDI SIE,1510,1,64350.0
VIDIA ARUM MANJANI,1614,1,31800.0
VIDYA NINDY JULISKA,2513,1,76500.0
VIEN MANGKU,1791,1,25000.0
VIENA ELVANI,1616,1,30600.0
VIENDA GABY,1615,1,34450.0
VIENTY,1313,1,56550.0
"VIERENZA,",2130,1,270000.0
VIESTABAJUSTORE 230701TNU39XR3,522,1,30940.0
VIFIN ENGELINA SAGALA,1457,2,124400.0
VIICTORYSHOP_,927,1,63180.0
VIK.GRACE KAMURI M.T,930,1,65000.0
VIKA,1002,1,58500.0
VIKA INV/20231009/MPL/3499796962,450,1,85186.0
VIKTOR WAU,1479,1,264000.0
"VILDA,,",1317,1,117000.0
VINA LIBRARY CIT,1551,1,156000.0
VINA PANE,853,1,4749.0
VINA TOKPED,983,1,232800.0
VINA VENYLIA,177,16,680877.5
VINA VENYLIA INV/20240530/MPL/3936189272,216,1,49225.0
VINA YULIYANTI,1262,1,45000.0
VINA.,569,2,75000.0
VINCENCIA DIAN HIA,1212,1,81816.0
VINCENT ANDREAS,1198,2,99700.0
VINCENT CHANDRA,1551,1,52000.0
VINCENT HARYANTO,1199,3,361190.0
VINCENT SIMANDJORANG,593,1,50000.0
VINENSIA NANLOHY,2690,1,216000.0
VINESSA GRACIA,1146,1,53625.0
VINESSA GRACIA PUTRI,2466,2,121000.0
"VINESSA GRACIA,",2255,1,60000.0
"VINIA PURBA,",1102,6,334400.0
VINKA,1637,1,82000.0
VINSA AYU,2274,1,45000.0
VINSEN ZAI,1209,1,63375.0
"VINSEN ZAI,",984,1,97200.0
VINSON CANDRA,1002,1,95060.0
VINTOKO,2697,1,489600.0
VINV/20240702/MPL/4001284668 IVANDER PURVANCE,183,1,64050.0
"VINYSANTHALIA,",2151,2,98000.0
VIO (YONO KODOK),1521,1,59400.0
VIOLA ANANDA,1197,1,87750.0
VIOLA JAZZYA,1510,1,40000.0
VIOLA PRANITA SIHALOHO,1510,1,40000.0
VIOLA PRANITA SIHALOHO (SHOPEE),640,1,62205.0
VIOLA SALINDING,1990,1,0.0
VIOLET G. O. TALO,725,1,71775.0
VIOLET GOLDA,1472,1,108900.0
VIOLET TALO,1283,3,128345.0
VIOLETTA,1321,3,180455.0
VIOLIN,438,1,65000.0
VIONA,1313,1,68250.0
VIONA MARIA ARITONANG,915,2,95256.0
VIONATHA,1658,48,4019200.0
VIONITA,824,1,46520.0
VIONNA,1036,1,292500.0
VIONNA LIE,2583,1,58500.0
VIONNA..,887,1,150000.0
VIOVEREN 23060194C8H3QM,581,1,47850.0
VIRDA OCTAVIANA,1133,1,63375.0
VIRGO,1290,1,40000.0
VIRGO TRI SEPTO ANGGORO,780,3,139690.0
VIRTA AYU,824,1,63180.0
VISARAH LEIDEN,1238,1,0.0
VISHIANTI ALVIONI AGATHA,524,1,250000.0
VISI CHRISTIAN STORE,427,4,385750.0
VISI LESTARI,2569,1,40000.0
VISI SAUJANINGATI,1021,2,95477.0
VITA,2343,1,60000.0
"VITA,",1505,1,25000.0
VITA.,655,1,124410.0
VITO CHRISTIAN SAMUDRA,2407,1,67500.0
VITORI,1462,1,89100.0
VITTO,808,1,52460.0
VIVI ANGELIA,1668,1,49500.0
VIVI FRANSISKA,1399,3,96500.0
"VIVI FRANSISKA,",860,5,344590.0
VIVI LASANDRA,1888,1,68000.0
VIVI LESTARI,2114,1,58000.0
VIVI MARIA P,2611,3,565100.0
VIVI VALERIAN,1297,1,64350.0
VIVI WIRYADINATA,1510,1,40000.0
VIVI YAURIS,1052,1,72750.0
VIVI YESICA,2610,1,54000.0
"VIVI,",818,1,400000.0
VIVI..,732,1,97200.0
VIVIAN NATHANIA INV/20231108/MPL/3554706463,419,1,19215.0
VIVIAN SADIKIN INV/20230104/MPL/2952576679,727,1,109800.0
VIVIANA CHRISTIN SITOMPUL,1569,1,54705.0
VIVIEN,1819,1,50400.0
VIVIEN LIMANTARA,2690,1,54000.0
"VIVIN ANGELINE GUNAWAN,",2169,1,25000.0
VIVIN WM,2658,1,23400.0
"VIVIN,",1448,1,56400.0
VIVINATALITA24 230418E5ST36NQ,612,1,62205.0
VIYANE YANTI,1615,1,31800.0
VJ MDC,1902,1,540000.0
VJXNVZ1G3M 230615F02YHF52,551,1,77517.0
VOLMEN HUTAHAYAN,1571,1,105000.0
VOLTAIRE TALO,2526,1,25000.0
VONNI,1509,1,225000.0
VONNI PERONICA SILABAN,780,1,20970.0
VONNIE SUTEDJO,983,1,77600.0
VONNY,983,1,77600.0
VONNY DEBORAH,427,1,70200.0
VONNY L SAUBAKI,1183,1,0.0
VONNY MANIK,944,3,348000.0
VONNY MEILIA,1736,1,58000.0
"VONNY VENISIA,",2080,2,110000.0
VONY DUMA,1511,1,64350.0
VRANKEN V.V. ERUNGAN,1383,1,106150.0
VRISCA,1272,1,27300.0
VRYSKA ANJELINE SURIYANTO,718,1,62205.0
VUNNY,2,383,27132650.0
VUNNY WIJAYA,121,1,49000.0
W1NDA25 230614C1GUDBG0,551,1,66990.0
WAB 2017 (STEVY),2648,1,84000.0
WAD ENGLAR NAILIUS,1654,1,60000.0
WAHYU,1221,1,180090.4
WAHYU ASIDO,2294,1,45000.0
WAHYU BINTORO,856,1,60000.0
WAHYU DWIJAYANTI,100,80,4674100.0
WAHYU EMY,1313,1,56550.0
WAHYU ENDAH CHRISTIANI PUTRI,2438,1,85000.0
WAHYU GARETHA,977,1,77600.0
WAHYU IRAWANTO,983,1,77600.0
WAHYU IRAWANTO INV/20231230/MPL/3652991856,365,1,75500.0
WAHYU IRAWATI,1906,1,60000.0
"WAHYU KRISTIANA,",1890,1,60000.0
WAHYU P,1608,1,70000.0
WAHYU RESPATI W,1111,3,96510.0
WAHYUDI,2080,1,54000.0
"WAHYUDI ,",1488,1,450000.0
WAHYUDI LUMAKSO,1350,2,104614.0
WAHYUNI C SINAGA,1534,1,51480.0
WAHYUNI PRATIWI ADIGOMULYA,1230,1,58200.0
WAHYURES 2306127559458Q,551,1,66990.0
WALTER,1206,1,63050.0
WALTER SITORUS,903,1,63180.0
WANDA CHRISTY SIBARANI,1021,1,50000.0
"WANDA,",41,1,40000.0
WANDY,1624,2,65000.0
WANDY TAN,1945,1,58500.0
WANETRI IMANUELA,1019,1,65000.0
"WANGS CASTLE,",2211,1,45000.0
WANGSA HENDRAJAYA,1267,1,63655.0
WARNI MARTHA,977,1,58320.0
WARSETO FREDDY SIHOMBING,1571,1,58500.0
WARUNG PAK RAWIT,984,1,77760.0
WASIKUN,988,1,100000.0
WAWA,1227,2,115450.0
WAWAN,1505,1,27000.0
WAWAN KADISANTOSO,1509,1,225000.0
WAWAN(PETRA),2696,1,31500.0
WAYNEHARD BRAYNE HIZKIA,1276,1,85800.0
"WEBI P. PRABANU, 6281334124121",2358,1,46450.0
WEGA,1510,1,40000.0
WELDRIN WAREMRA,1752,1,68000.0
WELHELMUS DENGI,2330,1,117000.0
WELL TOBING,1904,1,65000.0
WELLY,1510,5,235700.0
WELLY .,800,1,136000.0
WELLY HARTANTO,1335,1,120000.0
WELLY HARTANTO.,829,6,396166.0
WELLY NAPITUPULU INV/20230701/MPL/3321675148,550,1,39000.0
WELLY NAPITUPULU INV/20231020/MPL/3519959092,436,1,59475.0
WELLY POLLY,2120,1,264000.0
WELLY WELLIAM POLLY,1390,1,74305.0
"WELLY,",1472,4,215970.0
WELLY.,588,1,65000.0
WENACK.ID 2304132KM94GB1,612,1,62205.0
WENDI GRACE,1505,1,65000.0
WENDY,2261,1,25000.0
WENNY,1241,1,48500.0
WENNY P YUWONO,2707,1,240000.0
WENNY PUTRI,1878,1,60000.0
WENNY SAAT,937,1,60000.0
WENNY SIRAIT,1358,1,66300.0
WENNY TJAM,1616,1,41820.0
WENNY WIJAYA,1080,1,59100.0
"WENNY,",1847,1,57000.0
WESLEY METHODIST CHURCH MEDAN (AN. HENDRA BANGUN),2490,1,768000.0
WESLEY TARI,1041,1,63050.0
"WESTHYMA SIBARANI,",1615,1,45050.0
WETTY,983,1,77600.0
WHITNEY VANDENHEUVEL LICENSING DEPARTMENT COORDINATOR,204,1,0.0
WI KHAI,1058,11,648485.0
WIA WULANDARI,1783,3,96500.0
WIBISONO BUDIHARJO,1227,1,58000.0
WIBISONO SISWANTO,853,4,256608.0
"WICITRA VEVA AGUSTYA, CIVA INV/20230517/MPL/3238788257",593,1,45750.0
WIDDY WUISANG,857,1,97200.0
WIDI KRISTIAN,1283,1,88270.0
WIDIA,931,1,65000.0
WIDIANTI,1777,1,49880.0
WIDIANTO NUGROHO,815,1,74490.0
WIDIASTI PUSPITANINGSIH,1615,1,45050.0
WIDIYA,1029,1,63180.0
WIDIYA ROLANTIKA,1002,1,48600.0
WIDURI HU,987,1,384800.0
WIDYA,1187,2,123375.0
WIDYA (KAMAR NO 4),1845,1,49400.0
WIDYA AGISTA / SANTI,1285,1,75075.0
"WIDYA ESRA DAMAYANTI,",1098,1,48750.0
WIDYA MINARSIH,2410,1,108000.0
WIDYA PUSPITASARI,1798,3,933000.0
WIDYA SIWU,2207,1,45000.0
WIDYA.,1115,1,63375.0
WIDYA..,1031,1,52380.0
WIDYAN BIMA,1877,1,29640.0
WIDYAN BIMA HADI PRATAMA INV/20230806/MPL/3387671357,513,1,100650.0
WIDYAWATI,983,1,77600.0
WIE ING,979,1,63180.0
WIE WIE CHANDRA,1510,1,40000.0
"WIEDYA SRIKANDI,",2106,1,60000.0
WIJAYA,829,1,75816.0
WIJAYA INV/20230521/MPL/3244918633,590,1,77775.0
WIJAYA PUTRA,2269,1,440000.0
WIJI,1297,4,102800.0
WIJI MODES PURWANTI,920,1,43452.0
WILDA (YUME),763,2,0.0
WILDA AMELISSA LUMBAN TOBING,1545,1,64350.0
WILDA SILVANY,1245,2,250600.0
WILDA SRI JOICE,1679,2,148000.0
WILDA TRI,1399,4,44100.0
"WILDA TRI,",1202,3,0.0
WILDAN KRISTIAN MAHARDIKA,1221,2,82250.0
WILDATRI,2466,2,120500.0
WILHELMINA LADO-ERA,2451,1,58500.0
WILI NURISA,1960,6,25900000.0
WILIS,2722,1,30000.0
"WILIS PRASASTI,",1321,2,112550.0
WILLI,1020,1,17359.0
WILLIAM,2290,2,55200.0
WILLIAM ANDREAS FERNANDO SINULINGGA,1414,1,64350.0
WILLIAM ANDREI SIHOMBING,851,1,62075.0
WILLIAM ANDREW ISAAC,1542,1,50000.0
WILLIAM ARTHURIUS,2641,1,45000.0
"WILLIAM ARTHURIUS,",1724,2,102000.0
WILLIAM S,1003,1,26190.0
WILLIAM SANJAYA,1770,1,50000.0
WILLIAM SANTOSO,1555,2,119000.0
WILLIAM SINATRA (TITIP SATPAM),928,2,115425.0
WILLIAM SURYAJAYA,1488,1,225000.0
WILLIAM SURYAJAYA RIVAI,859,2,94300.0
WILLIAM TANUJAYA,1280,4,134000.0
WILLIAM TANUJAYA (INV/20230602/MPL/3269033435),581,1,63980.0
WILLIAM TANUJAYA INV/20230701/MPL/3321818802,550,1,24370.0
WILLIAM TANUJAYA INV/20230711/MPL/3340053964,535,2,201075.0
WILLIAM TANUJAYA INV/20231003/MPL/3490140928,456,1,68625.0
WILLIAM TANUJAYA INV/20231231/MPL/3654561111,365,1,75500.0
WILLIAM TANUJAYA TOPED,780,10,610730.0
WILLIAM TANUWIJAYA,983,3,448219.0
"WILLIAM WENDY ARY,",1460,1,24750.0
WILLIAM WIBOWO,1612,1,60000.0
"WILLIAM,",2402,2,125000.0
WILLIAM.,632,1,60000.0
WILLIANTO INV/20230213/MPL/3046124417,687,1,62075.0
WILLIANUS ILLU,725,1,114840.0
WILLIEM FERDINANDUS,1221,1,49350.0
WILLY,1741,3,168000.0
WILLY LAZIO,1222,1,29850.0
"WILLY LAZIO,",947,1,65000.0
WILLY MORIS NAINGGOLAN,878,1,49660.0
WILLY TAMA W,1616,1,41820.0
WILLY TIRTA LAKSANA,853,3,197192.0
"WILLY,",915,1,51030.0
WILLY.,815,2,119167.0
WILLYAM,1125,1,63050.0
WILLYAM SIREGAR,904,1,24300.0
WILLYEM WIJAYA,1510,1,40000.0
WILLYG7 230607QUCW5UT8,551,1,33495.0
"WILMA ANSANAY,",1849,2,125000.0
WILSEN,878,1,62075.0
WILSON,1244,4,515300.0
WILSON IMANUEL KOLONDAM,815,2,130960.0
WILSON JEREMIAH,2430,2,1050000.0
WILSON JEREMIAH.,8,3,2247000.0
WILSON T,1629,1,54000.0
WILSON TANDI RAPA,162,6,405500.0
"WILSON,",622,2,21000.0
WILVI FEBRIANTI,1309,2,360750.0
"WIMANJA KOMBONGAN SAMPERURA,",1773,1,25000.0
WINA MONALISA,883,1,35000.0
WINA SIMANGUNSONG,1933,1,68000.0
WINARDI,930,1,130000.0
WINARNI SULISTIO (CP : IBU NINGSIH),1178,1,216000.0
WINARSIH (WIWIN) INV/20231020/MPL/3520203523,436,1,59475.0
WINDA,2364,1,46800.0
WINDA BINTARI,1615,1,63600.0
"WINDA ELI PUSPITA,",2144,1,96000.0
WINDA FEBRIYANTI,1034,1,65000.0
WINDA KRISTIHANSARI,1065,2,163300.0
WINDA MARIA,1210,1,57350.0
WINDA SARI SIHOMBING,1614,1,34450.0
WINDA SIHASALE,1105,1,65000.0
WINDA SUTA,301,1,50000.0
"WINDA YOSEFIN,",1313,2,119925.0
WINDAH ANASTASIA,1510,1,40000.0
WINDHA,1615,2,67600.0
WINDI KOWURENG,1708,1,65000.0
WINDY,2073,1,65000.0
WINDY PATADUNGAN,2144,1,50000.0
WINDY WINOLA,683,1,62205.0
WINDY ZEND,979,1,97200.0
WINHO CAVELL,2907,1,162000.0
WINKY HOCA,1203,1,63375.0
WINNA,1216,1,59100.0
WINNER SATRIA SIHOTANG,1203,1,63375.0
WINNIE,815,1,45458.0
WINNY DHESTINA,1616,1,31000.0
WINNY IRYANTY,725,1,114840.0
WINNY TASIN,1661,1,57420.0
WIPUTRA CENDANA,1510,2,80000.0
WIRA LENA,732,1,63180.0
WIRAWAN,1341,1,73125.0
WIRIA TANDI,1546,1,69480.0
WIRIAWAN BERNADUS INV/20231201/MPL/3596046462,397,1,54900.0
WISDA,954,1,21000.0
WISNHU CHRISNUR CAHYA,2414,1,54000.0
"WISNU CHARISMA JATI,",1948,1,68000.0
WISUD YOHANA,1285,1,60060.0
WISYE,2051,2,65000.0
WISYE MUSKANANFOLA,414,1,98000.0
WIWI,1199,1,58200.0
"WIWI,",2000,1,58000.0
WIWIN,829,1,46559.0
WIWIN CORNELIA (KAMAR 1),903,1,60264.0
WIWIN DUMA SIMANULLANG,853,1,81648.0
WIWIN RUMBOIRUSI,2471,3,536700.0
WIYAR ANNERANGI,1622,1,34450.0
WONA,1045,1,63375.0
WONG LIE FANG,957,1,1820000.0
WORO AYU TAKA,930,1,0.0
WORO INDYAS TOBING,2101,2,82500.0
WULAN,944,2,67500.0
WYDIA DHARMADI,983,1,77600.0
XARA FENTY,898,1,300000.0
XARIS S,2277,2,90400.0
XARIS SIMANJUNTAK,2896,1,54000.0
"XARIS SIMANJUNTAK,",2165,1,528000.0
XENA,1736,1,64000.0
XENA.,1688,1,62000.0
YABES GIRSANG,1406,2,55740.0
"YAEL NARWASTU JATI,",2368,1,65000.0
YAFET TRI ANUGRAH KARNOMO,829,1,63180.0
YAHYA,1178,1,540000.0
YAHYA JUANDA,157,3,28000.0
YAKHIN HERMON,1616,3,120889.0
YAKOB ARFIN TYAS SASONGKO,2668,1,22500.0
YAKOBUS RUMAPEA,1615,1,36040.0
YAKOBUS STAF JOGJA,2454,1,35000.0
YAKPM ( NETTY ),2162,1,54000.0
YAKUB HENDRAWAN,1509,2,267000.0
YAKUB SAPUTRA,1510,1,40000.0
YAMEN SERDI,866,4,514000.0
YAMIN WIRANTONO,1510,1,40000.0
YAMO LAOLI,902,2,180792.0
YAN SUHENDRA,1571,1,105000.0
YANA P INV/20230405/MPL/3158445099,636,1,343125.0
YANA PUTRI .,824,5,242020.0
YANCE MANUSIWA,526,13,761800.0
YANDI ZULKARNAEN,1221,1,30010.0
YANDREVZ SILABAN,973,3,415000.0
YANEKE LORETTA LALIHATU,1059,1,90000.0
YANI MAHADUR,2499,1,65000.0
YANI PAU,2309,2,35900.0
"YANI,",2354,1,48000.0
YANIKA,1199,1,64025.0
YANIKE ANDINA AWO,530,1,300000.0
"YANOSE SYAHNI,",1598,1,25000.0
YANTHYE NEOLAKA,2876,1,54000.0
YANTI GINTING,1615,1,32860.0
YANTI PURBA,1983,1,75000.0
YANTI ROMAULI,2683,1,90000.0
YANTI SNG,716,1,0.0
YANTI VERSIA,1115,1,63375.0
YANTI YEMIMA,1367,1,50792.0
"YANTI,.",1285,1,44962.0
YANTI.,2182,2,102000.0
YANTO,1205,1,67900.0
YANTO WIJAYA,1080,1,63050.0
YANTRI ZEILA ABAST,824,1,72900.0
YANTY INV/20231208/MPL/3612629734,384,1,90725.0
YANTY YOSEPHIN,2203,1,48750.0
YANU WULANSARI,921,2,100396.0
YANUARD,1510,1,49500.0
YANUARIUS HALIM INV/20231023/MPL/3523699096,436,1,68625.0
YASINDO,2029,1,58000.0
YASMIN,1679,1,54450.0
YASOTERA,683,1,62205.0
YASSER,1360,1,42375.0
YATA ZEBUA,885,2,108870.0
YAURIDOUGLAS,763,8,516253.0
YAYA,2297,1,120000.0
YAYA.,984,1,77760.0
YAYAKSURYA21 230408K2YW4H5U,612,1,55885.0
YAYASAN GARAM BUDAYA (UP: PRISKA),2682,1,12800.0
YAYASAN IPEKA (UP. IBU DEBORA),78,1,58500000.0
YAYASAN MARIA MAGDALENA MINISTRIES,168,13,29143200.0
YAYASAN PENDIDIKAN KRISTEN GLORIA,1157,9,32534000.0
YAYASAN TABUR TUAI BALI,2274,1,6300000.0
YAYASAN TERANG WARTA ROHANI,2638,1,27000.0
YBKI (FRENNY WURLIANTY),523,1,6370000.0
YEANE ELZERA WIJAYA,1615,1,31800.0
YEASSY,1320,2,116380.0
YEDIDA,1384,1,74304.0
YEDIEL LASE,921,2,137834.0
YEDIJA,1313,1,56550.0
YEDIJABELLA 230412VWXBUB6A,612,1,124410.0
YEFANI,1177,4,179575.0
YEFTA,2583,1,60900.0
YEFTA BINTANG KURNIAWAN,2205,3,154000.0
YEFTA HARIPUTRA,1510,1,40000.0
YEHESKIAL,853,1,53072.0
YEHESKIAL.,655,1,44979.0
"YEHESKIEL,",484,1,65000.0
YEHEZKIEL,1983,1,54000.0
YEHEZKIEL GUNAWAN,2242,1,46400.0
YEHEZKIEL TAMBUNAN,1135,1,60000.0
YEHEZKIEL TAMPUBOLON,1193,1,63375.0
YEHEZKIEL VICKY,1056,1,40740.0
YEHEZKIEL.,1238,1,62905.0
YEHUDA,2311,1,34200.0
YEHUDA BUDIMAN,824,1,66096.0
"YEHUDA KRISTIYANTO PUTRA,",2030,2,97900.0
YEHUDA STEFANO,2345,1,50000.0
YEIL,2177,1,58000.0
YELIE,903,1,59210.0
"YELLI,",1951,1,58500.0
YELLOW FLESH,1320,1,68250.0
YEMIMA,1577,2,85420.0
YEMIMA D,1220,1,65000.0
YEMIMA GALIH PRADIPTA,23,23,1039500.0
YEMIMA GP,643,2,70000.0
YEMIMA HARYANTO,1367,1,0.0
YEMIMA HELENA LAURA,1616,1,30600.0
YEMIMA KRISTINA PANGGABEAN,2554,1,108000.0
YEMIMA MENTARI TIRTABUDI,878,1,114600.0
YEMIMA OKTA,1207,1,63050.0
YEMIMA RUSMAWATI KUSUMA,690,2,125793.0
YEMIMA SAHMURA V,934,1,24300.0
YEMIMA WIDI NURANI,857,2,126320.0
YEMIMA YOELA,1272,1,386587.38
YEMIMA YOELA INV/20230819/MPL/3410203254,498,1,56959.0
"YEMIMA,",1368,1,60000.0
YEMIMA.,1112,1,38000.0
YEMIMA..,1042,1,48019.0
YEMMI,2704,1,40500.0
YEN NIE,1109,3,217285.0
YEN NIE OH,2639,1,67500.0
YENDI TRIO LAKSONO INV/20230703/MPL/3325349221,546,1,100275.0
YENI FEBRIYANTI SIMBOLON,1193,1,63375.0
YENI SARTIKA MANURUNG,1616,1,30890.0
"YENI YUANITA,",1320,2,96550.0
YENN BEDA,1102,1,28000.0
YENNI,915,1,49226.0
YENNI DEBORA TAMBA,1143,1,63050.0
YENNI MARBUN/MAMAKIEL,917,1,65000.0
YENNI MARIANA,2283,1,50000.0
YENNY,948,1,85360.0
YENNY A,1176,1,27300.0
YENNY EKA,1134,1,39400.0
"YENNY EKA,",1611,3,185000.0
YENNY ESTER,984,1,77760.0
YENNY HAMDANI,1042,1,47288.0
YENNY HAMDANI INV/20231031/MPL/3538516651,428,1,59475.0
YENNY HANDAYANI D/A BAPAK SUHARNO,1569,1,52200.0
YENNY LIN,1084,1,65960.0
YENNY MEILINA,983,1,77600.0
YENNY MEILINA INV/20230416/MPL/3182263897,625,1,178425.0
YENNY MEILINA INV/20230521/MPL/3244322137,590,1,178425.0
YENNY MEILINA INV/20230524/MPL/3250713645,588,1,302075.0
YENNY SUTANTO,929,2,150000.0
"YENNY SUTANTO,",2123,1,65000.0
YENNY WIBOWO,2596,1,528000.0
"YENNY,",1435,1,30000.0
YENNYWATI,678,1,270000.0
YENY MUKTIWIJAYA,1855,7,2512200.0
YENY TANOYO,1674,1,186000.0
YEPTA ROBET,2310,3,223450.0
YERAHMEEL DWIYAWARA,1560,3,95820.0
YERAHMEEL DWIYAWARA INV/20230704/MPL/3327490617,546,1,68625.0
YERAHMEL,1119,6,254200.0
YERAHMEL TPS,1546,2,64500.0
YEREMIA,2520,2,108000.0
YEREMIA ALEXANDER,2266,1,25000.0
YEREMIA ARDI PRATAMA,1058,2,116348.0
YEREMIA ARDI PRATAMA INV/20230729/MPL/3372358540,520,1,109800.0
YEREMIA ARI,1297,7,240500.0
YEREMIA GINTING,1310,1,68250.0
YEREMIA MOELJONO,859,1,52000.0
YEREMIA RENALDY SONDAKH,728,1,32500.0
YEREMIA SANTOSA GINTING,1273,1,48750.0
YEREMIA YORDANI PUTRA,2085,1,4224000.0
"YERI,BAPAK",534,1,210000.0
YERIKHA KD,968,1,32500.0
YERIKHO DE QUELJOE,1193,1,63375.0
"YERRIMIA,",2466,1,30800.0
YERRY TAWALUJAN,1797,2,300760.0
YERTI,2121,1,27000.0
YESAYA,1510,2,56000.0
YESAYA A. WIDJAYA,815,1,90916.0
YESAYA ADI SETYA,780,1,23625.0
YESAYA SIHOMBING,1769,1,58000.0
YESAYA SIHOMBING.,979,1,58200.0
"YESAYA SUDHARNOTO WIJAYA,",2280,1,54000.0
YESAYA WIJAYA,947,3,126669.0
YESAYA YS WIJAYA,2374,1,54000.0
YESHA,1197,1,63050.0
YESHA ELLEN,984,1,77760.0
YESHIE,1037,1,63375.0
YESI D.,1313,1,56550.0
YESI TATAWI,2471,1,54000.0
YESIA HANDANI,1423,1,64350.0
YESICA VINA,1189,1,120000.0
YESIKA,1759,1,65000.0
YESIKA APRILIAN DEWI,794,1,51570.0
YESIKA DWI KRISTIANTI,2113,1,45000.0
YESIKA SARAGIH,1343,1,73125.0
"YESIKA,",1088,1,58500.0
YESISKA KRISTINA HARTANTI DAMANIK,1212,1,67900.0
YESSICA ANGGI,1622,1,30740.0
"YESSICA ANGGI,",1388,2,100000.0
YESSICA DEWI,1240,2,145000.0
YESSICA HALIM,1088,1,63050.0
YESSICA PATRICIA ASMELI,1193,1,63375.0
YESSICA VINA OGOTAN,2585,1,44000.0
YESSIE ROHAN,1731,1,80000.0
YESSY,1615,1,34450.0
YESSY CANDRAWATI,876,1,20055.0
YESSY CHRISTINA,1843,1,116000.0
YESSY CHRISTINA INV/20230913/MPL/3455099436,476,1,59475.0
"YESSY SAPUTRA,",2228,1,720000.0
YESSY.,1183,1,78000.0
YESSY..,942,1,63050.0
YESYCA CENDRAWATI,1134,1,70000.0
YETTI SIAGIAN,2242,1,48000.0
YETTY CHRISTIN SUBITO,843,8,332805.0
YEYEN MEYLINDA,927,1,68040.0
YEYEN OKTAVIANI BR BARUS,1320,2,63375.0
YEZIEL / UNIX,1258,1,65017.0
YEZIEL SUKMA DIAZ ADARE,2554,1,54000.0
YEZKI,523,1,70000.0
YHOLAND YULYANI,1594,1,68000.0
YINATIA,99,2,125000.0
YISKA LUSI,829,2,53544.0
YISKA LUSI.,994,3,75394.0
YISKA TPS,15,3,67500.0
YITRAN DAVIDSON BUMBE INV/20230614/MPL/3290835882,567,1,57645.0
YOAGA TAN,1579,1,70000.0
YOAN SAMARA,2259,1,234000.0
YOAN STEVANIE,1527,1,65000.0
YOAN.,984,1,77760.0
YOAN..,863,1,144000.0
"YODHI ANGGARA P,",2354,1,50000.0
YODI,1055,1,58500.0
YOEL BAGUS GIARTO,853,3,50544.0
YOEL KETUM TERCINTA <3,1510,1,40000.0
YOEL KRISTIANTO,1185,1,85360.0
"YOEL,",1054,1,50440.0
YOFAN SUPRIYANTO CUSTOMER,2115,1,60000.0
YOGA,1221,1,56409.0
YOGA HARDANTA,1899,2,112000.0
YOGA SENTANU,1295,1,59400.0
"YOGI BUBU,",1088,3,190735.0
YOGI LIAU,2080,1,58000.0
YOGI MICHAEL MATONDANG,2178,1,30000.0
YOGI SANTOSO,2001,6,397100.0
YOGI SAPUTRA,1135,6,341310.0
YOGI SAPUTRA VIA ANDI (KOST),1222,1,29970.0
YOGI SAPUTRA VIA PAK ANDI (PENJAGA KOST),1616,2,167075.0
YOGI SOESANTO,2158,1,63000.0
YOGI STAF MALANG,1741,1,280000.0
"YOGI,",1240,1,60000.0
YOHAN BREK,439,1,65000.0
YOHAN DERETAH,1251,1,0.0
YOHAN SAPUTRO,1336,1,25000.0
YOHAN WINATA,1285,2,152325.0
YOHANA,1674,4,210000.0
YOHANA AGUSTINA BR GINTING,2365,1,54000.0
YOHANA ANEKE,1994,1,25000.0
YOHANA ARISKA DEPT. AUDIT INV/20230306/MPL/3092227615,667,1,91500.0
YOHANA ARUM,983,1,77600.0
YOHANA DAPA LOKA,1074,1,58500.0
YOHANA DIAN KARTIKA PANGKEY,1115,1,87750.0
"YOHANA DIAN KARTIKA PANGKEY,",2225,1,60000.0
"YOHANA DWITA SIMANJUNTAK,",2158,1,60000.0
YOHANA E.T,1729,1,144000.0
YOHANA ERAWATY INV/20231025/MPL/3528259816,433,1,59475.0
YOHANA EVI,1736,2,118000.0
YOHANA FIRDA (GATHUT JOKO),1160,1,63375.0
YOHANA INTAN KD,205,1,52500.0
YOHANA MARETTA SIAGIAN,947,1,75000.0
YOHANA ROSPITA,1506,1,25000.0
YOHANA RUTH W,960,1,24300.0
YOHANA SARI,1510,1,40000.0
YOHANA SIANTURI,1668,1,0.0
YOHANA SIHOMBING,701,1,23925.0
YOHANA TANIA,1371,1,62725.0
YOHANA TUDOSAN,953,1,98000.0
YOHANA YOHANA,2094,1,58000.0
"YOHANA,",2360,1,60000.0
"YOHANA,,",1846,2,129200.0
"YOHANA,,.",1429,1,61380.0
YOHANA.,1717,1,65000.0
YOHANA..,853,4,114894.0
"YOHANA..,",1088,1,43875.0
YOHANAELSA_PS 230614BTHBV0US,551,1,23925.0
YOHANES ADRIE HARTOPO,1109,1,72750.0
YOHANES ADRIE HARTOPO INV/20231024/MPL/3525167188,435,1,59475.0
YOHANES AGUNG,1681,1,35000.0
YOHANES AGUS HARMADI,928,1,62075.0
"YOHANES ANDI KURNIAWAN,",1380,2,119840.0
YOHANES ANDY,1510,2,69680.0
YOHANES ARNOLD,1053,1,63050.0
YOHANES BASTIAN,140,1,70000.0
YOHANES BENSOHUR,1222,1,29850.0
YOHANES DEDDY ANDI MADONG,1287,1,440000.0
YOHANES EBEN EZER DAMANIK,1462,1,64350.0
YOHANES HARI PRASETYO,273,1,50000.0
YOHANES L. CH. TOMASOA,1353,1,80000.0
YOHANES MARELLA,1488,2,255740.0
YOHANES MARTINUS INV/20230116/MPL/2981318804,715,1,109800.0
YOHANES PURNOMO,1622,1,31800.0
YOHANES RAYMOND INV/20240116/MPL/3683450326,351,1,91500.0
YOHANES S W,1742,6,398700.0
YOHANES SATRIA JATINENDRA,1324,1,36245.0
YOHANES SETIAWAN,2371,1,45000.0
YOHANES TOMASOA,931,1,65000.0
YOHANES YUWONO,575,1,84000.0
YOHANES.,307,1,70000.0
YOHANESL 230608TGU50A2U,551,1,23800.0
YOHANESPRASONGKO,1222,1,30570.0
YOHANI SIANIPAR,1192,1,63050.0
YOHANNA,1982,2,114000.0
YOHANNA CHARISSA,1615,1,63600.0
YOHANNA.,1163,1,27300.0
YOHANNES LEONARD,2910,1,58500.0
YOHANNES YANG,824,1,64940.0
YOKE MANOPPO,1043,2,241312.0
"YOKE MANOPPO,",984,1,97200.0
YOKE TJAHJANTI,1002,1,95060.0
YOKHE,984,1,77760.0
YOKHEBED LIANA,794,1,62075.0
YOKI SILALAHI,1279,1,86635.0
YOLA DEBORA HALLA,1399,1,58000.0
YOLA GURNING,1255,1,20805.0
YOLA LAURENS,1192,1,20475.0
YOLAN GLORYA,1771,4,133200.0
YOLAN GLORYA CITRA,928,2,134882.0
YOLAN MOKER,958,1,21000.0
YOLAND MESAH,1465,1,64350.0
YOLANDA,915,3,157517.75
YOLANDA (INV/20230113/MPL/2974967654),716,1,109800.0
YOLANDA -,1290,1,40000.0
YOLANDA AGUSTIN,2498,1,54000.0
YOLANDA ALUMNI TPS,1405,1,42000.0
YOLANDA BRU GINTING,56,3,252000.0
YOLANDA DEWI HAPSARI,1874,3,528500.0
"YOLANDA EPONG,",2259,1,60000.0
YOLANDA LISU,2148,6,309000.0
"YOLANDA LISU,",1861,1,68000.0
YOLANDA MARDIANA HAPSARI,1752,1,58000.0
YOLANDA PARDEDE,1262,1,64020.0
YOLANDA RIZKI SINAGA,1902,1,25000.0
YOLANDA STEFANI MEGARIA,1615,1,25000.0
YOLANDA TPS,1799,9,265100.0
YOLANDA TRIANA (PERKANTAS JABAR),79,3,280000.0
"YOLANDA,",1639,1,68000.0
"YOLANDA,,",1281,1,63301.0
"YOLANDA,.",1304,2,154155.0
YOLANDA.,1512,1,24750.0
"YOLANDA.,",1268,1,50677.0
YOLANDAA,984,1,77760.0
YOLANDAWU,1615,1,31800.0
YOLLA CINTHYA KAWATU INV/20230622/MPL/3306149712,558,1,64050.0
YOLLA KAWATU,1017,5,495436.0
YON LESMANA,1959,1,68000.0
YONAS,815,2,128430.0
YONAS K,1616,1,31620.0
YONAS SURYONO,559,1,27000.0
YONATAN,1590,1,16200.0
YONATAN KURNIA,2571,1,54000.0
YONATAN S.N,1002,1,63180.0
YONATAN SUMARTO,1227,1,58500.0
YONATAN.,649,2,115000.0
YONATHAN,1421,1,24125.0
"YONATHAN KARUNIA,",2150,2,120000.0
YONATHAN PUTERA,2814,2,138000.0
YONATHAN SWILY,1075,2,95650.0
"YONATHAN,",829,1,62075.0
YONATHAN.,878,1,49660.0
YONES RAVEN,1668,1,0.0
YONGKE THIO SHIUNG,2168,2,1860000.0
YONGKI BUDIMAN,794,3,206140.0
YONGKY,878,2,97047.0
YONGKY HADIWIJAYA,2548,2,121500.0
"YONGKY,",701,1,47850.0
YONGLI,732,1,63180.0
"YONIES STEBIHANA,",2261,1,58000.0
YONIKA EVIDONTA BR SEMBIRING,1528,1,89100.0
YOPIE DWIYANTO,1285,1,32955.0
YOPPY APRIANTO,1394,1,24750.0
YOPY,878,1,49660.0
YORIKA,2631,7,508000.0
"YORIKA,",2018,4,311400.0
YORYN,1539,1,71280.0
YOSA,2689,1,22500.0
YOSA YONO SAPUTRA,1616,1,31200.0
YOSAFAT,1568,1,110000.0
YOSAFAT INV/20230701/MPL/3321875093,550,1,57300.0
YOSAFAT KRISTIANTO,1128,1,38800.0
YOSAFAT WIGUNA,907,2,237382.0
YOSE MARKUS,2569,1,324000.0
YOSE VINA HANNA,1037,2,129675.0
YOSEF,930,1,65000.0
YOSEFINE MARPAUNG,1193,1,63375.0
YOSEP B,1401,1,24125.0
YOSEP BUTAR BUTAR,1368,1,60000.0
YOSEP FERNANDO PANGGABEAN,1195,1,63050.0
YOSEP YONATHA,1109,1,48500.0
"YOSEP YONATHA,",853,1,57300.0
YOSEPCO PRASETYO,1843,2,195000.0
YOSEPH,1863,7,215500.0
YOSEPH HALEN,1308,1,68250.0
YOSEPH INV/20230305/MPL/3090578799,667,1,59475.0
YOSEPH MARLIN,1715,1,18000.0
YOSEPH RENALDI,1189,1,63375.0
YOSEPH VALENTINO SILALAHI,2346,1,39000.0
YOSEPH WITANTO INV/20230313/MPL/3107364247,660,1,68625.0
"YOSEPH,",51,1,1540000.0
YOSEPHIME OPY LIASARI,982,1,80000.0
YOSEPHINE MARIS,1551,1,52000.0
YOSEPHINE MAYNARDA,1912,1,97200.0
YOSEPHINE PUJIASMARA,1490,1,58500.0
"YOSEPHINE RANGAN,",2347,1,52000.0
YOSEPHINENATALY 230523FT38RB7J,585,1,55020.0
YOSES SETIAWAN,1080,1,43650.0
YOSEVINA.H 230410RFCQJAWV,612,1,61005.0
YOSHIKA,908,12,724494.0
YOSHUA A LINATA,931,1,65000.0
YOSHUA PASCAL,2354,1,60000.0
YOSI,1075,1,43650.0
YOSI AULIA SIAGIAN,1301,1,27020.0
YOSI FUNNY,934,1,20412.0
YOSI INV/20230913/MPL/3456018536,475,1,54900.0
"YOSI OCTAVIA,",2366,1,60000.0
"YOSI,",1056,1,40740.0
YOSIA GIRAWAN INV/20230110/MPL/2964970344,722,1,64490.0
YOSIA IDEWANI,1283,1,32786.0
YOSIA OSCAR,1544,1,60000.0
YOSIA RENALDO,1283,1,35854.0
YOSIA SAMUDERA,1591,1,70000.0
YOSIAFAT,794,1,51900.0
YOSIANUS ANTONIO,1200,2,117375.0
"YOSIANUS ANTONIO,",1353,1,80000.0
YOSIKA H,1309,7,284640.0
YOSIKA HADIWIYONO,454,3,196430.0
YOSSY GIRSANG,1129,1,40000.0
YOSSY SULISTYORINI,1063,1,45500.0
YOSSY YULIANA,984,1,77760.0
YOSSY YULIANA.,777,1,35000.0
YOSUA,1510,7,422700.0
YOSUA .,1357,1,62725.0
YOSUA ALFA GUNAWAN PUTRA,1741,1,60000.0
YOSUA ARUNG,1102,2,39225.0
YOSUA BAYU,141,1,24300.0
YOSUA BHIMA,1313,4,230250.0
YOSUA EKA TIMESA,766,2,166360.0
YOSUA EKO HALIM,1694,1,21000.0
YOSUA H,1615,1,22500.0
YOSUA HALASAN,2639,1,67500.0
YOSUA HAMONANGAN SIHOTANG,1009,1,24300.0
"YOSUA IMMANUEL S,",2288,1,40900.0
YOSUA INV/20230703/MPL/3325620377,547,1,68625.0
YOSUA INV/20240102/MPL/3658939848,364,1,75500.0
YOSUA K. KUMAR,908,1,25000.0
YOSUA LEONARDO,1080,1,59100.0
YOSUA LEONARDO INV/20230108/MPL/2960107912,723,1,68625.0
YOSUA LEONARDO LUBIS,859,3,208700.0
YOSUA LEONARDO P,1617,1,0.0
YOSUA LIDIA,944,1,69840.0
YOSUA NOVEL SINAGA,2343,1,44450.0
YOSUA PRAWIRA,1535,3,185730.0
"YOSUA PRAWIRA,",794,2,168775.0
YOSUA SIBARANI,1221,1,29530.0
YOSUA TEOFILUS,1470,1,64350.0
YOSUA UNAIR,579,1,35000.0
YOSUA WA,1154,3,155000.0
YOSUA YUHAN,2130,3,182000.0
"YOSUA,",664,1,45500.0
"YOSUA,,,",1335,1,96000.0
YOSUA.,1672,1,20000.0
"YOSUA.,",1051,1,63375.0
YOSUA...,1022,1,47600.0
YOSWA PRIYADI,815,1,45458.0
YOTAM,1968,1,61200.0
YOUFRIE RORING,1285,1,75075.0
YOULLA ANJELINA,1659,1,25000.0
YOVAN MAS AGUSTIAS,2435,1,90000.0
YOVI MERDINA CHRISTY,2568,1,44900.0
YOVIAN,934,2,677397.0
YOVITA HURA,1510,2,112000.0
YOVITA KRISTI INV/20230701/MPL/3321849736,550,1,34700.0
"YOVITA SAPUTRO,",907,3,75160.0
YOWANDA,922,1,71625.0
YOYOTHERE 23052914Q2M328,585,1,62205.0
YPK ATHALIA KILANG (PESERTA MINI COURSE PEMURIDAN),342,1,600000.0
YPKR BUAH HATI,1161,1,2268000.0
YRANTUNG SHOPEE,640,1,76560.0
YU UN OPPUSUNGGU,593,1,0.0
YUAN,1512,1,138600.0
YUAN (ABIR),1384,1,118800.0
YUANA YUSUNDARI,1286,1,24375.0
"YUANDA AGUSTINA (PG4),",1904,1,65000.0
YUANITA GUSTANTI,1071,1,43875.0
YUANITA OLANG,1734,1,21000.0
YUBI ABDIEL CHARISMATA,520,1,75000.0
YUDA JEREMIA HAHOLONGAN,2203,2,110250.0
YUDA VRIAN,1063,1,45500.0
YUDHA PRASETIYANTO,1689,1,80000.0
"YUDHA,",2513,1,65000.0
YUDHA/ IBU SULIS,918,1,61236.0
YUDHI SAIMAN,1553,2,120000.0
YUDHISTIGA PUTRA INV/20230805/MPL/3386117717,513,1,124150.0
YUDI,1692,1,50400.0
YUDI / NATHANIA,1633,1,68000.0
YUDI KURNIAWAN,966,3,237550.0
"YUDI KURNIAWAN,",878,2,112710.0
YUDI PRATHAMANA,2143,1,60000.0
YUDI SR,1088,1,43875.0
YUDI YONATAN,1496,2,96150.0
"YUDI,",560,1,70000.0
YUDIKA WAU,440,1,130000.0
"YUDIST LATUBAYESIAN,",1888,1,65000.0
YUDITH ROSARI,930,1,65000.0
"YUDITH,",1185,1,116400.0
YUDITHA EUNIKE,829,2,88180.0
YUDY B. WARDOJO,1571,1,315000.0
YUDY SUSHANTO,611,3,131500.0
YUFITA98 #23050866CC5AQ9,582,1,62205.0
YUGA PAMAHAYU WIDHI,519,1,0.0
YUGIMAS,2856,1,0.0
YUJIN,1063,1,45500.0
YUKE PAMELASARI,2463,1,54000.0
YUKE SUGI,1241,1,194000.0
YUKHE,2284,1,50000.0
YUKI,2176,5,3642600.0
YUKI DELI AZZOLLA MALAU,1614,1,32860.0
YULA,1471,2,139700.0
YULAND NDUN,1282,1,56225.0
YULANDA,43,5,397000.0
YULFIN MIRA,1134,1,63375.0
YULI ANA,928,1,63050.0
YULI ANA INV/20230416/MPL/3182911852,625,1,82880.0
YULI ARIFIANI,986,1,100000.0
YULI PERKANTAS TORAJA,2227,1,49000.0
YULI RESTANTI/NADJA,1087,1,24375.0
YULI STAF KENDARI,1962,1,30000.0
YULI.,1742,1,60000.0
YULIA,2399,1,52000.0
YULIA -JYP,2493,1,30000.0
YULIA / (TITANIUM),800,1,28000.0
YULIA ANGGRAENI,1088,1,54843.75
YULIA ANGGRAENI INV/20230112/MPL/2971559964,720,1,109800.0
YULIA AVENTA ANUGERAHANI,2462,1,45000.0
YULIA CAHYANINGTYAS,1616,3,149680.0
YULIA GUNAWAN,1283,4,232138.0
YULIA KOBAK (IKE).,1254,1,25200.0
YULIA SAFITRI,930,1,325000.0
YULIA SANTIKA EFFENDI,853,3,75816.0
YULIA SETIA,2438,2,222000.0
YULIA.,1206,1,67900.0
YULIA..,1377,1,28000.0
YULIA/YAYA,562,2,196000.0
YULIANA,2826,3,63000.0
YULIANA ALUMNI,1336,1,25000.0
YULIANA CANDRA,1198,1,151200.0
YULIANA CHRISNA SILITONGA,1285,1,82768.0
YULIANA ERI S,1285,1,42035.0
YULIANA MARBUN,907,1,26244.0
YULIANA TIMOTIUS,1129,1,39320.0
"YULIANA TJANDRA,",1903,1,65000.0
YULIANA YULIANA,1571,1,105000.0
"YULIANA,",1510,1,40000.0
YULIANA..,934,1,60000.0
YULIANI,921,3,113654.0
YULIANI IRMA NIALIN,1616,1,30600.0
YULIANTA,924,2,158830.0
YULIANTI,1903,1,32500.0
YULIANTI NATAYA,1678,1,30000.0
YULIANTI NATAYA RAME KANA,2646,4,106500.0
YULIANTI OEMATAN,159,4,332200.0
YULIANTI YOLANDA,2186,1,60000.0
YULIANTI YULIANTI,1221,1,57957.0
"YULIANTI,",898,2,182005.0
YULIANUS,2666,1,40500.0
YULIANUS GAYAR,205,1,55000.0
"YULIANUS,",921,3,156750.0
YULIANY GOEIJ,2473,1,52200.0
YULIATI,1276,1,63496.0
YULIE,984,1,77760.0
YULINUS GULO,902,1,62000.0
YULISARI,934,1,57820.0
YULISARI_123 230701TB8KFBKA,522,1,47068.0
YULISARI_123 231002TMFJYMYS,457,1,71775.0
YULITA,1146,1,56080.0
YULITA CHRISTELA,2284,2,132000.0
YULITA STAF SAMARINDA,2454,1,35000.0
YULITHA,1604,1,52500.0
YULITHA RUMENGAN,1210,3,200420.0
YULITHA SAMARINDA,71,2,274400.0
YULIUS EBENHAEZER DAPAZESI,1787,4,135500.0
YULIUS FLODA,2493,1,52000.0
YULIUS IRWANANDA,711,1,25839.0
YULIUS.,853,3,63050.0
YULY SIMAMORA,2343,1,58000.0
"YULY SIMAMORA,",2312,1,60000.0
YUMI,526,31,4226400.0
YUMI AGRA INV/20230919/MPL/3466212323,469,1,54266.25
YUNENARAHA,1545,1,64350.0
YUNI,224,3,186200.0
YUNI (PT BHINNEKA CIPTA LESTARI),1078,1,48000.0
YUNI BUTARBUTAR,1430,1,64350.0
YUNI DITA MEILANI,1285,1,33715.0
YUNI LESTARI BUTARBUTAR,864,1,41066.0
YUNI MARSELLA,1148,2,204750.0
YUNI PANJAITAN,1539,3,244935.0
YUNI PURBA,2479,1,54000.0
YUNI RACHMAWATI,1203,1,63050.0
YUNI RAHMAYANI,948,1,24300.0
"YUNI,",725,1,84216.0
YUNI.,984,1,77760.0
YUNIAR YEHESKIAL,1534,2,83000.0
YUNIARTI LOGINSI,1274,1,32500.0
YUNIARTY KARTIKA SARI INV/20230313/MPL/3107605917,660,1,22875.0
"YUNIARTY KARTIKA SARI,",1689,3,97500.0
YUNIATI SETIAWAN,1058,1,50440.0
YUNICA FITRIANI,1072,17,928700.0
YUNICHA,1313,1,68250.0
YUNICHA ELISABETH S,1615,1,31800.0
YUNIE SUTANTO,100,7,206500.0
YUNION TOMAS,1192,1,63375.0
YUNITA,1672,8,600000.0
YUNITA EVELYN/KELINCI BAU,2445,1,22000.0
YUNITA HALIM,983,1,77600.0
YUNITA INV/20230819/MPL/3409805771,498,1,75762.0
YUNITA INV/20231018/MPL/3516289435,441,1,59475.0
YUNITA K.M WOLO,1820,1,75000.0
"YUNITA KRISTINA,",2212,1,45000.0
YUNITA PUSPITASARI,1255,1,48600.0
YUNITA VIVILIA NENO (UPTD PUSKESMAS PACAR),1192,1,60000.0
YUNIWATI,984,1,77760.0
YUNUS,1616,1,31534.0
YUNUS HAREFA,853,4,99294.0
YUNUS HARTONO,851,1,55390.0
YURI AGATHA,1248,1,24462.0
YURIKLESIA APRELA PENYAMI INV/20230220/MPL/3057945212,681,1,64050.0
YUSAK LUDONG,1615,1,30740.0
YUSAK NOVANTO,1619,1,18000.0
"YUSAK NOVANTO,",1332,1,27000.0
YUSAK SANTOSO,1510,1,40000.0
YUSAK TAMTAMA,1571,1,105000.0
YUSAK TAMTAMA WAGIYONO,926,1,150000.0
"YUSAK WIBISONO SURYA,",2290,1,60000.0
YUSELIN TAOPAN,1722,1,80000.0
YUSHI,1437,2,107070.0
YUSNIAR,690,1,25839.0
YUSNITA SINAGA,690,2,107815.0
YUSNIZAR VERONICA DAMANIK,934,2,48675.0
YUSRI SILAMBI,1615,1,36040.0
YUSRI SILAMBI.,655,1,62205.0
YUSTIKA RAJAGUKGUK,1101,1,55000.0
YUSTIN,2805,1,17000.0
YUSTIN YESSICA,1222,1,30050.0
YUSTINA BULU,1226,1,0.0
YUSTINA STAF KENDARI,2454,1,30000.0
YUSTINA. YUHANI,2095,2,85500.0
YUSUF DESWANTO,259,14,893130.0
YUSUF EDWIN,1543,1,64350.0
YUSUF EDWIN SYALOM,939,1,88000.0
YUSUF KURNIAWAN EFENDI,1541,1,57915.0
YUSUF SUPRIATNA/MIKHA/MOSES,915,1,44226.0
YUSUF TUNU,2091,1,27000.0
YUSUF YUDITA,794,1,68570.0
YUSUP,877,5,2385000.0
YUSUP TJANDRA RAYON INV/20230615/MPL/3293688174,562,1,64050.0
YUYUN,924,1,100000.0
ZEFA ADIK KTB KAK DIAZ,764,1,45000.0
ZEFANYA ALBRENA S.,2203,2,53750.0
ZEFANYA CHRISTIADY NUGROHO,928,1,62075.0
ZEFANYA HARTAWAN,1269,1,21355.0
ZEFANYA HARTAWAN1,857,3,128180.0
ZEFANYA MARY,1658,1,114000.0
ZEFANYA PRIVILA,1197,1,63375.0
ZEFANYA SHR,1193,1,63375.0
ZEFRI,1368,1,60000.0
"ZEILA MUTIARA,",2109,1,60000.0
ZELINA O,1101,1,63050.0
ZENIA,1878,1,50700.0
ZENIA ESTELLA,766,3,166540.0
ZEVANYA,2175,1,25000.0
ZHILBY,1209,1,64095.0
ZIPORA AGUSTINA,1387,1,89100.0
ZONDERVAN PUBLISHING,2540,1,0.0
"ZULIS ( DION, 081355373474)",853,3,37908.0
ZV0DW5NI8J 230608TF91T1Y9,551,1,23800.0
_IDINNN_ 2305303TVM83QM,585,2,0.0
